player_id,season,week,position,player_display_name,team,candidate,prediction,prediction_floor,prediction_ceiling,actual
00-0023459,2025,1,QB,Aaron Rodgers,PIT,rf,15.042,5.135,24.66,25.659999999999997
00-0026158,2025,1,QB,Joe Flacco,CLE,rf,13.922,4.015,23.54,12.2
00-0026498,2025,1,QB,Matthew Stafford,LA,rf,11.326,1.42,20.944,13.600000000000001
00-0029263,2025,1,QB,Russell Wilson,NYG,rf,16.157,6.25,25.775,11.120000000000001
00-0030565,2025,1,QB,Geno Smith,LV,rf,14.006,4.099,23.624,17.48
00-0033077,2025,1,QB,Dak Prescott,DAL,rf,14.129,4.222,23.747,7.82
00-0033106,2025,1,QB,Jared Goff,DET,rf,16.527,6.621,26.145,10.9
00-0033873,2025,1,QB,Patrick Mahomes,KC,rf,16.563,6.657,26.182,26.02
00-0034796,2025,1,QB,Lamar Jackson,BAL,rf,22.203,12.297,31.821,29.36
00-0034855,2025,1,QB,Baker Mayfield,TB,rf,19.621,9.715,29.239,22.58
00-0034857,2025,1,QB,Josh Allen,BUF,rf,20.423,10.517,30.042,38.76
00-0034869,2025,1,QB,Sam Darnold,SEA,rf,16.648,6.742,26.266,5.4
00-0035228,2025,1,QB,Kyler Murray,ARI,rf,18.325,8.419,27.943,18.32
00-0035710,2025,1,QB,Daniel Jones,IND,rf,16.481,6.575,26.099,29.48
00-0036212,2025,1,QB,Tua Tagovailoa,MIA,rf,16.769,6.863,26.388,5.260000000000001
00-0036264,2025,1,QB,Jordan Love,GB,rf,11.189,1.282,20.807,15.92
00-0036355,2025,1,QB,Justin Herbert,LAC,rf,17.457,7.551,27.076,27.919999999999998
00-0036389,2025,1,QB,Jalen Hurts,PHI,rf,16.917,7.011,26.536,24.28
00-0036442,2025,1,QB,Joe Burrow,CIN,rf,16.153,6.247,25.772,8.82
00-0036945,2025,1,QB,Justin Fields,NYJ,rf,7.984,0.0,17.603,29.520000000000003
00-0036971,2025,1,QB,Trevor Lawrence,JAX,rf,11.847,1.941,21.466,10.32
00-0037013,2025,1,QB,Zach Wilson,MIA,rf,10.155,0.249,19.773,1.58
00-0037834,2025,1,QB,Brock Purdy,SF,rf,15.394,5.488,25.012,16.779999999999998
00-0039150,2025,1,QB,Bryce Young,CAR,rf,20.027,10.121,29.645,8.16
00-0039163,2025,1,QB,C.J. Stroud,HOU,rf,11.887,1.981,21.506,8.72
00-0039376,2025,1,QB,Spencer Rattler,NO,rf,13.341,3.435,22.959,11.46
00-0039732,2025,1,QB,Bo Nix,DEN,rf,18.071,8.165,27.689,6.84
00-0039851,2025,1,QB,Drake Maye,NE,rf,10.439,0.533,20.057,15.780000000000001
00-0039910,2025,1,QB,Jayden Daniels,WAS,rf,21.734,11.828,31.353,20.12
00-0039917,2025,1,QB,Michael Penix Jr.,ATL,rf,12.134,2.227,21.752,24.02
00-0039918,2025,1,QB,Caleb Williams,CHI,rf,16.285,6.379,25.903,24.200000000000003
00-0023459,2025,2,QB,Aaron Rodgers,PIT,rf,19.084,9.178,28.703,10.420000000000002
00-0026158,2025,2,QB,Joe Flacco,CLE,rf,13.368,3.462,22.986,8.760000000000002
00-0026498,2025,2,QB,Matthew Stafford,LA,rf,14.151,4.244,23.769,17.32
00-0028118,2025,2,QB,Tyrod Taylor,NYJ,rf,9.766,0.0,19.385,8.34
00-0029263,2025,2,QB,Russell Wilson,NYG,rf,15.547,5.641,25.166,30.3
00-0030565,2025,2,QB,Geno Smith,LV,rf,15.316,5.41,24.935,3.2
00-0033077,2025,2,QB,Dak Prescott,DAL,rf,12.169,2.262,21.787,22.139999999999997
00-0033106,2025,2,QB,Jared Goff,DET,rf,16.932,7.026,26.55,33.96
00-0033119,2025,2,QB,Jacoby Brissett,ARI,rf,4.822,0.0,14.44,0.2
00-0033662,2025,2,QB,Cooper Rush,BAL,rf,13.682,3.776,23.301,-0.4
00-0033869,2025,2,QB,Mitchell Trubisky,BUF,rf,4.609,0.0,14.227,0.98
00-0033873,2025,2,QB,Patrick Mahomes,KC,rf,20.202,10.296,29.82,22.080000000000002
00-0034771,2025,2,QB,Mason Rudolph,PIT,rf,9.351,0.0,18.97,0.48
00-0034796,2025,2,QB,Lamar Jackson,BAL,rf,24.972,15.065,34.59,26.3
00-0034855,2025,2,QB,Baker Mayfield,TB,rf,20.355,10.449,29.974,19.900000000000002
00-0034857,2025,2,QB,Josh Allen,BUF,rf,22.138,12.232,31.756,11.82
00-0034869,2025,2,QB,Sam Darnold,SEA,rf,13.685,3.778,23.303,15.8
00-0035100,2025,2,QB,Jake Browning,CIN,rf,6.299,0.0,15.917,17.740000000000002
00-0035228,2025,2,QB,Kyler Murray,ARI,rf,18.378,8.472,27.996,14.0
00-0035710,2025,2,QB,Daniel Jones,IND,rf,21.861,11.955,31.479,22.84
00-0036212,2025,2,QB,Tua Tagovailoa,MIA,rf,11.985,2.079,21.603,18.6
00-0036264,2025,2,QB,Jordan Love,GB,rf,13.421,3.515,23.04,20.88
00-0036355,2025,2,QB,Justin Herbert,LAC,rf,22.811,12.904,32.429,18.78
00-0036389,2025,2,QB,Jalen Hurts,PHI,rf,22.796,12.89,32.414,11.54
00-0036442,2025,2,QB,Joe Burrow,CIN,rf,16.797,6.891,26.416,7.04
00-0036945,2025,2,QB,Justin Fields,NYJ,rf,16.935,7.029,26.554,3.9800000000000004
00-0036971,2025,2,QB,Trevor Lawrence,JAX,rf,12.089,2.183,21.707,19.24
00-0036972,2025,2,QB,Mac Jones,SF,rf,12.597,2.691,22.216,21.76
00-0038416,2025,2,QB,Tyson Bagent,CHI,rf,6.754,0.0,16.373,1.7800000000000002
00-0039150,2025,2,QB,Bryce Young,CAR,rf,19.437,9.531,29.056,21.32
00-0039163,2025,2,QB,C.J. Stroud,HOU,rf,10.245,0.339,19.863,14.98
00-0039376,2025,2,QB,Spencer Rattler,NO,rf,11.756,1.85,21.375,21.68
00-0039732,2025,2,QB,Bo Nix,DEN,rf,19.048,9.142,28.666,20.240000000000002
00-0039851,2025,2,QB,Drake Maye,NE,rf,13.762,3.856,23.38,26.300000000000004
00-0039910,2025,2,QB,Jayden Daniels,WAS,rf,23.092,13.186,32.71,19.7
00-0039917,2025,2,QB,Michael Penix Jr.,ATL,rf,17.421,7.514,27.039,5.300000000000001
00-0039918,2025,2,QB,Caleb Williams,CHI,rf,19.996,10.09,29.614,16.98
00-0039923,2025,2,QB,J.J. McCarthy,MIN,rf,17.535,7.629,27.153,2.8200000000000003
00-0040676,2025,2,QB,Cam Ward,TEN,rf,7.8,0.0,17.418,9.8
00-0023459,2025,3,QB,Aaron Rodgers,PIT,rf,13.989,4.083,23.608,11.66
00-0026158,2025,3,QB,Joe Flacco,CLE,rf,13.703,3.797,23.322,3.6799999999999997
00-0026498,2025,3,QB,Matthew Stafford,LA,rf,16.058,6.152,25.676,13.84
00-0027973,2025,3,QB,Andy Dalton,CAR,rf,8.195,0.0,17.813,-0.1
00-0028118,2025,3,QB,Tyrod Taylor,NYJ,rf,11.108,1.202,20.727,16.68
00-0029263,2025,3,QB,Russell Wilson,NYG,rf,19.683,9.777,29.301,5.1000000000000005
00-0029604,2025,3,QB,Kirk Cousins,ATL,rf,8.11,0.0,17.728,1.16
00-0030565,2025,3,QB,Geno Smith,LV,rf,15.598,5.692,25.217,26.060000000000002
00-0032268,2025,3,QB,Marcus Mariota,WAS,rf,11.385,1.479,21.004,20.28
00-0032950,2025,3,QB,Carson Wentz,MIN,rf,7.958,0.0,17.576,15.32
00-0033077,2025,3,QB,Dak Prescott,DAL,rf,13.546,3.64,23.164,12.040000000000001
00-0033106,2025,3,QB,Jared Goff,DET,rf,20.576,10.67,30.194,12.68
00-0033873,2025,3,QB,Patrick Mahomes,KC,rf,21.227,11.32,30.845,13.16
00-0034796,2025,3,QB,Lamar Jackson,BAL,rf,21.415,11.509,31.033,27.02
00-0034855,2025,3,QB,Baker Mayfield,TB,rf,20.727,10.821,30.346,17.72
00-0034857,2025,3,QB,Josh Allen,BUF,rf,23.464,13.558,33.082,23.02
00-0034869,2025,3,QB,Sam Darnold,SEA,rf,13.396,3.49,23.014,16.72
00-0034955,2025,3,QB,Brett Rypien,CIN,rf,4.633,0.0,14.251,0.0
00-0035100,2025,3,QB,Jake Browning,CIN,rf,12.271,2.365,21.89,5.900000000000001
00-0035228,2025,3,QB,Kyler Murray,ARI,rf,17.854,7.948,27.473,14.059999999999999
00-0035704,2025,3,QB,Drew Lock,SEA,rf,13.747,3.841,23.366,0.5
00-0035710,2025,3,QB,Daniel Jones,IND,rf,21.113,11.207,30.732,15.82
00-0036212,2025,3,QB,Tua Tagovailoa,MIA,rf,12.133,2.227,21.751,12.84
00-0036264,2025,3,QB,Jordan Love,GB,rf,13.263,3.357,22.881,11.120000000000001
00-0036355,2025,3,QB,Justin Herbert,LAC,rf,21.344,11.438,30.962,14.6
00-0036389,2025,3,QB,Jalen Hurts,PHI,rf,16.465,6.559,26.083,29.04
00-0036971,2025,3,QB,Trevor Lawrence,JAX,rf,14.002,4.096,23.621,7.780000000000001
00-0036972,2025,3,QB,Mac Jones,SF,rf,21.503,11.597,31.122,13.26
00-0039150,2025,3,QB,Bryce Young,CAR,rf,19.146,9.24,28.765,11.64
00-0039163,2025,3,QB,C.J. Stroud,HOU,rf,13.091,3.185,22.709,10.36
00-0039164,2025,3,QB,Anthony Richardson,IND,rf,17.662,7.756,27.28,-0.1
00-0039376,2025,3,QB,Spencer Rattler,NO,rf,14.801,4.895,24.419,11.72
00-0039398,2025,3,QB,Joe Milton III,DAL,rf,18.652,8.745,28.27,-0.3599999999999999
00-0039732,2025,3,QB,Bo Nix,DEN,rf,18.112,8.205,27.73,13.420000000000002
00-0039851,2025,3,QB,Drake Maye,NE,rf,20.473,10.566,30.091,19.22
00-0039917,2025,3,QB,Michael Penix Jr.,ATL,rf,14.217,4.31,23.835,3.78
00-0039918,2025,3,QB,Caleb Williams,CHI,rf,20.177,10.271,29.795,29.12
00-0040673,2025,3,QB,Jalen Milroe,SEA,rf,3.584,0.0,13.202,0.30000000000000004
00-0040676,2025,3,QB,Cam Ward,TEN,rf,10.902,0.996,20.52,11.96
00-0040691,2025,3,QB,Jaxson Dart,NYG,rf,2.827,0.0,12.445,0.30000000000000004
00-0023459,2025,4,QB,Aaron Rodgers,PIT,rf,13.272,3.365,22.89,12.8
00-0026158,2025,4,QB,Joe Flacco,CLE,rf,12.976,3.07,22.594,1.2600000000000002
00-0026498,2025,4,QB,Matthew Stafford,LA,rf,15.481,5.575,25.099,27.4
00-0027973,2025,4,QB,Andy Dalton,CAR,rf,3.341,0.0,12.959,6.32
00-0029263,2025,4,QB,Russell Wilson,NYG,rf,15.718,5.812,25.336,0.32
00-0030565,2025,4,QB,Geno Smith,LV,rf,16.791,6.884,26.409,9.78
00-0032268,2025,4,QB,Marcus Mariota,WAS,rf,19.581,9.675,29.199,16.240000000000002
00-0032950,2025,4,QB,Carson Wentz,MIN,rf,12.859,2.953,22.477,21.2
00-0033077,2025,4,QB,Dak Prescott,DAL,rf,15.044,5.138,24.662,30.959999999999997
00-0033106,2025,4,QB,Jared Goff,DET,rf,17.063,7.157,26.682,12.719999999999999
00-0033662,2025,4,QB,Cooper Rush,BAL,rf,5.983,0.0,15.601,2.08
00-0033873,2025,4,QB,Patrick Mahomes,KC,rf,20.436,10.53,30.054,27.3
00-0033949,2025,4,QB,Joshua Dobbs,NE,rf,10.262,0.356,19.881,-0.2
00-0034577,2025,4,QB,Kyle Allen,DET,rf,4.268,0.0,13.886,-0.2
00-0034796,2025,4,QB,Lamar Jackson,BAL,rf,21.176,11.269,30.794,10.68
00-0034855,2025,4,QB,Baker Mayfield,TB,rf,19.925,10.019,29.544,18.860000000000003
00-0034857,2025,4,QB,Josh Allen,BUF,rf,23.441,13.535,33.06,24.86
00-0034869,2025,4,QB,Sam Darnold,SEA,rf,12.607,2.7,22.225,16.08
00-0035100,2025,4,QB,Jake Browning,CIN,rf,11.253,1.347,20.872,5.4
00-0035228,2025,4,QB,Kyler Murray,ARI,rf,16.759,6.853,26.378,16.1
00-0035289,2025,4,QB,Gardner Minshew,KC,rf,10.004,0.098,19.622,-0.30000000000000004
00-0035710,2025,4,QB,Daniel Jones,IND,rf,20.402,10.496,30.021,10.38
00-0036212,2025,4,QB,Tua Tagovailoa,MIA,rf,12.067,2.161,21.686,15.68
00-0036264,2025,4,QB,Jordan Love,GB,rf,14.038,4.132,23.657,26.28
00-0036355,2025,4,QB,Justin Herbert,LAC,rf,20.956,11.05,30.574,12.520000000000001
00-0036389,2025,4,QB,Jalen Hurts,PHI,rf,20.443,10.537,30.062,19.4
00-0036945,2025,4,QB,Justin Fields,NYJ,rf,12.66,2.753,22.278,27.14
00-0036971,2025,4,QB,Trevor Lawrence,JAX,rf,14.16,4.254,23.778,11.66
00-0037834,2025,4,QB,Brock Purdy,SF,rf,17.989,8.083,27.608,17.66
00-0039150,2025,4,QB,Bryce Young,CAR,rf,16.05,6.144,25.668,10.3
00-0039163,2025,4,QB,C.J. Stroud,HOU,rf,14.125,4.219,23.744,18.42
00-0039376,2025,4,QB,Spencer Rattler,NO,rf,14.795,4.889,24.414,13.94
00-0039732,2025,4,QB,Bo Nix,DEN,rf,16.585,6.679,26.204,25.74
00-0039851,2025,4,QB,Drake Maye,NE,rf,20.53,10.624,30.148,23.220000000000002
00-0039917,2025,4,QB,Michael Penix Jr.,ATL,rf,14.259,4.352,23.877,18.72
00-0039918,2025,4,QB,Caleb Williams,CHI,rf,19.228,9.322,28.847,11.780000000000001
00-0040676,2025,4,QB,Cam Ward,TEN,rf,13.817,3.911,23.436,4.5200000000000005
00-0040691,2025,4,QB,Jaxson Dart,NYG,rf,3.259,0.0,12.877,19.840000000000003
00-0040704,2025,4,QB,Dillon Gabriel,CLE,rf,7.152,0.0,16.77,0.0
00-0026498,2025,5,QB,Matthew Stafford,LA,rf,16.447,6.54,26.065,25.560000000000002
00-0030565,2025,5,QB,Geno Smith,LV,rf,16.372,6.466,25.99,5.920000000000001
00-0032950,2025,5,QB,Carson Wentz,MIN,rf,15.718,5.811,25.336,14.74
00-0033077,2025,5,QB,Dak Prescott,DAL,rf,17.109,7.202,26.727,28.28
00-0033106,2025,5,QB,Jared Goff,DET,rf,15.39,5.484,25.008,20.12
00-0033119,2025,5,QB,Jacoby Brissett,ARI,rf,2.126,0.0,11.744,0.0
00-0033662,2025,5,QB,Cooper Rush,BAL,rf,6.485,0.0,16.104,1.1600000000000001
00-0033873,2025,5,QB,Patrick Mahomes,KC,rf,21.082,11.176,30.7,26.72
00-0034855,2025,5,QB,Baker Mayfield,TB,rf,18.76,8.854,28.379,26.66
00-0034857,2025,5,QB,Josh Allen,BUF,rf,24.038,14.131,33.656,19.42
00-0034869,2025,5,QB,Sam Darnold,SEA,rf,13.6,3.693,23.218,27.64
00-0035100,2025,5,QB,Jake Browning,CIN,rf,12.57,2.664,22.189,19.14
00-0035228,2025,5,QB,Kyler Murray,ARI,rf,16.078,6.171,25.696,15.3
00-0035710,2025,5,QB,Daniel Jones,IND,rf,19.105,9.198,28.723,16.68
00-0036212,2025,5,QB,Tua Tagovailoa,MIA,rf,13.08,3.174,22.698,22.740000000000002
00-0036355,2025,5,QB,Justin Herbert,LAC,rf,17.956,8.05,27.575,14.64
00-0036389,2025,5,QB,Jalen Hurts,PHI,rf,19.572,9.666,29.191,19.500000000000004
00-0036898,2025,5,QB,Davis Mills,HOU,rf,3.889,0.0,13.507,1.2200000000000002
00-0036945,2025,5,QB,Justin Fields,NYJ,rf,18.167,8.26,27.785,25.92
00-0036971,2025,5,QB,Trevor Lawrence,JAX,rf,13.532,3.626,23.15,26.240000000000002
00-0036972,2025,5,QB,Mac Jones,SF,rf,16.522,6.616,26.141,22.18
00-0037012,2025,5,QB,Trey Lance,LAC,rf,4.275,0.0,13.894,2.8600000000000003
00-0039150,2025,5,QB,Bryce Young,CAR,rf,15.826,5.92,25.445,12.02
00-0039163,2025,5,QB,C.J. Stroud,HOU,rf,13.586,3.68,23.205,28.759999999999998
00-0039164,2025,5,QB,Anthony Richardson,IND,rf,7.87,0.0,17.488,2.26
00-0039376,2025,5,QB,Spencer Rattler,NO,rf,14.466,4.56,24.084,16.1
00-0039732,2025,5,QB,Bo Nix,DEN,rf,17.699,7.793,27.317,17.88
00-0039851,2025,5,QB,Drake Maye,NE,rf,20.68,10.773,30.298,12.120000000000001
00-0039910,2025,5,QB,Jayden Daniels,WAS,rf,19.636,9.73,29.255,17.14
00-0040494,2025,5,QB,Max Brosmer,MIN,rf,4.633,0.0,14.252,-0.1
00-0040673,2025,5,QB,Jalen Milroe,SEA,rf,3.315,0.0,12.933,-2.0
00-0040676,2025,5,QB,Cam Ward,TEN,rf,11.953,2.047,21.572,8.0
00-0040691,2025,5,QB,Jaxson Dart,NYG,rf,8.105,0.0,17.724,15.579999999999998
00-0040704,2025,5,QB,Dillon Gabriel,CLE,rf,4.513,0.0,14.131,16.1
00-0023459,2025,6,QB,Aaron Rodgers,PIT,rf,14.209,4.303,23.827,17.5
00-0026158,2025,6,QB,Joe Flacco,CIN,rf,11.577,1.671,21.195,18.759999999999998
00-0026498,2025,6,QB,Matthew Stafford,LA,rf,18.577,8.671,28.195,9.34
00-0029263,2025,6,QB,Russell Wilson,NYG,rf,11.556,1.649,21.174,0.0
00-0030565,2025,6,QB,Geno Smith,LV,rf,15.498,5.591,25.116,8.66
00-0033077,2025,6,QB,Dak Prescott,DAL,rf,20.004,10.098,29.623,22.339999999999996
00-0033106,2025,6,QB,Jared Goff,DET,rf,16.107,6.201,25.725,16.82
00-0033119,2025,6,QB,Jacoby Brissett,ARI,rf,4.186,0.0,13.804,20.7
00-0033662,2025,6,QB,Cooper Rush,BAL,rf,9.086,0.0,18.704,-1.12
00-0033873,2025,6,QB,Patrick Mahomes,KC,rf,17.956,8.05,27.575,31.48
00-0034771,2025,6,QB,Mason Rudolph,PIT,rf,6.174,0.0,15.793,0.0
00-0034855,2025,6,QB,Baker Mayfield,TB,rf,19.93,10.024,29.549,19.64
00-0034857,2025,6,QB,Josh Allen,BUF,rf,22.273,12.367,31.892,15.399999999999999
00-0034869,2025,6,QB,Sam Darnold,SEA,rf,17.633,7.726,27.251,20.0
00-0035710,2025,6,QB,Daniel Jones,IND,rf,16.681,6.775,26.3,22.48
00-0035993,2025,6,QB,Tyler Huntley,BAL,rf,13.037,3.131,22.656,6.620000000000001
00-0036212,2025,6,QB,Tua Tagovailoa,MIA,rf,13.624,3.718,23.242,6.6
00-0036264,2025,6,QB,Jordan Love,GB,rf,16.28,6.374,25.898,14.959999999999999
00-0036355,2025,6,QB,Justin Herbert,LAC,rf,16.099,6.193,25.717,18.76
00-0036389,2025,6,QB,Jalen Hurts,PHI,rf,19.967,10.061,29.586,20.62
00-0036945,2025,6,QB,Justin Fields,NYJ,rf,19.161,9.255,28.779,4.9
00-0036971,2025,6,QB,Trevor Lawrence,JAX,rf,14.929,5.023,24.548,19.22
00-0036972,2025,6,QB,Mac Jones,SF,rf,17.435,7.529,27.054,11.180000000000001
00-0039150,2025,6,QB,Bryce Young,CAR,rf,13.028,3.122,22.647,18.46
00-0039376,2025,6,QB,Spencer Rattler,NO,rf,14.384,4.478,24.003,11.08
00-0039732,2025,6,QB,Bo Nix,DEN,rf,16.481,6.575,26.1,13.360000000000001
00-0039851,2025,6,QB,Drake Maye,NE,rf,17.314,7.408,26.932,27.24
00-0039910,2025,6,QB,Jayden Daniels,WAS,rf,18.39,8.483,28.008,21.639999999999997
00-0039917,2025,6,QB,Michael Penix Jr.,ATL,rf,14.783,4.877,24.402,14.6
00-0039918,2025,6,QB,Caleb Williams,CHI,rf,20.951,11.045,30.569,20.380000000000003
00-0040676,2025,6,QB,Cam Ward,TEN,rf,12.641,2.734,22.259,6.880000000000001
00-0040691,2025,6,QB,Jaxson Dart,NYG,rf,13.24,3.334,22.859,23.6
00-0040704,2025,6,QB,Dillon Gabriel,CLE,rf,12.364,2.458,21.983,8.84
00-0023459,2025,7,QB,Aaron Rodgers,PIT,rf,14.384,4.478,24.002,22.560000000000002
00-0026158,2025,7,QB,Joe Flacco,CIN,rf,13.23,3.323,22.848,25.98
00-0026498,2025,7,QB,Matthew Stafford,LA,rf,16.997,7.09,26.615,27.380000000000003
00-0027973,2025,7,QB,Andy Dalton,CAR,rf,4.354,0.0,13.972,2.1999999999999997
00-0028118,2025,7,QB,Tyrod Taylor,NYJ,rf,13.12,3.214,22.738,2.14
00-0030565,2025,7,QB,Geno Smith,LV,rf,13.479,3.573,23.098,2.7800000000000002
00-0031237,2025,7,QB,Teddy Bridgewater,TB,rf,4.198,0.0,13.817,-0.1
00-0031345,2025,7,QB,Jimmy Garoppolo,LA,rf,6.572,0.0,16.19,-0.30000000000000004
00-0032268,2025,7,QB,Marcus Mariota,WAS,rf,16.886,6.98,26.505,3.9200000000000004
00-0032950,2025,7,QB,Carson Wentz,MIN,rf,14.592,4.685,24.21,11.32
00-0033077,2025,7,QB,Dak Prescott,DAL,rf,20.156,10.249,29.774,23.26
00-0033106,2025,7,QB,Jared Goff,DET,rf,15.78,5.874,25.399,10.34
00-0033119,2025,7,QB,Jacoby Brissett,ARI,rf,10.842,0.936,20.461,19.76
00-0033873,2025,7,QB,Patrick Mahomes,KC,rf,21.746,11.84,31.364,26.24
00-0033949,2025,7,QB,Joshua Dobbs,NE,rf,4.999,0.0,14.617,0.27999999999999997
00-0034855,2025,7,QB,Baker Mayfield,TB,rf,19.139,9.232,28.757,11.120000000000001
00-0034869,2025,7,QB,Sam Darnold,SEA,rf,17.758,7.852,27.376,8.62
00-0035289,2025,7,QB,Gardner Minshew,KC,rf,8.426,0.0,18.045,-0.30000000000000004
00-0035710,2025,7,QB,Daniel Jones,IND,rf,17.433,7.527,27.052,22.22
00-0036212,2025,7,QB,Tua Tagovailoa,MIA,rf,14.283,4.377,23.902,-1.4
00-0036264,2025,7,QB,Jordan Love,GB,rf,16.704,6.798,26.323,13.36
00-0036355,2025,7,QB,Justin Herbert,LAC,rf,15.758,5.852,25.376,27.900000000000002
00-0036389,2025,7,QB,Jalen Hurts,PHI,rf,19.578,9.672,29.197,24.04
00-0036945,2025,7,QB,Justin Fields,NYJ,rf,19.549,9.643,29.167,4.04
00-0036971,2025,7,QB,Trevor Lawrence,JAX,rf,17.349,7.442,26.967,17.64
00-0036972,2025,7,QB,Mac Jones,SF,rf,15.753,5.846,25.371,5.18
00-0038102,2025,7,QB,Kenny Pickett,LV,rf,5.107,0.0,14.725,-1.68
00-0039150,2025,7,QB,Bryce Young,CAR,rf,13.412,3.505,23.03,10.52
00-0039163,2025,7,QB,C.J. Stroud,HOU,rf,16.911,7.004,26.529,13.66
00-0039376,2025,7,QB,Spencer Rattler,NO,rf,14.6,4.694,24.219,10.52
00-0039732,2025,7,QB,Bo Nix,DEN,rf,16.652,6.746,26.271,39.96
00-0039851,2025,7,QB,Drake Maye,NE,rf,22.341,12.435,31.96,23.080000000000002
00-0039910,2025,7,QB,Jayden Daniels,WAS,rf,19.664,9.758,29.282,17.740000000000002
00-0039917,2025,7,QB,Michael Penix Jr.,ATL,rf,13.922,4.016,23.54,12.24
00-0039918,2025,7,QB,Caleb Williams,CHI,rf,19.911,10.004,29.529,4.68
00-0040676,2025,7,QB,Cam Ward,TEN,rf,13.548,3.642,23.166,10.200000000000001
00-0040691,2025,7,QB,Jaxson Dart,NYG,rf,15.093,5.187,24.711,28.42
00-0040704,2025,7,QB,Dillon Gabriel,CLE,rf,10.093,0.187,19.712,5.84
00-0023459,2025,8,QB,Aaron Rodgers,PIT,rf,14.454,4.547,24.072,16.759999999999998
00-0026158,2025,8,QB,Joe Flacco,CIN,rf,14.706,4.799,24.324,24.32
00-0027973,2025,8,QB,Andy Dalton,CAR,rf,4.708,0.0,14.326,1.0999999999999996
00-0029604,2025,8,QB,Kirk Cousins,ATL,rf,6.387,0.0,16.005,7.12
00-0032268,2025,8,QB,Marcus Mariota,WAS,rf,14.513,4.607,24.132,11.32
00-0032950,2025,8,QB,Carson Wentz,MIN,rf,14.997,5.09,24.615,7.76
00-0033077,2025,8,QB,Dak Prescott,DAL,rf,21.353,11.447,30.972,6.620000000000001
00-0033869,2025,8,QB,Mitchell Trubisky,BUF,rf,3.301,0.0,12.919,0.88
00-0033873,2025,8,QB,Patrick Mahomes,KC,rf,21.853,11.947,31.471,22.96
00-0034855,2025,8,QB,Baker Mayfield,TB,rf,18.099,8.193,27.718,4.08
00-0034857,2025,8,QB,Josh Allen,BUF,rf,20.124,10.218,29.743,23.22
00-0035264,2025,8,QB,Jarrett Stidham,DEN,rf,5.111,0.0,14.729,-0.1
00-0035710,2025,8,QB,Daniel Jones,IND,rf,18.249,8.343,27.867,23.180000000000003
00-0035993,2025,8,QB,Tyler Huntley,BAL,rf,12.417,2.511,22.036,16.740000000000002
00-0036212,2025,8,QB,Tua Tagovailoa,MIA,rf,13.345,3.439,22.963,24.2
00-0036264,2025,8,QB,Jordan Love,GB,rf,16.524,6.618,26.142,28.299999999999997
00-0036355,2025,8,QB,Justin Herbert,LAC,rf,18.527,8.621,28.146,25.279999999999998
00-0036389,2025,8,QB,Jalen Hurts,PHI,rf,19.622,9.715,29.24,25.36
00-0036945,2025,8,QB,Justin Fields,NYJ,rf,14.604,4.698,24.222,20.86
00-0036972,2025,8,QB,Mac Jones,SF,rf,15.541,5.634,25.159,18.02
00-0037013,2025,8,QB,Zach Wilson,MIA,rf,5.675,0.0,15.293,0.0
00-0038400,2025,8,QB,Tanner McKee,PHI,rf,10.216,0.31,19.834,-0.2
00-0039163,2025,8,QB,C.J. Stroud,HOU,rf,17.011,7.105,26.63,21.72
00-0039376,2025,8,QB,Spencer Rattler,NO,rf,13.599,3.692,23.217,2.6400000000000006
00-0039398,2025,8,QB,Joe Milton III,DAL,rf,7.841,0.0,17.459,6.32
00-0039732,2025,8,QB,Bo Nix,DEN,rf,18.751,8.845,28.369,23.78
00-0039851,2025,8,QB,Drake Maye,NE,rf,21.403,11.497,31.022,26.28
00-0039918,2025,8,QB,Caleb Williams,CHI,rf,14.825,4.918,24.443,11.8
00-0040494,2025,8,QB,Max Brosmer,MIN,rf,4.974,0.0,14.592,0.52
00-0040676,2025,8,QB,Cam Ward,TEN,rf,14.583,4.676,24.201,12.76
00-0040691,2025,8,QB,Jaxson Dart,NYG,rf,18.197,8.291,27.816,19.419999999999998
00-0040704,2025,8,QB,Dillon Gabriel,CLE,rf,10.588,0.682,20.206,11.540000000000001
00-0040743,2025,8,QB,Tyler Shough,NO,rf,4.224,0.0,13.842,4.32
00-0023459,2025,9,QB,Aaron Rodgers,PIT,rf,15.927,6.021,25.545,12.120000000000001
00-0026158,2025,9,QB,Joe Flacco,CIN,rf,15.308,5.401,24.926,30.699999999999996
00-0026498,2025,9,QB,Matthew Stafford,LA,rf,17.576,7.67,27.195,26.840000000000003
00-0030565,2025,9,QB,Geno Smith,LV,rf,11.017,1.11,20.635,26.259999999999998
00-0033077,2025,9,QB,Dak Prescott,DAL,rf,19.668,9.762,29.287,15.4
00-0033106,2025,9,QB,Jared Goff,DET,rf,14.319,4.412,23.937,19.36
00-0033119,2025,9,QB,Jacoby Brissett,ARI,rf,13.762,3.856,23.381,24.839999999999996
00-0033873,2025,9,QB,Patrick Mahomes,KC,rf,22.712,12.806,32.33,10.5
00-0034796,2025,9,QB,Lamar Jackson,BAL,rf,21.259,11.353,30.877,25.56
00-0034857,2025,9,QB,Josh Allen,BUF,rf,22.111,12.205,31.73,28.82
00-0034869,2025,9,QB,Sam Darnold,SEA,rf,17.538,7.632,27.157,27.200000000000003
00-0035710,2025,9,QB,Daniel Jones,IND,rf,18.447,8.541,28.066,14.079999999999998
00-0036212,2025,9,QB,Tua Tagovailoa,MIA,rf,13.773,3.867,23.392,8.54
00-0036264,2025,9,QB,Jordan Love,GB,rf,16.34,6.434,25.959,9.02
00-0036355,2025,9,QB,Justin Herbert,LAC,rf,19.585,9.678,29.203,27.7
00-0036898,2025,9,QB,Davis Mills,HOU,rf,3.366,0.0,12.984,6.180000000000001
00-0036971,2025,9,QB,Trevor Lawrence,JAX,rf,17.007,7.101,26.625,21.200000000000003
00-0036972,2025,9,QB,Mac Jones,SF,rf,15.34,5.434,24.959,15.799999999999997
00-0038416,2025,9,QB,Tyson Bagent,CHI,rf,5.058,0.0,14.676,0.8
00-0039150,2025,9,QB,Bryce Young,CAR,rf,13.252,3.345,22.87,2.98
00-0039163,2025,9,QB,C.J. Stroud,HOU,rf,17.324,7.417,26.942,4.36
00-0039732,2025,9,QB,Bo Nix,DEN,rf,19.554,9.648,29.173,18.52
00-0039851,2025,9,QB,Drake Maye,NE,rf,20.187,10.281,29.805,16.36
00-0039910,2025,9,QB,Jayden Daniels,WAS,rf,19.631,9.724,29.249,15.22
00-0039917,2025,9,QB,Michael Penix Jr.,ATL,rf,14.127,4.22,23.745,22.74
00-0039918,2025,9,QB,Caleb Williams,CHI,rf,15.507,5.6,25.125,38.7
00-0039923,2025,9,QB,J.J. McCarthy,MIN,rf,13.159,3.252,22.777,18.919999999999998
00-0040676,2025,9,QB,Cam Ward,TEN,rf,13.273,3.366,22.891,6.4
00-0040691,2025,9,QB,Jaxson Dart,NYG,rf,19.539,9.633,29.158,27.240000000000002
00-0040743,2025,9,QB,Tyler Shough,NO,rf,7.136,0.0,16.755,9.239999999999998
00-0023459,2025,10,QB,Aaron Rodgers,PIT,rf,15.548,5.642,25.166,6.440000000000001
00-0026498,2025,10,QB,Matthew Stafford,LA,rf,17.859,7.953,27.478,26.900000000000002
00-0029263,2025,10,QB,Russell Wilson,NYG,rf,8.743,0.0,18.361,3.0
00-0030565,2025,10,QB,Geno Smith,LV,rf,14.432,4.526,24.051,4.42
00-0032268,2025,10,QB,Marcus Mariota,WAS,rf,14.597,4.691,24.215,18.72
00-0033106,2025,10,QB,Jared Goff,DET,rf,15.702,5.796,25.32,24.8
00-0033119,2025,10,QB,Jacoby Brissett,ARI,rf,14.276,4.37,23.895,19.42
00-0033869,2025,10,QB,Mitchell Trubisky,BUF,rf,3.111,0.0,12.729,0.4
00-0034577,2025,10,QB,Kyle Allen,DET,rf,1.81,0.0,11.428,-0.1
00-0034796,2025,10,QB,Lamar Jackson,BAL,rf,22.015,12.109,31.633,16.64
00-0034855,2025,10,QB,Baker Mayfield,TB,rf,15.94,6.034,25.559,22.92
00-0034857,2025,10,QB,Josh Allen,BUF,rf,20.741,10.835,30.359,19.340000000000003
00-0034869,2025,10,QB,Sam Darnold,SEA,rf,16.252,6.345,25.87,4.920000000000002
00-0035704,2025,10,QB,Drew Lock,SEA,rf,8.037,0.0,17.656,-0.4
00-0035710,2025,10,QB,Daniel Jones,IND,rf,17.152,7.246,26.771,15.5
00-0036212,2025,10,QB,Tua Tagovailoa,MIA,rf,12.452,2.546,22.071,10.82
00-0036264,2025,10,QB,Jordan Love,GB,rf,17.216,7.31,26.834,7.84
00-0036355,2025,10,QB,Justin Herbert,LAC,rf,21.722,11.816,31.341,14.700000000000001
00-0036389,2025,10,QB,Jalen Hurts,PHI,rf,20.838,10.932,30.457,12.02
00-0036898,2025,10,QB,Davis Mills,HOU,rf,9.319,0.0,18.937,27.68
00-0036945,2025,10,QB,Justin Fields,NYJ,rf,16.206,6.299,25.824,6.960000000000001
00-0036971,2025,10,QB,Trevor Lawrence,JAX,rf,15.731,5.825,25.349,9.82
00-0036972,2025,10,QB,Mac Jones,SF,rf,13.914,4.007,23.532,23.06
00-0038102,2025,10,QB,Kenny Pickett,LV,rf,2.792,0.0,12.41,0.0
00-0039150,2025,10,QB,Bryce Young,CAR,rf,12.974,3.067,22.592,1.56
00-0039732,2025,10,QB,Bo Nix,DEN,rf,19.43,9.524,29.048,5.8
00-0039851,2025,10,QB,Drake Maye,NE,rf,21.089,11.183,30.707,18.1
00-0039917,2025,10,QB,Michael Penix Jr.,ATL,rf,15.498,5.591,25.116,10.98
00-0039918,2025,10,QB,Caleb Williams,CHI,rf,18.674,8.768,28.293,25.1
00-0039923,2025,10,QB,J.J. McCarthy,MIN,rf,13.226,3.32,22.845,14.72
00-0040691,2025,10,QB,Jaxson Dart,NYG,rf,19.18,9.273,28.798,26.28
00-0040704,2025,10,QB,Dillon Gabriel,CLE,rf,12.208,2.302,21.826,20.08
00-0040743,2025,10,QB,Tyler Shough,NO,rf,7.574,0.0,17.193,18.98
00-0023459,2025,11,QB,Aaron Rodgers,PIT,rf,14.331,4.425,23.949,9.440000000000001
00-0026158,2025,11,QB,Joe Flacco,CIN,rf,16.464,6.557,26.082,9.860000000000001
00-0026498,2025,11,QB,Matthew Stafford,LA,rf,18.291,8.384,27.909,13.2
00-0029604,2025,11,QB,Kirk Cousins,ATL,rf,8.086,0.0,17.704,2.12
00-0030565,2025,11,QB,Geno Smith,LV,rf,13.334,3.428,22.952,12.92
00-0031237,2025,11,QB,Teddy Bridgewater,TB,rf,1.84,0.0,11.459,-0.1
00-0031503,2025,11,QB,Jameis Winston,NYG,rf,12.847,2.941,22.466,11.040000000000001
00-0032268,2025,11,QB,Marcus Mariota,WAS,rf,13.601,3.695,23.219,15.42
00-0033077,2025,11,QB,Dak Prescott,DAL,rf,16.572,6.666,26.191,24.32
00-0033106,2025,11,QB,Jared Goff,DET,rf,16.106,6.2,25.724,12.100000000000001
00-0033119,2025,11,QB,Jacoby Brissett,ARI,rf,15.995,6.089,25.614,21.880000000000003
00-0033873,2025,11,QB,Patrick Mahomes,KC,rf,20.531,10.625,30.15,13.340000000000002
00-0034771,2025,11,QB,Mason Rudolph,PIT,rf,3.425,0.0,13.044,8.98
00-0034796,2025,11,QB,Lamar Jackson,BAL,rf,21.289,11.382,30.907,4.72
00-0034855,2025,11,QB,Baker Mayfield,TB,rf,16.251,6.345,25.87,16.82
00-0034857,2025,11,QB,Josh Allen,BUF,rf,19.828,9.922,29.446,42.68
00-0034869,2025,11,QB,Sam Darnold,SEA,rf,16.812,6.906,26.431,4.26
00-0036212,2025,11,QB,Tua Tagovailoa,MIA,rf,13.864,3.958,23.482,6.84
00-0036264,2025,11,QB,Jordan Love,GB,rf,15.387,5.481,25.006,17.66
00-0036355,2025,11,QB,Justin Herbert,LAC,rf,22.664,12.757,32.282,3.3400000000000003
00-0036389,2025,11,QB,Jalen Hurts,PHI,rf,22.463,12.557,32.081,14.5
00-0036898,2025,11,QB,Davis Mills,HOU,rf,11.635,1.729,21.253,16.36
00-0036945,2025,11,QB,Justin Fields,NYJ,rf,12.965,3.059,22.584,19.34
00-0036971,2025,11,QB,Trevor Lawrence,JAX,rf,15.075,5.169,24.693,15.020000000000001
00-0036972,2025,11,QB,Mac Jones,SF,rf,15.416,5.509,25.034,-0.30000000000000004
00-0037012,2025,11,QB,Trey Lance,LAC,rf,3.39,0.0,13.008,1.58
00-0037834,2025,11,QB,Brock Purdy,SF,rf,16.854,6.948,26.472,19.3
00-0038128,2025,11,QB,Malik Willis,GB,rf,6.203,0.0,15.822,5.84
00-0039150,2025,11,QB,Bryce Young,CAR,rf,10.375,0.469,19.994,31.82
00-0039732,2025,11,QB,Bo Nix,DEN,rf,15.249,5.343,24.867,12.600000000000001
00-0039851,2025,11,QB,Drake Maye,NE,rf,20.552,10.645,30.17,15.44
00-0039917,2025,11,QB,Michael Penix Jr.,ATL,rf,14.751,4.845,24.369,7.9
00-0039918,2025,11,QB,Caleb Williams,CHI,rf,18.557,8.651,28.175,10.32
00-0039923,2025,11,QB,J.J. McCarthy,MIN,rf,11.923,2.016,21.541,6.0
00-0040676,2025,11,QB,Cam Ward,TEN,rf,13.703,3.797,23.321,13.06
00-0040704,2025,11,QB,Dillon Gabriel,CLE,rf,13.33,3.424,22.949,2.9200000000000004
00-0026158,2025,12,QB,Joe Flacco,CIN,rf,16.268,6.362,25.886,9.620000000000001
00-0026498,2025,12,QB,Matthew Stafford,LA,rf,16.913,7.007,26.531,22.92
00-0028118,2025,12,QB,Tyrod Taylor,NYJ,rf,12.84,2.934,22.458,12.780000000000001
00-0029604,2025,12,QB,Kirk Cousins,ATL,rf,5.941,0.0,15.559,14.46
00-0030565,2025,12,QB,Geno Smith,LV,rf,13.608,3.702,23.226,14.2
00-0031237,2025,12,QB,Teddy Bridgewater,TB,rf,4.556,0.0,14.174,3.08
00-0031503,2025,12,QB,Jameis Winston,NYG,rf,13.02,3.114,22.639,32.24
00-0033077,2025,12,QB,Dak Prescott,DAL,rf,17.6,7.693,27.218,27.06
00-0033106,2025,12,QB,Jared Goff,DET,rf,14.718,4.811,24.336,17.16
00-0033119,2025,12,QB,Jacoby Brissett,ARI,rf,16.679,6.773,26.298,18.68
00-0033873,2025,12,QB,Patrick Mahomes,KC,rf,18.573,8.667,28.192,17.08
00-0034771,2025,12,QB,Mason Rudolph,PIT,rf,5.134,0.0,14.753,7.539999999999999
00-0034796,2025,12,QB,Lamar Jackson,BAL,rf,18.41,8.504,28.028,7.220000000000001
00-0034855,2025,12,QB,Baker Mayfield,TB,rf,14.499,4.593,24.118,3.540000000000001
00-0034857,2025,12,QB,Josh Allen,BUF,rf,21.621,11.714,31.239,8.120000000000001
00-0034869,2025,12,QB,Sam Darnold,SEA,rf,14.479,4.573,24.097,17.659999999999997
00-0035100,2025,12,QB,Jake Browning,CIN,rf,12.585,2.679,22.204,0.56
00-0035710,2025,12,QB,Daniel Jones,IND,rf,16.63,6.724,26.249,16.84
00-0036264,2025,12,QB,Jordan Love,GB,rf,15.112,5.206,24.73,7.0600000000000005
00-0036389,2025,12,QB,Jalen Hurts,PHI,rf,18.441,8.535,28.06,30.86
00-0036898,2025,12,QB,Davis Mills,HOU,rf,13.287,3.381,22.906,14.520000000000001
00-0036971,2025,12,QB,Trevor Lawrence,JAX,rf,15.181,5.275,24.8,17.14
00-0037834,2025,12,QB,Brock Purdy,SF,rf,16.355,6.449,25.973,7.3199999999999985
00-0038128,2025,12,QB,Malik Willis,GB,rf,5.399,0.0,15.017,0.5800000000000001
00-0039150,2025,12,QB,Bryce Young,CAR,rf,13.525,3.619,23.144,8.26
00-0039577,2025,12,QB,Kedon Slovis,ARI,rf,4.437,0.0,14.056,-0.08
00-0039851,2025,12,QB,Drake Maye,NE,rf,21.395,11.489,31.013,15.96
00-0039918,2025,12,QB,Caleb Williams,CHI,rf,16.501,6.594,26.119,21.660000000000004
00-0039923,2025,12,QB,J.J. McCarthy,MIN,rf,13.247,3.341,22.866,0.48
00-0040668,2025,12,QB,Shedeur Sanders,CLE,rf,4.384,0.0,14.003,10.26
00-0040676,2025,12,QB,Cam Ward,TEN,rf,13.056,3.149,22.674,23.94
00-0040743,2025,12,QB,Tyler Shough,NO,rf,11.659,1.752,21.277,7.920000000000002
00-0023459,2025,13,QB,Aaron Rodgers,PIT,rf,12.093,2.187,21.711,2.6799999999999997
00-0026498,2025,13,QB,Matthew Stafford,LA,rf,17.905,7.999,27.524,11.62
00-0028118,2025,13,QB,Tyrod Taylor,NYJ,rf,14.144,4.238,23.762,21.28
00-0029604,2025,13,QB,Kirk Cousins,ATL,rf,10.149,0.243,19.768,13.36
00-0030565,2025,13,QB,Geno Smith,LV,rf,12.756,2.85,22.375,12.000000000000002
00-0032268,2025,13,QB,Marcus Mariota,WAS,rf,14.18,4.274,23.799,23.259999999999998
00-0033077,2025,13,QB,Dak Prescott,DAL,rf,20.293,10.387,29.912,20.6
00-0033106,2025,13,QB,Jared Goff,DET,rf,14.59,4.684,24.209,20.64
00-0033119,2025,13,QB,Jacoby Brissett,ARI,rf,15.998,6.092,25.617,19.64
00-0033319,2025,13,QB,Nick Mullens,JAX,rf,5.425,0.0,15.044,-0.30000000000000004
00-0033873,2025,13,QB,Patrick Mahomes,KC,rf,17.642,7.736,27.26,29.439999999999998
00-0034771,2025,13,QB,Mason Rudolph,PIT,rf,12.633,2.727,22.251,-2.0
00-0034796,2025,13,QB,Lamar Jackson,BAL,rf,14.439,4.533,24.058,6.539999999999999
00-0034855,2025,13,QB,Baker Mayfield,TB,rf,13.588,3.682,23.206,14.46
00-0034857,2025,13,QB,Josh Allen,BUF,rf,19.078,9.172,28.697,16.72
00-0034869,2025,13,QB,Sam Darnold,SEA,rf,14.618,4.711,24.236,3.12
00-0035710,2025,13,QB,Daniel Jones,IND,rf,16.173,6.266,25.791,16.14
00-0036212,2025,13,QB,Tua Tagovailoa,MIA,rf,13.089,3.183,22.708,4.680000000000001
00-0036264,2025,13,QB,Jordan Love,GB,rf,13.604,3.698,23.223,25.759999999999998
00-0036355,2025,13,QB,Justin Herbert,LAC,rf,15.879,5.973,25.497,12.84
00-0036389,2025,13,QB,Jalen Hurts,PHI,rf,19.439,9.532,29.057,16.300000000000004
00-0036442,2025,13,QB,Joe Burrow,CIN,rf,13.407,3.501,23.026,19.24
00-0036971,2025,13,QB,Trevor Lawrence,JAX,rf,14.973,5.066,24.591,21.66
00-0036972,2025,13,QB,Mac Jones,SF,rf,12.132,2.226,21.751,0.2
00-0037012,2025,13,QB,Trey Lance,LAC,rf,3.931,0.0,13.549,0.76
00-0037834,2025,13,QB,Brock Purdy,SF,rf,16.104,6.198,25.723,17.119999999999997
00-0039150,2025,13,QB,Bryce Young,CAR,rf,14.068,4.162,23.686,22.540000000000003
00-0039163,2025,13,QB,C.J. Stroud,HOU,rf,14.93,5.023,24.548,9.040000000000001
00-0039732,2025,13,QB,Bo Nix,DEN,rf,14.946,5.039,24.564,16.44
00-0039851,2025,13,QB,Drake Maye,NE,rf,19.236,9.33,28.855,20.48
00-0039918,2025,13,QB,Caleb Williams,CHI,rf,17.122,7.216,26.74,9.46
00-0040494,2025,13,QB,Max Brosmer,MIN,rf,5.682,0.0,15.3,-3.06
00-0040668,2025,13,QB,Shedeur Sanders,CLE,rf,8.634,0.0,18.253,10.56
00-0040676,2025,13,QB,Cam Ward,TEN,rf,13.94,4.034,23.558,6.34
00-0040691,2025,13,QB,Jaxson Dart,NYG,rf,20.122,10.216,29.741,13.56
00-0040704,2025,13,QB,Dillon Gabriel,CLE,rf,10.615,0.709,20.234,0.0
00-0040743,2025,13,QB,Tyler Shough,NO,rf,12.94,3.034,22.558,17.360000000000003
00-0023459,2025,14,QB,Aaron Rodgers,PIT,rf,10.296,0.389,19.914,21.46
00-0026498,2025,14,QB,Matthew Stafford,LA,rf,17.128,7.222,26.746,23.240000000000002
00-0028118,2025,14,QB,Tyrod Taylor,NYJ,rf,14.493,4.587,24.112,-1.76
00-0029604,2025,14,QB,Kirk Cousins,ATL,rf,10.478,0.572,20.096,2.4800000000000004
00-0030565,2025,14,QB,Geno Smith,LV,rf,13.574,3.667,23.192,9.040000000000001
00-0031345,2025,14,QB,Jimmy Garoppolo,LA,rf,2.06,0.0,11.678,-0.4
00-0032268,2025,14,QB,Marcus Mariota,WAS,rf,16.537,6.631,26.156,-2.1
00-0033077,2025,14,QB,Dak Prescott,DAL,rf,18.916,9.01,28.535,18.439999999999998
00-0033106,2025,14,QB,Jared Goff,DET,rf,14.568,4.662,24.186,16.16
00-0033119,2025,14,QB,Jacoby Brissett,ARI,rf,15.614,5.708,25.232,19.04
00-0033319,2025,14,QB,Nick Mullens,JAX,rf,2.757,0.0,12.375,0.01999999999999999
00-0033873,2025,14,QB,Patrick Mahomes,KC,rf,19.307,9.401,28.925,6.300000000000001
00-0034796,2025,14,QB,Lamar Jackson,BAL,rf,12.543,2.636,22.161,21.06
00-0034855,2025,14,QB,Baker Mayfield,TB,rf,13.311,3.405,22.929,11.079999999999998
00-0034857,2025,14,QB,Josh Allen,BUF,rf,21.193,11.287,30.811,37.84
00-0034869,2025,14,QB,Sam Darnold,SEA,rf,13.726,3.82,23.345,22.26
00-0035704,2025,14,QB,Drew Lock,SEA,rf,4.903,0.0,14.522,0.0
00-0035710,2025,14,QB,Daniel Jones,IND,rf,14.353,4.447,23.972,0.7999999999999999
00-0036212,2025,14,QB,Tua Tagovailoa,MIA,rf,12.166,2.26,21.784,9.08
00-0036264,2025,14,QB,Jordan Love,GB,rf,14.688,4.781,24.306,19.259999999999998
00-0036355,2025,14,QB,Justin Herbert,LAC,rf,15.012,5.105,24.63,12.16
00-0036389,2025,14,QB,Jalen Hurts,PHI,rf,19.805,9.899,29.423,2.3999999999999995
00-0036442,2025,14,QB,Joe Burrow,CIN,rf,13.744,3.838,23.363,23.36
00-0036971,2025,14,QB,Trevor Lawrence,JAX,rf,15.527,5.621,25.145,19.36
00-0037013,2025,14,QB,Zach Wilson,MIA,rf,7.097,0.0,16.715,-0.2
00-0038102,2025,14,QB,Kenny Pickett,LV,rf,2.82,0.0,12.439,8.48
00-0039163,2025,14,QB,C.J. Stroud,HOU,rf,14.79,4.884,24.408,12.620000000000001
00-0039732,2025,14,QB,Bo Nix,DEN,rf,14.843,4.937,24.461,15.98
00-0039910,2025,14,QB,Jayden Daniels,WAS,rf,18.997,9.091,28.616,2.72
00-0039918,2025,14,QB,Caleb Williams,CHI,rf,16.262,6.355,25.88,14.940000000000001
00-0039923,2025,14,QB,J.J. McCarthy,MIN,rf,11.421,1.515,21.039,20.419999999999998
00-0040206,2025,14,QB,Riley Leonard,IND,rf,3.21,0.0,12.828,10.3
00-0040668,2025,14,QB,Shedeur Sanders,CLE,rf,9.451,0.0,19.07,33.46
00-0040676,2025,14,QB,Cam Ward,TEN,rf,14.044,4.138,23.663,11.08
00-0040743,2025,14,QB,Tyler Shough,NO,rf,14.419,4.513,24.038,21.259999999999998
00-0022942,2025,15,QB,Philip Rivers,IND,rf,11.382,1.476,21.0,6.800000000000001
00-0023459,2025,15,QB,Aaron Rodgers,PIT,rf,12.357,2.451,21.975,16.96
00-0026498,2025,15,QB,Matthew Stafford,LA,rf,17.2,7.294,26.819,20.919999999999998
00-0029604,2025,15,QB,Kirk Cousins,ATL,rf,11.056,1.15,20.675,26.92
00-0031503,2025,15,QB,Jameis Winston,NYG,rf,18.646,8.74,28.265,0.0
00-0032268,2025,15,QB,Marcus Mariota,WAS,rf,12.631,2.725,22.25,14.739999999999998
00-0033077,2025,15,QB,Dak Prescott,DAL,rf,18.974,9.067,28.592,11.959999999999999
00-0033106,2025,15,QB,Jared Goff,DET,rf,15.393,5.487,25.012,25.52
00-0033119,2025,15,QB,Jacoby Brissett,ARI,rf,15.981,6.075,25.6,20.560000000000002
00-0033319,2025,15,QB,Nick Mullens,JAX,rf,3.387,0.0,13.005,-0.2
00-0033873,2025,15,QB,Patrick Mahomes,KC,rf,19.836,9.93,29.455,13.06
00-0034796,2025,15,QB,Lamar Jackson,BAL,rf,14.314,4.407,23.932,14.6
00-0034855,2025,15,QB,Baker Mayfield,TB,rf,13.114,3.208,22.733,19.18
00-0034857,2025,15,QB,Josh Allen,BUF,rf,23.104,13.198,32.722,24.52
00-0034869,2025,15,QB,Sam Darnold,SEA,rf,12.898,2.992,22.516,11.34
00-0035289,2025,15,QB,Gardner Minshew,KC,rf,2.902,0.0,12.52,-1.12
00-0035993,2025,15,QB,Tyler Huntley,BAL,rf,14.352,4.446,23.971,-0.30000000000000004
00-0036212,2025,15,QB,Tua Tagovailoa,MIA,rf,11.894,1.987,21.512,16.220000000000002
00-0036264,2025,15,QB,Jordan Love,GB,rf,14.599,4.693,24.217,13.940000000000001
00-0036355,2025,15,QB,Justin Herbert,LAC,rf,14.504,4.597,24.122,10.4
00-0036389,2025,15,QB,Jalen Hurts,PHI,rf,15.49,5.584,25.109,22.9
00-0036442,2025,15,QB,Joe Burrow,CIN,rf,13.228,3.322,22.847,5.5
00-0036971,2025,15,QB,Trevor Lawrence,JAX,rf,15.451,5.545,25.07,44.300000000000004
00-0037834,2025,15,QB,Brock Purdy,SF,rf,14.925,5.019,24.544,26.200000000000003
00-0038102,2025,15,QB,Kenny Pickett,LV,rf,6.062,0.0,15.681,1.2600000000000002
00-0038400,2025,15,QB,Tanner McKee,PHI,rf,5.297,0.0,14.916,2.22
00-0039150,2025,15,QB,Bryce Young,CAR,rf,14.677,4.771,24.296,15.42
00-0039163,2025,15,QB,C.J. Stroud,HOU,rf,13.636,3.73,23.254,23.4
00-0039376,2025,15,QB,Spencer Rattler,NO,rf,12.46,2.554,22.078,0.0
00-0039732,2025,15,QB,Bo Nix,DEN,rf,14.425,4.519,24.043,29.08
00-0039851,2025,15,QB,Drake Maye,NE,rf,19.394,9.488,29.012,20.5
00-0039918,2025,15,QB,Caleb Williams,CHI,rf,14.487,4.581,24.105,18.98
00-0039923,2025,15,QB,J.J. McCarthy,MIN,rf,12.7,2.794,22.318,23.5
00-0040398,2025,15,QB,Brady Cook,NYJ,rf,7.424,0.0,17.042,8.94
00-0040668,2025,15,QB,Shedeur Sanders,CLE,rf,13.59,3.684,23.208,3.4800000000000004
00-0040676,2025,15,QB,Cam Ward,TEN,rf,13.951,4.045,23.57,15.0
00-0040691,2025,15,QB,Jaxson Dart,NYG,rf,18.819,8.913,28.437,22.14
00-0040743,2025,15,QB,Tyler Shough,NO,rf,14.71,4.804,24.329,18.080000000000002
00-0022942,2025,16,QB,Philip Rivers,IND,rf,11.62,1.713,21.238,17.08
00-0023459,2025,16,QB,Aaron Rodgers,PIT,rf,13.46,3.554,23.078,15.540000000000001
00-0026158,2025,16,QB,Joe Flacco,CIN,rf,15.03,5.124,24.649,0.16
00-0026300,2025,16,QB,Josh Johnson,WAS,rf,5.205,0.0,14.824,-0.28
00-0026498,2025,16,QB,Matthew Stafford,LA,rf,17.892,7.986,27.511,30.880000000000003
00-0029604,2025,16,QB,Kirk Cousins,ATL,rf,12.344,2.438,21.963,17.58
00-0030565,2025,16,QB,Geno Smith,LV,rf,14.125,4.218,23.743,14.04
00-0032268,2025,16,QB,Marcus Mariota,WAS,rf,14.105,4.198,23.723,3.7
00-0033077,2025,16,QB,Dak Prescott,DAL,rf,16.238,6.332,25.857,19.159999999999997
00-0033106,2025,16,QB,Jared Goff,DET,rf,16.555,6.649,26.173,26.46
00-0033119,2025,16,QB,Jacoby Brissett,ARI,rf,16.435,6.529,26.053,10.620000000000001
00-0034796,2025,16,QB,Lamar Jackson,BAL,rf,13.804,3.898,23.422,4.74
00-0034855,2025,16,QB,Baker Mayfield,TB,rf,14.756,4.85,24.375,12.700000000000001
00-0034857,2025,16,QB,Josh Allen,BUF,rf,22.825,12.918,32.443,6.9
00-0034869,2025,16,QB,Sam Darnold,SEA,rf,15.097,5.191,24.715,19.5
00-0035289,2025,16,QB,Gardner Minshew,KC,rf,5.875,0.0,15.493,1.4
00-0035993,2025,16,QB,Tyler Huntley,BAL,rf,8.963,0.0,18.582,2.8000000000000003
00-0036264,2025,16,QB,Jordan Love,GB,rf,15.494,5.588,25.113,3.7800000000000002
00-0036355,2025,16,QB,Justin Herbert,LAC,rf,13.986,4.08,23.605,30.2
00-0036389,2025,16,QB,Jalen Hurts,PHI,rf,16.765,6.859,26.384,19.4
00-0036442,2025,16,QB,Joe Burrow,CIN,rf,13.563,3.656,23.181,28.96
00-0036971,2025,16,QB,Trevor Lawrence,JAX,rf,19.393,9.487,29.012,31.16
00-0036972,2025,16,QB,Mac Jones,SF,rf,8.301,0.0,17.92,-0.30000000000000004
00-0037324,2025,16,QB,Chris Oladokun,KC,rf,4.882,0.0,14.501,5.140000000000001
00-0037834,2025,16,QB,Brock Purdy,SF,rf,16.476,6.57,26.095,30.900000000000002
00-0038128,2025,16,QB,Malik Willis,GB,rf,3.719,0.0,13.337,13.24
00-0038400,2025,16,QB,Tanner McKee,PHI,rf,4.118,0.0,13.737,-0.2
00-0039150,2025,16,QB,Bryce Young,CAR,rf,15.419,5.512,25.037,17.64
00-0039163,2025,16,QB,C.J. Stroud,HOU,rf,14.794,4.887,24.412,11.48
00-0039398,2025,16,QB,Joe Milton III,DAL,rf,6.456,0.0,16.075,-0.8599999999999999
00-0039732,2025,16,QB,Bo Nix,DEN,rf,16.963,7.056,26.581,15.18
00-0039851,2025,16,QB,Drake Maye,NE,rf,19.15,9.243,28.768,23.700000000000003
00-0039918,2025,16,QB,Caleb Williams,CHI,rf,13.616,3.71,23.235,21.0
00-0039923,2025,16,QB,J.J. McCarthy,MIN,rf,13.367,3.461,22.986,8.32
00-0040206,2025,16,QB,Riley Leonard,IND,rf,8.927,0.0,18.545,0.0
00-0040234,2025,16,QB,Quinn Ewers,MIA,rf,5.432,0.0,15.05,6.9
00-0040398,2025,16,QB,Brady Cook,NYJ,rf,10.447,0.541,20.065,3.7200000000000006
00-0040494,2025,16,QB,Max Brosmer,MIN,rf,8.034,0.0,17.653,1.78
00-0040668,2025,16,QB,Shedeur Sanders,CLE,rf,13.781,3.875,23.4,11.180000000000001
00-0040676,2025,16,QB,Cam Ward,TEN,rf,13.256,3.35,22.875,18.02
00-0040691,2025,16,QB,Jaxson Dart,NYG,rf,19.851,9.945,29.469,0.02000000000000013
00-0040704,2025,16,QB,Dillon Gabriel,CLE,rf,8.033,0.0,17.651,0.0
00-0040743,2025,16,QB,Tyler Shough,NO,rf,17.118,7.212,26.737,17.12
00-0022942,2025,17,QB,Philip Rivers,IND,rf,11.463,1.557,21.082,7.779999999999999
00-0023459,2025,17,QB,Aaron Rodgers,PIT,rf,14.148,4.242,23.767,7.32
00-0026158,2025,17,QB,Joe Flacco,CIN,rf,9.658,0.0,19.277,1.16
00-0026300,2025,17,QB,Josh Johnson,WAS,rf,6.286,0.0,15.904,8.92
00-0026498,2025,17,QB,Matthew Stafford,LA,rf,19.182,9.276,28.8,12.759999999999998
00-0029604,2025,17,QB,Kirk Cousins,ATL,rf,14.128,4.222,23.747,9.139999999999999
00-0030565,2025,17,QB,Geno Smith,LV,rf,13.167,3.261,22.785,7.139999999999999
00-0033077,2025,17,QB,Dak Prescott,DAL,rf,16.7,6.794,26.318,22.68
00-0033106,2025,17,QB,Jared Goff,DET,rf,17.899,7.992,27.517,2.0799999999999983
00-0033119,2025,17,QB,Jacoby Brissett,ARI,rf,16.297,6.391,25.915,16.48
00-0033949,2025,17,QB,Joshua Dobbs,NE,rf,3.214,0.0,12.833,1.0999999999999999
00-0034855,2025,17,QB,Baker Mayfield,TB,rf,14.489,4.583,24.107,17.44
00-0034857,2025,17,QB,Josh Allen,BUF,rf,21.708,11.802,31.326,23.18
00-0034869,2025,17,QB,Sam Darnold,SEA,rf,14.77,4.864,24.389,6.079999999999998
00-0035993,2025,17,QB,Tyler Huntley,BAL,rf,9.481,0.0,19.099,14.280000000000001
00-0036355,2025,17,QB,Justin Herbert,LAC,rf,16.68,6.774,26.298,15.14
00-0036389,2025,17,QB,Jalen Hurts,PHI,rf,16.286,6.38,25.904,8.9
00-0036442,2025,17,QB,Joe Burrow,CIN,rf,15.542,5.636,25.16,20.400000000000002
00-0036971,2025,17,QB,Trevor Lawrence,JAX,rf,19.826,9.92,29.445,23.119999999999997
00-0037324,2025,17,QB,Chris Oladokun,KC,rf,10.831,0.925,20.449,7.74
00-0037834,2025,17,QB,Brock Purdy,SF,rf,16.999,7.093,26.617,36.92
00-0038102,2025,17,QB,Kenny Pickett,LV,rf,7.408,0.0,17.026,0.64
00-0038128,2025,17,QB,Malik Willis,GB,rf,7.417,0.0,17.036,31.519999999999996
00-0038582,2025,17,QB,Clayton Tune,GB,rf,5.171,0.0,14.789,-1.68
00-0039150,2025,17,QB,Bryce Young,CAR,rf,17.28,7.374,26.899,8.86
00-0039163,2025,17,QB,C.J. Stroud,HOU,rf,14.672,4.766,24.291,13.759999999999998
00-0039732,2025,17,QB,Bo Nix,DEN,rf,17.414,7.508,27.033,19.48
00-0039851,2025,17,QB,Drake Maye,NE,rf,18.22,8.314,27.839,32.440000000000005
00-0039918,2025,17,QB,Caleb Williams,CHI,rf,15.163,5.257,24.781,23.000000000000004
00-0040206,2025,17,QB,Riley Leonard,IND,rf,6.29,0.0,15.908,-2.0
00-0040234,2025,17,QB,Quinn Ewers,MIA,rf,7.247,0.0,16.865,15.78
00-0040398,2025,17,QB,Brady Cook,NYJ,rf,9.114,0.0,18.733,4.18
00-0040494,2025,17,QB,Max Brosmer,MIN,rf,7.673,0.0,17.291,3.64
00-0040668,2025,17,QB,Shedeur Sanders,CLE,rf,14.505,4.599,24.123,9.440000000000001
00-0040676,2025,17,QB,Cam Ward,TEN,rf,13.776,3.87,23.395,17.04
00-0040691,2025,17,QB,Jaxson Dart,NYG,rf,14.187,4.281,23.805,25.08
00-0040743,2025,17,QB,Tyler Shough,NO,rf,16.947,7.041,26.566,21.92
00-0023459,2025,18,QB,Aaron Rodgers,PIT,rf,14.781,4.874,24.399,17.759999999999998
00-0026158,2025,18,QB,Joe Flacco,CIN,rf,8.422,0.0,18.04,0.2
00-0026300,2025,18,QB,Josh Johnson,WAS,rf,11.058,1.151,20.676,15.740000000000002
00-0026498,2025,18,QB,Matthew Stafford,LA,rf,18.664,8.758,28.282,26.66
00-0029604,2025,18,QB,Kirk Cousins,ATL,rf,14.615,4.709,24.233,9.2
00-0031345,2025,18,QB,Jimmy Garoppolo,LA,rf,1.592,0.0,11.21,-0.30000000000000004
00-0032434,2025,18,QB,Brandon Allen,TEN,rf,4.092,0.0,13.71,0.8799999999999999
00-0033077,2025,18,QB,Dak Prescott,DAL,rf,19.389,9.483,29.007,0.7000000000000002
00-0033106,2025,18,QB,Jared Goff,DET,rf,15.078,5.172,24.697,15.240000000000002
00-0033119,2025,18,QB,Jacoby Brissett,ARI,rf,16.58,6.674,26.199,15.619999999999997
00-0033319,2025,18,QB,Nick Mullens,JAX,rf,3.311,0.0,12.929,0.44
00-0033869,2025,18,QB,Mitchell Trubisky,BUF,rf,3.359,0.0,12.977,28.86
00-0033949,2025,18,QB,Joshua Dobbs,NE,rf,6.019,0.0,15.638,0.92
00-0034796,2025,18,QB,Lamar Jackson,BAL,rf,14.07,4.164,23.689,20.419999999999998
00-0034855,2025,18,QB,Baker Mayfield,TB,rf,15.643,5.736,25.261,13.22
00-0034869,2025,18,QB,Sam Darnold,SEA,rf,14.615,4.709,24.234,8.82
00-0036442,2025,18,QB,Joe Burrow,CIN,rf,16.758,6.851,26.376,21.139999999999997
00-0036898,2025,18,QB,Davis Mills,HOU,rf,13.33,3.423,22.948,2.64
00-0036971,2025,18,QB,Trevor Lawrence,JAX,rf,18.519,8.613,28.138,23.300000000000004
00-0037012,2025,18,QB,Trey Lance,LAC,rf,3.882,0.0,13.5,8.34
00-0037013,2025,18,QB,Zach Wilson,MIA,rf,4.385,0.0,14.003,0.0
00-0037324,2025,18,QB,Chris Oladokun,KC,rf,10.659,0.752,20.277,-1.6800000000000002
00-0037834,2025,18,QB,Brock Purdy,SF,rf,21.726,11.82,31.344,5.18
00-0038102,2025,18,QB,Kenny Pickett,LV,rf,6.035,0.0,15.653,-0.9799999999999999
00-0038400,2025,18,QB,Tanner McKee,PHI,rf,4.526,0.0,14.144,11.940000000000001
00-0038579,2025,18,QB,Aidan O'Connell,LV,rf,10.862,0.956,20.48,4.78
00-0038582,2025,18,QB,Clayton Tune,GB,rf,4.122,0.0,13.741,3.66
00-0039150,2025,18,QB,Bryce Young,CAR,rf,14.104,4.197,23.722,16.54
00-0039163,2025,18,QB,C.J. Stroud,HOU,rf,14.475,4.568,24.093,17.259999999999998
00-0039398,2025,18,QB,Joe Milton III,DAL,rf,5.667,0.0,15.285,5.22
00-0039732,2025,18,QB,Bo Nix,DEN,rf,17.196,7.289,26.814,10.54
00-0039851,2025,18,QB,Drake Maye,NE,rf,20.89,10.984,30.508,15.740000000000002
00-0039918,2025,18,QB,Caleb Williams,CHI,rf,16.073,6.167,25.692,16.58
00-0039923,2025,18,QB,J.J. McCarthy,MIN,rf,13.763,3.857,23.381,7.98
00-0040206,2025,18,QB,Riley Leonard,IND,rf,4.666,0.0,14.284,22.6
00-0040234,2025,18,QB,Quinn Ewers,MIA,rf,11.437,1.531,21.056,8.38
00-0040398,2025,18,QB,Brady Cook,NYJ,rf,9.669,0.0,19.287,9.100000000000001
00-0040494,2025,18,QB,Max Brosmer,MIN,rf,9.243,0.0,18.861,0.28000000000000025
00-0040668,2025,18,QB,Shedeur Sanders,CLE,rf,13.266,3.36,22.885,5.040000000000001
00-0040676,2025,18,QB,Cam Ward,TEN,rf,14.609,4.703,24.228,9.18
00-0040691,2025,18,QB,Jaxson Dart,NYG,rf,15.514,5.608,25.132,20.400000000000002
00-0040743,2025,18,QB,Tyler Shough,NO,rf,15.814,5.908,25.433,21.759999999999998
00-0032764,2025,1,RB,Derrick Henry,BAL,rf,15.06,8.43,22.631,29.2
00-0033280,2025,1,RB,Christian McCaffrey,SF,rf,11.801,5.17,19.371,23.200000000000003
00-0033293,2025,1,RB,Aaron Jones,MIN,rf,11.975,5.344,19.545,15.7
00-0033526,2025,1,RB,Samaje Perine,CIN,rf,3.8,0.0,11.37,2.6
00-0033553,2025,1,RB,James Conner,ARI,rf,10.551,3.92,18.121,14.4
00-0033699,2025,1,RB,Austin Ekeler,WAS,rf,9.241,2.611,16.812,8.7
00-0033854,2025,1,RB,Dare Ogunbowale,HOU,rf,4.146,0.0,11.716,2.6
00-0033906,2025,1,RB,Alvin Kamara,NO,rf,10.456,3.826,18.027,13.7
00-0033923,2025,1,RB,Kareem Hunt,KC,rf,5.821,0.0,13.391,4.6
00-0033955,2025,1,RB,Jeremy McNichols,WAS,rf,3.989,0.0,11.56,2.5
00-0034791,2025,1,RB,Nick Chubb,HOU,rf,7.077,0.446,14.647,6.0
00-0034844,2025,1,RB,Saquon Barkley,PHI,rf,13.213,6.583,20.784,18.4
00-0034975,2025,1,RB,Justice Hill,BAL,rf,8.081,1.45,15.651,-0.10000000000000009
00-0035243,2025,1,RB,Miles Sanders,DAL,rf,8.807,2.177,16.378,4.0
00-0035250,2025,1,RB,Devin Singletary,NYG,rf,5.182,0.0,12.752,0.9
00-0035261,2025,1,RB,Tony Pollard,TEN,rf,8.209,1.578,15.779,7.9
00-0035537,2025,1,RB,Ty Johnson,BUF,rf,5.104,0.0,12.674,2.4000000000000004
00-0035567,2025,1,RB,Craig Reynolds,DET,rf,4.718,0.0,12.288,0.0
00-0035685,2025,1,RB,David Montgomery,DET,rf,12.785,6.154,20.355,8.3
00-0035700,2025,1,RB,Josh Jacobs,GB,rf,12.277,5.647,19.848,14.0
00-0036139,2025,1,RB,Rico Dowdle,CAR,rf,11.734,5.104,19.305,3.6
00-0036158,2025,1,RB,J.K. Dobbins,DEN,rf,11.435,4.804,19.005,14.8
00-0036223,2025,1,RB,Jonathan Taylor,IND,rf,15.521,8.89,23.091,12.8
00-0036265,2025,1,RB,AJ Dillon,PHI,rf,6.928,0.298,14.499,1.0
00-0036275,2025,1,RB,D'Andre Swift,CHI,rf,9.281,2.651,16.852,9.5
00-0036328,2025,1,RB,Antonio Gibson,NE,rf,8.732,2.102,16.303,0.30000000000000004
00-0036555,2025,1,RB,Chuba Hubbard,CAR,rf,14.763,8.132,22.333,17.9
00-0036842,2025,1,RB,Kene Nwangwu,NYJ,rf,1.693,0.0,9.263,0.0
00-0036875,2025,1,RB,Rhamondre Stevenson,NE,rf,4.978,0.0,12.548,4.7
00-0036893,2025,1,RB,Najee Harris,LAC,rf,8.321,1.69,15.891,2.0
00-0036919,2025,1,RB,Kenny Gainwell,PIT,rf,7.251,0.62,14.821,5.300000000000001
00-0036973,2025,1,RB,Travis Etienne,JAX,rf,9.014,2.383,16.584,18.6
00-0036997,2025,1,RB,Javonte Williams,DAL,rf,5.183,0.0,12.753,20.4
00-0037085,2025,1,RB,Tyler Badie,DEN,rf,4.062,0.0,11.632,3.6
00-0037197,2025,1,RB,Isiah Pacheco,KC,rf,7.692,1.061,15.262,4.800000000000001
00-0037228,2025,1,RB,Jaylen Warren,PIT,rf,7.564,0.933,15.134,13.9
00-0037248,2025,1,RB,James Cook,BUF,rf,11.226,4.595,18.796,21.200000000000003
00-0037256,2025,1,RB,Rachaad White,TB,rf,9.097,2.466,16.667,2.6
00-0037258,2025,1,RB,Dameon Pierce,HOU,rf,6.144,0.0,13.714,0.5
00-0037263,2025,1,RB,Tyler Allgeier,ATL,rf,7.193,0.562,14.763,2.4000000000000004
00-0037267,2025,1,RB,Jerome Ford,CLE,rf,7.518,0.887,15.088,1.5
00-0037276,2025,1,RB,Ty Chandler,MIN,rf,4.544,0.0,12.114,0.0
00-0037525,2025,1,RB,Jordan Mason,MIN,rf,5.688,0.0,13.258,8.5
00-0037594,2025,1,RB,Julius Chestnut,TEN,rf,3.216,0.0,10.787,0.2
00-0037617,2025,1,RB,Hassan Haskins,LAC,rf,6.109,0.0,13.679,0.0
00-0037746,2025,1,RB,Brian Robinson,SF,rf,8.034,1.403,15.604,4.7
00-0037840,2025,1,RB,Kyren Williams,LA,rf,13.738,7.107,21.308,13.9
00-0038040,2025,1,RB,Zamir White,LV,rf,5.2,0.0,12.77,0.8
00-0038120,2025,1,RB,Breece Hall,NYJ,rf,12.926,6.296,20.496,16.5
00-0038134,2025,1,RB,Kenneth Walker III,SEA,rf,14.969,8.339,22.54,5.4
00-0038488,2025,1,RB,Brady Russell,SEA,rf,1.059,0.0,8.629,0.0
00-0038542,2025,1,RB,Bijan Robinson,ATL,rf,15.987,9.357,23.557,24.4
00-0038551,2025,1,RB,Kendre Miller,NO,rf,6.067,0.0,13.637,2.4000000000000004
00-0038555,2025,1,RB,Tank Bigsby,JAX,rf,8.081,1.45,15.651,1.2000000000000002
00-0038597,2025,1,RB,Chase Brown,CIN,rf,12.66,6.029,20.23,13.100000000000001
00-0038685,2025,1,RB,Chris Brooks,GB,rf,4.779,0.0,12.349,1.3
00-0038705,2025,1,RB,Emari Demercado,ARI,rf,3.487,0.0,11.057,0.0
00-0038797,2025,1,RB,Emanuel Wilson,GB,rf,7.112,0.481,14.682,0.4
00-0038951,2025,1,RB,Sean Tucker,TB,rf,4.183,0.0,11.754,0.2
00-0039040,2025,1,RB,De'Von Achane,MIA,rf,12.416,5.785,19.986,16.5
00-0039139,2025,1,RB,Jahmyr Gibbs,DET,rf,16.676,10.045,24.246,15.0
00-0039165,2025,1,RB,Zach Charbonnet,SEA,rf,12.896,6.265,20.466,10.7
00-0039299,2025,1,RB,George Holani,SEA,rf,1.284,0.0,8.854,0.0
00-0039361,2025,1,RB,Bucky Irving,TB,rf,13.582,6.952,21.153,14.5
00-0039363,2025,1,RB,Isaac Guerendo,SF,rf,6.827,0.197,14.398,0.0
00-0039384,2025,1,RB,Tyrone Tracy Jr.,NYG,rf,11.485,4.854,19.055,5.5
00-0039407,2025,1,RB,Dylan Laube,LV,rf,1.059,0.0,8.629,0.0
00-0039738,2025,1,RB,Blake Corum,LA,rf,4.829,0.0,12.399,2.6
00-0039746,2025,1,RB,Will Shipley,PHI,rf,5.767,0.0,13.338,2.6
00-0039794,2025,1,RB,Braelon Allen,NYJ,rf,5.44,0.0,13.01,6.9
00-0039796,2025,1,RB,Rasheen Ali,BAL,rf,3.183,0.0,10.753,0.5
00-0039798,2025,1,RB,Isaiah Davis,NYJ,rf,5.267,0.0,12.837,1.8
00-0039875,2025,1,RB,Ray Davis,BUF,rf,6.209,0.0,13.779,1.1
00-0039921,2025,1,RB,Trey Benson,ARI,rf,4.936,0.0,12.506,8.5
00-0032764,2025,2,RB,Derrick Henry,BAL,rf,20.992,14.361,28.562,2.3000000000000003
00-0033280,2025,2,RB,Christian McCaffrey,SF,rf,16.955,10.325,24.526,22.700000000000003
00-0033293,2025,2,RB,Aaron Jones,MIN,rf,13.437,6.806,21.007,2.3000000000000003
00-0033526,2025,2,RB,Samaje Perine,CIN,rf,3.681,0.0,11.252,0.0
00-0033553,2025,2,RB,James Conner,ARI,rf,13.935,7.304,21.505,12.2
00-0033699,2025,2,RB,Austin Ekeler,WAS,rf,10.032,3.401,17.602,4.4
00-0033854,2025,2,RB,Dare Ogunbowale,HOU,rf,4.675,0.0,12.245,0.0
00-0033906,2025,2,RB,Alvin Kamara,NO,rf,12.444,5.813,20.014,16.0
00-0033923,2025,2,RB,Kareem Hunt,KC,rf,6.986,0.355,14.556,4.4
00-0034791,2025,2,RB,Nick Chubb,HOU,rf,10.073,3.443,17.643,15.2
00-0034844,2025,2,RB,Saquon Barkley,PHI,rf,16.476,9.846,24.046,17.4
00-0034975,2025,2,RB,Justice Hill,BAL,rf,5.704,0.0,13.274,5.5
00-0035243,2025,2,RB,Miles Sanders,DAL,rf,7.767,1.136,15.337,9.9
00-0035250,2025,2,RB,Devin Singletary,NYG,rf,3.533,0.0,11.104,1.0
00-0035261,2025,2,RB,Tony Pollard,TEN,rf,13.433,6.802,21.003,9.200000000000001
00-0035537,2025,2,RB,Ty Johnson,BUF,rf,5.304,0.0,12.874,0.6000000000000001
00-0035567,2025,2,RB,Craig Reynolds,DET,rf,2.576,0.0,10.146,0.4
00-0035685,2025,2,RB,David Montgomery,DET,rf,13.253,6.622,20.823,13.100000000000001
00-0035700,2025,2,RB,Josh Jacobs,GB,rf,13.569,6.938,21.139,14.4
00-0035726,2025,2,RB,Jakob Johnson,HOU,rf,1.059,0.0,8.629,0.0
00-0036139,2025,2,RB,Rico Dowdle,CAR,rf,7.999,1.368,15.569,2.9000000000000004
00-0036158,2025,2,RB,J.K. Dobbins,DEN,rf,12.981,6.35,20.551,15.5
00-0036187,2025,2,RB,Reggie Gilliam,BUF,rf,2.512,0.0,10.082,0.0
00-0036223,2025,2,RB,Jonathan Taylor,IND,rf,17.637,11.006,25.207,29.5
00-0036265,2025,2,RB,AJ Dillon,PHI,rf,5.402,0.0,12.973,1.9000000000000001
00-0036275,2025,2,RB,D'Andre Swift,CHI,rf,14.547,7.916,22.117,13.9
00-0036328,2025,2,RB,Antonio Gibson,NE,rf,5.127,0.0,12.697,9.8
00-0036555,2025,2,RB,Chuba Hubbard,CAR,rf,15.886,9.256,23.457,18.7
00-0036875,2025,2,RB,Rhamondre Stevenson,NE,rf,8.203,1.572,15.773,21.200000000000003
00-0036893,2025,2,RB,Najee Harris,LAC,rf,4.189,0.0,11.759,6.800000000000001
00-0036919,2025,2,RB,Kenny Gainwell,PIT,rf,7.313,0.682,14.883,6.6
00-0036973,2025,2,RB,Travis Etienne,JAX,rf,14.398,7.767,21.968,16.9
00-0036997,2025,2,RB,Javonte Williams,DAL,rf,12.374,5.743,19.944,25.0
00-0037085,2025,2,RB,Tyler Badie,DEN,rf,4.43,0.0,12.0,4.2
00-0037157,2025,2,RB,Bam Knight,ARI,rf,2.703,0.0,10.273,0.0
00-0037197,2025,2,RB,Isiah Pacheco,KC,rf,7.024,0.393,14.594,3.9000000000000004
00-0037228,2025,2,RB,Jaylen Warren,PIT,rf,11.311,4.68,18.881,17.4
00-0037248,2025,2,RB,James Cook,BUF,rf,15.048,8.417,22.618,26.5
00-0037256,2025,2,RB,Rachaad White,TB,rf,7.191,0.56,14.761,14.600000000000001
00-0037263,2025,2,RB,Tyler Allgeier,ATL,rf,6.823,0.192,14.393,15.0
00-0037267,2025,2,RB,Jerome Ford,CLE,rf,7.161,0.53,14.731,10.4
00-0037525,2025,2,RB,Jordan Mason,MIN,rf,10.043,3.412,17.613,5.800000000000001
00-0037617,2025,2,RB,Hassan Haskins,LAC,rf,2.821,0.0,10.391,0.0
00-0037746,2025,2,RB,Brian Robinson,SF,rf,7.383,0.752,14.953,2.9000000000000004
00-0037840,2025,2,RB,Kyren Williams,LA,rf,13.569,6.938,21.139,10.0
00-0038040,2025,2,RB,Zamir White,LV,rf,3.675,0.0,11.246,3.3
00-0038120,2025,2,RB,Breece Hall,NYJ,rf,16.12,9.489,23.69,5.800000000000001
00-0038134,2025,2,RB,Kenneth Walker III,SEA,rf,13.411,6.781,20.982,18.8
00-0038488,2025,2,RB,Brady Russell,SEA,rf,0.99,0.0,8.56,0.0
00-0038542,2025,2,RB,Bijan Robinson,ATL,rf,18.91,12.279,26.48,19.8
00-0038551,2025,2,RB,Kendre Miller,NO,rf,5.823,0.0,13.393,2.0
00-0038597,2025,2,RB,Chase Brown,CIN,rf,13.033,6.402,20.603,8.5
00-0038678,2025,2,RB,Jordan Mims,TEN,rf,3.647,0.0,11.217,0.0
00-0038685,2025,2,RB,Chris Brooks,GB,rf,3.698,0.0,11.268,5.7
00-0038738,2025,2,RB,Hunter Luepke,DAL,rf,2.737,0.0,10.307,0.0
00-0038797,2025,2,RB,Emanuel Wilson,GB,rf,3.741,0.0,11.311,0.0
00-0038896,2025,2,RB,Jacob Saylors,DET,rf,0.99,0.0,8.56,0.0
00-0038951,2025,2,RB,Sean Tucker,TB,rf,3.024,0.0,10.594,0.0
00-0039021,2025,2,RB,Roschon Johnson,CHI,rf,3.127,0.0,10.697,0.0
00-0039040,2025,2,RB,De'Von Achane,MIA,rf,11.936,5.305,19.506,26.200000000000003
00-0039139,2025,2,RB,Jahmyr Gibbs,DET,rf,17.403,10.772,24.973,19.4
00-0039165,2025,2,RB,Zach Charbonnet,SEA,rf,9.477,2.846,17.047,1.0
00-0039299,2025,2,RB,George Holani,SEA,rf,1.419,0.0,8.989,6.0
00-0039361,2025,2,RB,Bucky Irving,TB,rf,13.543,6.913,21.113,18.1
00-0039363,2025,2,RB,Isaac Guerendo,SF,rf,4.878,0.0,12.448,0.0
00-0039384,2025,2,RB,Tyrone Tracy Jr.,NYG,rf,11.068,4.437,18.638,9.100000000000001
00-0039407,2025,2,RB,Dylan Laube,LV,rf,0.99,0.0,8.56,3.7
00-0039738,2025,2,RB,Blake Corum,LA,rf,4.535,0.0,12.106,10.4
00-0039794,2025,2,RB,Braelon Allen,NYJ,rf,5.174,0.0,12.744,1.1
00-0039796,2025,2,RB,Rasheen Ali,BAL,rf,3.405,0.0,10.976,0.0
00-0039798,2025,2,RB,Isaiah Davis,NYJ,rf,3.153,0.0,10.723,1.6
00-0039875,2025,2,RB,Ray Davis,BUF,rf,4.724,0.0,12.295,2.4000000000000004
00-0039921,2025,2,RB,Trey Benson,ARI,rf,7.27,0.64,14.841,8.4
00-0040078,2025,2,RB,Brashard Smith,KC,rf,0.99,0.0,8.56,0.2
00-0040122,2025,2,RB,Ashton Jeanty,LV,rf,14.404,7.774,21.975,7.4
00-0040142,2025,2,RB,Kaleb Johnson,PIT,rf,3.844,0.0,11.414,0.1
00-0040162,2025,2,RB,Dylan Sampson,CLE,rf,16.005,9.374,23.575,10.9
00-0040179,2025,2,RB,DJ Giddens,IND,rf,6.583,0.0,14.153,0.0
00-0040198,2025,2,RB,Ollie Gordon II,MIA,rf,4.531,0.0,12.101,2.3
00-0040208,2025,2,RB,Tahj Brooks,CIN,rf,0.99,0.0,8.56,0.0
00-0040236,2025,2,RB,Kyle Monangai,CHI,rf,2.679,0.0,10.249,4.6
00-0040238,2025,2,RB,LeQuint Allen Jr.,JAX,rf,3.627,0.0,11.197,1.3
00-0040242,2025,2,RB,Jacory Croskey-Merritt,WAS,rf,10.251,3.62,17.821,1.7000000000000002
00-0040583,2025,2,RB,Woody Marks,HOU,rf,4.634,0.0,12.204,6.1000000000000005
00-0040644,2025,2,RB,Trevor Etienne,CAR,rf,3.886,0.0,11.456,1.2
00-0040666,2025,2,RB,Omarion Hampton,LAC,rf,13.742,7.112,21.313,3.5
00-0040715,2025,2,RB,Cam Skattebo,NYG,rf,4.228,0.0,11.798,13.9
00-0040719,2025,2,RB,Bhayshul Tuten,JAX,rf,3.118,0.0,10.688,15.4
00-0040730,2025,2,RB,RJ Harvey,DEN,rf,9.691,3.06,17.261,3.4000000000000004
00-0040734,2025,2,RB,TreVeyon Henderson,NE,rf,12.284,5.653,19.854,6.0
00-0032764,2025,3,RB,Derrick Henry,BAL,rf,14.671,8.04,22.241,10.7
00-0033280,2025,3,RB,Christian McCaffrey,SF,rf,17.706,11.075,25.276,24.0
00-0033526,2025,3,RB,Samaje Perine,CIN,rf,2.866,0.0,10.437,0.10000000000000009
00-0033553,2025,3,RB,James Conner,ARI,rf,11.801,5.17,19.371,6.7
00-0033854,2025,3,RB,Dare Ogunbowale,HOU,rf,2.982,0.0,10.552,0.0
00-0033906,2025,3,RB,Alvin Kamara,NO,rf,15.115,8.484,22.685,6.6000000000000005
00-0033923,2025,3,RB,Kareem Hunt,KC,rf,7.467,0.836,15.037,11.4
00-0033955,2025,3,RB,Jeremy McNichols,WAS,rf,3.73,0.0,11.301,13.8
00-0034791,2025,3,RB,Nick Chubb,HOU,rf,11.161,4.531,18.731,7.0
00-0034844,2025,3,RB,Saquon Barkley,PHI,rf,14.544,7.913,22.114,9.5
00-0034975,2025,3,RB,Justice Hill,BAL,rf,6.559,0.0,14.129,7.5
00-0035243,2025,3,RB,Miles Sanders,DAL,rf,7.192,0.562,14.762,8.3
00-0035250,2025,3,RB,Devin Singletary,NYG,rf,3.405,0.0,10.975,1.1
00-0035261,2025,3,RB,Tony Pollard,TEN,rf,11.25,4.619,18.82,13.9
00-0035537,2025,3,RB,Ty Johnson,BUF,rf,4.361,0.0,11.931,3.1
00-0035685,2025,3,RB,David Montgomery,DET,rf,11.963,5.332,19.533,29.400000000000002
00-0035700,2025,3,RB,Josh Jacobs,GB,rf,13.303,6.673,20.874,12.4
00-0035726,2025,3,RB,Jakob Johnson,HOU,rf,0.698,0.0,8.268,0.0
00-0036139,2025,3,RB,Rico Dowdle,CAR,rf,7.774,1.143,15.344,10.8
00-0036158,2025,3,RB,J.K. Dobbins,DEN,rf,13.224,6.593,20.794,15.3
00-0036223,2025,3,RB,Jonathan Taylor,IND,rf,16.876,10.245,24.446,32.8
00-0036275,2025,3,RB,D'Andre Swift,CHI,rf,12.208,5.577,19.778,10.8
00-0036328,2025,3,RB,Antonio Gibson,NE,rf,5.173,0.0,12.743,0.8000000000000003
00-0036414,2025,3,RB,Cam Akers,MIN,rf,3.958,0.0,11.528,1.9000000000000001
00-0036555,2025,3,RB,Chuba Hubbard,CAR,rf,16.494,9.863,24.064,9.600000000000001
00-0036875,2025,3,RB,Rhamondre Stevenson,NE,rf,10.811,4.18,18.381,4.6000000000000005
00-0036893,2025,3,RB,Najee Harris,LAC,rf,8.024,1.393,15.594,2.8000000000000003
00-0036919,2025,3,RB,Kenny Gainwell,PIT,rf,7.835,1.205,15.406,9.6
00-0036973,2025,3,RB,Travis Etienne,JAX,rf,14.424,7.793,21.994,11.600000000000001
00-0036997,2025,3,RB,Javonte Williams,DAL,rf,16.533,9.902,24.103,12.200000000000001
00-0037085,2025,3,RB,Tyler Badie,DEN,rf,4.464,0.0,12.035,0.0
00-0037120,2025,3,RB,Tyler Goodson,IND,rf,1.362,0.0,8.932,0.6000000000000001
00-0037197,2025,3,RB,Isiah Pacheco,KC,rf,6.89,0.26,14.461,5.800000000000001
00-0037228,2025,3,RB,Jaylen Warren,PIT,rf,11.769,5.138,19.339,13.1
00-0037248,2025,3,RB,James Cook,BUF,rf,15.116,8.485,22.686,20.8
00-0037256,2025,3,RB,Rachaad White,TB,rf,9.213,2.582,16.783,2.4000000000000004
00-0037263,2025,3,RB,Tyler Allgeier,ATL,rf,8.907,2.276,16.477,1.4
00-0037267,2025,3,RB,Jerome Ford,CLE,rf,10.82,4.189,18.39,5.0
00-0037525,2025,3,RB,Jordan Mason,MIN,rf,9.436,2.805,17.006,23.6
00-0037594,2025,3,RB,Julius Chestnut,TEN,rf,3.392,0.0,10.962,2.6
00-0037617,2025,3,RB,Hassan Haskins,LAC,rf,2.75,0.0,10.32,0.0
00-0037746,2025,3,RB,Brian Robinson,SF,rf,6.268,0.0,13.838,2.2
00-0037840,2025,3,RB,Kyren Williams,LA,rf,13.883,7.252,21.453,19.200000000000003
00-0038040,2025,3,RB,Zamir White,LV,rf,5.82,0.0,13.39,3.3000000000000003
00-0038120,2025,3,RB,Breece Hall,NYJ,rf,13.453,6.822,21.023,9.2
00-0038134,2025,3,RB,Kenneth Walker III,SEA,rf,12.574,5.943,20.144,18.0
00-0038488,2025,3,RB,Brady Russell,SEA,rf,0.665,0.0,8.235,0.0
00-0038542,2025,3,RB,Bijan Robinson,ATL,rf,18.538,11.907,26.108,16.1
00-0038551,2025,3,RB,Kendre Miller,NO,rf,5.074,0.0,12.644,5.6
00-0038555,2025,3,RB,Tank Bigsby,PHI,rf,6.658,0.027,14.228,0.0
00-0038597,2025,3,RB,Chase Brown,CIN,rf,13.667,7.036,21.237,6.0
00-0038611,2025,3,RB,Chris Rodriguez Jr.,WAS,rf,2.886,0.0,10.456,3.9000000000000004
00-0038685,2025,3,RB,Chris Brooks,GB,rf,5.009,0.0,12.58,0.0
00-0038705,2025,3,RB,Emari Demercado,ARI,rf,2.204,0.0,9.774,0.0
00-0038797,2025,3,RB,Emanuel Wilson,GB,rf,2.67,0.0,10.24,2.5
00-0038896,2025,3,RB,Jacob Saylors,DET,rf,0.665,0.0,8.235,0.0
00-0038951,2025,3,RB,Sean Tucker,TB,rf,1.592,0.0,9.162,0.0
00-0039021,2025,3,RB,Roschon Johnson,CHI,rf,2.208,0.0,9.779,0.0
00-0039040,2025,3,RB,De'Von Achane,MIA,rf,15.294,8.663,22.864,16.1
00-0039139,2025,3,RB,Jahmyr Gibbs,DET,rf,17.527,10.896,25.097,26.9
00-0039299,2025,3,RB,George Holani,SEA,rf,1.51,0.0,9.08,4.2
00-0039361,2025,3,RB,Bucky Irving,TB,rf,17.486,10.855,25.056,13.9
00-0039363,2025,3,RB,Isaac Guerendo,SF,rf,2.855,0.0,10.425,0.0
00-0039364,2025,3,RB,Sione Vaki,DET,rf,2.539,0.0,10.109,0.0
00-0039384,2025,3,RB,Tyrone Tracy Jr.,NYG,rf,11.232,4.601,18.802,5.6
00-0039407,2025,3,RB,Dylan Laube,LV,rf,2.765,0.0,10.336,0.2
00-0039738,2025,3,RB,Blake Corum,LA,rf,5.088,0.0,12.658,5.300000000000001
00-0039794,2025,3,RB,Braelon Allen,NYJ,rf,3.932,0.0,11.502,6.7
00-0039796,2025,3,RB,Rasheen Ali,BAL,rf,1.102,0.0,8.672,0.0
00-0039798,2025,3,RB,Isaiah Davis,NYJ,rf,3.404,0.0,10.974,0.0
00-0039875,2025,3,RB,Ray Davis,BUF,rf,5.579,0.0,13.149,0.0
00-0039921,2025,3,RB,Trey Benson,ARI,rf,7.219,0.588,14.789,8.100000000000001
00-0040078,2025,3,RB,Brashard Smith,KC,rf,1.805,0.0,9.375,1.3
00-0040122,2025,3,RB,Ashton Jeanty,LV,rf,15.043,8.412,22.613,6.300000000000001
00-0040162,2025,3,RB,Dylan Sampson,CLE,rf,11.156,4.526,18.727,0.2
00-0040179,2025,3,RB,DJ Giddens,IND,rf,4.916,0.0,12.486,0.30000000000000004
00-0040198,2025,3,RB,Ollie Gordon II,MIA,rf,3.588,0.0,11.158,9.8
00-0040208,2025,3,RB,Tahj Brooks,CIN,rf,0.665,0.0,8.235,1.7000000000000002
00-0040236,2025,3,RB,Kyle Monangai,CHI,rf,5.63,0.0,13.2,3.0
00-0040238,2025,3,RB,LeQuint Allen Jr.,JAX,rf,2.97,0.0,10.54,1.9
00-0040242,2025,3,RB,Jacory Croskey-Merritt,WAS,rf,5.563,0.0,13.133,10.1
00-0040583,2025,3,RB,Woody Marks,HOU,rf,5.019,0.0,12.589,4.6
00-0040644,2025,3,RB,Trevor Etienne,CAR,rf,1.73,0.0,9.301,0.0
00-0040666,2025,3,RB,Omarion Hampton,LAC,rf,7.809,1.178,15.379,24.9
00-0040715,2025,3,RB,Cam Skattebo,NYG,rf,8.304,1.673,15.874,24.1
00-0040719,2025,3,RB,Bhayshul Tuten,JAX,rf,11.501,4.87,19.071,8.1
00-0040730,2025,3,RB,RJ Harvey,DEN,rf,5.909,0.0,13.479,4.6
00-0040734,2025,3,RB,TreVeyon Henderson,NE,rf,8.369,1.738,15.939,7.7
00-0040784,2025,3,RB,Quinshon Judkins,CLE,rf,11.01,4.38,18.581,16.5
00-0031687,2025,4,RB,Raheem Mostert,LV,rf,3.332,0.0,10.902,8.3
00-0032764,2025,4,RB,Derrick Henry,BAL,rf,13.195,6.564,20.765,7.800000000000001
00-0033280,2025,4,RB,Christian McCaffrey,SF,rf,15.782,9.151,23.352,26.1
00-0033526,2025,4,RB,Samaje Perine,CIN,rf,4.047,0.0,11.617,0.4
00-0033906,2025,4,RB,Alvin Kamara,NO,rf,13.916,7.285,21.486,11.2
00-0033923,2025,4,RB,Kareem Hunt,KC,rf,9.01,2.379,16.58,5.7
00-0033955,2025,4,RB,Jeremy McNichols,WAS,rf,6.553,0.0,14.123,1.3
00-0034791,2025,4,RB,Nick Chubb,HOU,rf,7.878,1.248,15.449,8.2
00-0034844,2025,4,RB,Saquon Barkley,PHI,rf,14.221,7.59,21.791,17.4
00-0034975,2025,4,RB,Justice Hill,BAL,rf,5.93,0.0,13.5,28.700000000000003
00-0035243,2025,4,RB,Miles Sanders,DAL,rf,9.626,2.996,17.197,4.5
00-0035250,2025,4,RB,Devin Singletary,NYG,rf,3.501,0.0,11.071,2.8000000000000003
00-0035261,2025,4,RB,Tony Pollard,TEN,rf,13.148,6.517,20.718,10.600000000000001
00-0035537,2025,4,RB,Ty Johnson,BUF,rf,4.592,0.0,12.162,0.0
00-0035567,2025,4,RB,Craig Reynolds,DET,rf,3.698,0.0,11.268,0.0
00-0035685,2025,4,RB,David Montgomery,DET,rf,12.03,5.399,19.6,1.2000000000000002
00-0035700,2025,4,RB,Josh Jacobs,GB,rf,17.344,10.713,24.914,31.700000000000003
00-0036139,2025,4,RB,Rico Dowdle,CAR,rf,7.786,1.155,15.356,4.0
00-0036158,2025,4,RB,J.K. Dobbins,DEN,rf,13.087,6.456,20.657,11.5
00-0036223,2025,4,RB,Jonathan Taylor,IND,rf,18.364,11.734,25.934,14.600000000000001
00-0036265,2025,4,RB,AJ Dillon,PHI,rf,4.451,0.0,12.021,1.7000000000000002
00-0036275,2025,4,RB,D'Andre Swift,CHI,rf,14.863,8.232,22.433,16.0
00-0036328,2025,4,RB,Antonio Gibson,NE,rf,5.346,0.0,12.916,8.7
00-0036555,2025,4,RB,Chuba Hubbard,CAR,rf,14.132,7.501,21.702,9.9
00-0036875,2025,4,RB,Rhamondre Stevenson,NE,rf,9.422,2.791,16.992,5.1000000000000005
00-0036919,2025,4,RB,Kenny Gainwell,PIT,rf,7.548,0.917,15.118,31.4
00-0036924,2025,4,RB,Michael Carter,ARI,rf,10.749,4.118,18.319,0.1
00-0036973,2025,4,RB,Travis Etienne,JAX,rf,13.603,6.972,21.173,19.5
00-0036984,2025,4,RB,Trey Sermon,PIT,rf,2.432,0.0,10.003,0.0
00-0036997,2025,4,RB,Javonte Williams,DAL,rf,15.608,8.977,23.178,19.0
00-0037085,2025,4,RB,Tyler Badie,DEN,rf,2.829,0.0,10.399,2.1
00-0037120,2025,4,RB,Tyler Goodson,IND,rf,2.928,0.0,10.498,1.0
00-0037157,2025,4,RB,Bam Knight,ARI,rf,2.208,0.0,9.779,0.0
00-0037197,2025,4,RB,Isiah Pacheco,KC,rf,6.631,0.001,14.202,12.8
00-0037248,2025,4,RB,James Cook,BUF,rf,15.969,9.338,23.539,22.5
00-0037256,2025,4,RB,Rachaad White,TB,rf,8.071,1.441,15.642,8.600000000000001
00-0037263,2025,4,RB,Tyler Allgeier,ATL,rf,4.226,0.0,11.796,11.100000000000001
00-0037267,2025,4,RB,Jerome Ford,CLE,rf,7.734,1.103,15.304,1.3
00-0037525,2025,4,RB,Jordan Mason,MIN,rf,11.105,4.474,18.675,10.2
00-0037594,2025,4,RB,Julius Chestnut,TEN,rf,2.721,0.0,10.291,0.0
00-0037617,2025,4,RB,Hassan Haskins,LAC,rf,2.571,0.0,10.141,0.0
00-0037746,2025,4,RB,Brian Robinson,SF,rf,4.702,0.0,12.272,2.1
00-0037840,2025,4,RB,Kyren Williams,LA,rf,13.455,6.824,21.025,10.4
00-0038120,2025,4,RB,Breece Hall,NYJ,rf,14.347,7.716,21.917,16.1
00-0038134,2025,4,RB,Kenneth Walker III,SEA,rf,11.702,5.072,19.273,12.0
00-0038440,2025,4,RB,Zavier Scott,MIN,rf,8.932,2.301,16.502,16.4
00-0038542,2025,4,RB,Bijan Robinson,ATL,rf,17.745,11.114,25.315,28.1
00-0038551,2025,4,RB,Kendre Miller,NO,rf,5.454,0.0,13.024,12.5
00-0038555,2025,4,RB,Tank Bigsby,PHI,rf,3.031,0.0,10.601,0.0
00-0038597,2025,4,RB,Chase Brown,CIN,rf,12.349,5.718,19.919,10.100000000000001
00-0038611,2025,4,RB,Chris Rodriguez Jr.,WAS,rf,5.474,0.0,13.044,5.9
00-0038685,2025,4,RB,Chris Brooks,GB,rf,3.418,0.0,10.988,1.1
00-0038705,2025,4,RB,Emari Demercado,ARI,rf,2.881,0.0,10.452,10.1
00-0038738,2025,4,RB,Hunter Luepke,DAL,rf,1.147,0.0,8.717,0.6000000000000001
00-0038797,2025,4,RB,Emanuel Wilson,GB,rf,4.871,0.0,12.441,11.1
00-0038896,2025,4,RB,Jacob Saylors,DET,rf,0.282,0.0,7.852,1.1
00-0038951,2025,4,RB,Sean Tucker,TB,rf,2.3,0.0,9.87,0.0
00-0039021,2025,4,RB,Roschon Johnson,CHI,rf,2.286,0.0,9.856,0.0
00-0039040,2025,4,RB,De'Von Achane,MIA,rf,16.876,10.246,24.447,17.1
00-0039139,2025,4,RB,Jahmyr Gibbs,DET,rf,17.866,11.236,25.437,17.700000000000003
00-0039165,2025,4,RB,Zach Charbonnet,SEA,rf,8.532,1.901,16.102,12.4
00-0039299,2025,4,RB,George Holani,SEA,rf,4.355,0.0,11.925,0.0
00-0039361,2025,4,RB,Bucky Irving,TB,rf,16.957,10.327,24.528,25.5
00-0039391,2025,4,RB,Kimani Vidal,LAC,rf,3.731,0.0,11.301,0.0
00-0039407,2025,4,RB,Dylan Laube,LV,rf,2.961,0.0,10.531,0.0
00-0039738,2025,4,RB,Blake Corum,LA,rf,6.234,0.0,13.804,3.6
00-0039746,2025,4,RB,Will Shipley,PHI,rf,3.439,0.0,11.009,0.0
00-0039794,2025,4,RB,Braelon Allen,NYJ,rf,5.53,0.0,13.1,0.6000000000000001
00-0039796,2025,4,RB,Rasheen Ali,BAL,rf,0.731,0.0,8.301,0.0
00-0039798,2025,4,RB,Isaiah Davis,NYJ,rf,2.56,0.0,10.13,4.7
00-0039875,2025,4,RB,Ray Davis,BUF,rf,3.339,0.0,10.909,0.30000000000000004
00-0039921,2025,4,RB,Trey Benson,ARI,rf,8.526,1.895,16.096,10.4
00-0040078,2025,4,RB,Brashard Smith,KC,rf,3.176,0.0,10.746,6.6
00-0040122,2025,4,RB,Ashton Jeanty,LV,rf,12.502,5.871,20.072,33.5
00-0040142,2025,4,RB,Kaleb Johnson,PIT,rf,3.67,0.0,11.241,2.2
00-0040162,2025,4,RB,Dylan Sampson,CLE,rf,9.304,2.674,16.875,-0.2
00-0040198,2025,4,RB,Ollie Gordon II,MIA,rf,4.405,0.0,11.975,1.0
00-0040208,2025,4,RB,Tahj Brooks,CIN,rf,3.048,0.0,10.618,0.0
00-0040236,2025,4,RB,Kyle Monangai,CHI,rf,5.682,0.0,13.252,1.8
00-0040238,2025,4,RB,LeQuint Allen Jr.,JAX,rf,1.824,0.0,9.394,1.7000000000000002
00-0040242,2025,4,RB,Jacory Croskey-Merritt,WAS,rf,7.545,0.914,15.115,7.7
00-0040583,2025,4,RB,Woody Marks,HOU,rf,5.532,0.0,13.102,27.9
00-0040644,2025,4,RB,Trevor Etienne,CAR,rf,1.481,0.0,9.051,3.3000000000000003
00-0040666,2025,4,RB,Omarion Hampton,LAC,rf,15.118,8.487,22.688,27.5
00-0040715,2025,4,RB,Cam Skattebo,NYG,rf,9.721,3.09,17.291,13.0
00-0040719,2025,4,RB,Bhayshul Tuten,JAX,rf,6.42,0.0,13.99,3.2
00-0040730,2025,4,RB,RJ Harvey,DEN,rf,4.973,0.0,12.543,19.8
00-0040734,2025,4,RB,TreVeyon Henderson,NE,rf,9.39,2.76,16.961,12.600000000000001
00-0040784,2025,4,RB,Quinshon Judkins,CLE,rf,11.773,5.143,19.343,21.5
00-0031687,2025,5,RB,Raheem Mostert,LV,rf,7.047,0.417,14.618,2.2
00-0032104,2025,5,RB,Ameer Abdullah,IND,rf,11.347,4.716,18.917,6.6
00-0032764,2025,5,RB,Derrick Henry,BAL,rf,14.109,7.478,21.679,9.3
00-0033280,2025,5,RB,Christian McCaffrey,SF,rf,16.738,10.107,24.308,27.9
00-0033526,2025,5,RB,Samaje Perine,CIN,rf,3.745,0.0,11.315,4.9
00-0033854,2025,5,RB,Dare Ogunbowale,HOU,rf,2.597,0.0,10.167,0.0
00-0033906,2025,5,RB,Alvin Kamara,NO,rf,14.464,7.833,22.034,9.5
00-0033923,2025,5,RB,Kareem Hunt,KC,rf,9.841,3.211,17.412,18.7
00-0033955,2025,5,RB,Jeremy McNichols,WAS,rf,3.716,0.0,11.286,2.8
00-0034791,2025,5,RB,Nick Chubb,HOU,rf,10.888,4.257,18.458,12.100000000000001
00-0034844,2025,5,RB,Saquon Barkley,PHI,rf,15.797,9.167,23.367,17.8
00-0034975,2025,5,RB,Justice Hill,BAL,rf,9.639,3.008,17.209,2.2
00-0035250,2025,5,RB,Devin Singletary,NYG,rf,3.736,0.0,11.306,3.4000000000000004
00-0035261,2025,5,RB,Tony Pollard,TEN,rf,14.129,7.498,21.699,14.8
00-0035537,2025,5,RB,Ty Johnson,BUF,rf,4.261,0.0,11.831,1.0
00-0035567,2025,5,RB,Craig Reynolds,DET,rf,2.312,0.0,9.882,0.0
00-0035685,2025,5,RB,David Montgomery,DET,rf,9.915,3.284,17.485,18.22
00-0036139,2025,5,RB,Rico Dowdle,CAR,rf,6.555,0.0,14.125,32.400000000000006
00-0036158,2025,5,RB,J.K. Dobbins,DEN,rf,13.422,6.791,20.992,15.4
00-0036187,2025,5,RB,Reggie Gilliam,BUF,rf,1.559,0.0,9.129,0.0
00-0036223,2025,5,RB,Jonathan Taylor,IND,rf,18.189,11.558,25.759,31.6
00-0036265,2025,5,RB,AJ Dillon,PHI,rf,3.515,0.0,11.086,1.2000000000000002
00-0036328,2025,5,RB,Antonio Gibson,NE,rf,4.961,0.0,12.531,3.6
00-0036414,2025,5,RB,Cam Akers,MIN,rf,5.43,0.0,13.0,5.28
00-0036425,2025,5,RB,DeeJay Dallas,CAR,rf,2.667,0.0,10.237,0.0
00-0036875,2025,5,RB,Rhamondre Stevenson,NE,rf,9.347,2.716,16.917,14.7
00-0036906,2025,5,RB,Khalil Herbert,NYJ,rf,5.543,0.0,13.113,0.0
00-0036924,2025,5,RB,Michael Carter,ARI,rf,5.255,0.0,12.825,18.3
00-0036950,2025,5,RB,Avery Williams,NYJ,rf,0.363,0.0,7.933,0.0
00-0036973,2025,5,RB,Travis Etienne,JAX,rf,13.689,7.058,21.259,8.8
00-0036997,2025,5,RB,Javonte Williams,DAL,rf,14.708,8.077,22.278,26.9
00-0037085,2025,5,RB,Tyler Badie,DEN,rf,2.907,0.0,10.477,2.6
00-0037157,2025,5,RB,Bam Knight,ARI,rf,1.539,0.0,9.109,9.4
00-0037197,2025,5,RB,Isiah Pacheco,KC,rf,10.326,3.695,17.896,8.600000000000001
00-0037248,2025,5,RB,James Cook,BUF,rf,17.156,10.526,24.727,4.9
00-0037256,2025,5,RB,Rachaad White,TB,rf,8.687,2.057,16.258,23.1
00-0037258,2025,5,RB,Dameon Pierce,HOU,rf,4.92,0.0,12.49,2.1
00-0037267,2025,5,RB,Jerome Ford,CLE,rf,5.535,0.0,13.106,5.800000000000001
00-0037525,2025,5,RB,Jordan Mason,MIN,rf,13.878,7.247,21.448,12.600000000000001
00-0037594,2025,5,RB,Julius Chestnut,TEN,rf,3.355,0.0,10.925,0.30000000000000004
00-0037617,2025,5,RB,Hassan Haskins,LAC,rf,2.793,0.0,10.363,2.5
00-0037746,2025,5,RB,Brian Robinson,SF,rf,4.49,0.0,12.061,1.2000000000000002
00-0037840,2025,5,RB,Kyren Williams,LA,rf,13.647,7.016,21.217,31.1
00-0038120,2025,5,RB,Breece Hall,NYJ,rf,15.975,9.344,23.545,17.5
00-0038134,2025,5,RB,Kenneth Walker III,SEA,rf,14.8,8.169,22.37,9.6
00-0038440,2025,5,RB,Zavier Scott,MIN,rf,9.037,2.406,16.607,-0.19999999999999996
00-0038454,2025,5,RB,Keaton Mitchell,BAL,rf,3.961,0.0,11.531,2.3
00-0038551,2025,5,RB,Kendre Miller,NO,rf,7.954,1.323,15.524,5.9
00-0038555,2025,5,RB,Tank Bigsby,PHI,rf,2.6,0.0,10.17,0.0
00-0038597,2025,5,RB,Chase Brown,CIN,rf,13.385,6.754,20.955,11.8
00-0038611,2025,5,RB,Chris Rodriguez Jr.,WAS,rf,5.051,0.0,12.621,0.7000000000000001
00-0038705,2025,5,RB,Emari Demercado,ARI,rf,3.812,0.0,11.382,6.1
00-0038738,2025,5,RB,Hunter Luepke,DAL,rf,3.017,0.0,10.587,2.0
00-0038896,2025,5,RB,Jacob Saylors,DET,rf,3.037,0.0,10.607,0.0
00-0038951,2025,5,RB,Sean Tucker,TB,rf,1.932,0.0,9.502,2.9
00-0039032,2025,5,RB,Tyjae Spears,TEN,rf,11.544,4.913,19.114,1.4000000000000001
00-0039040,2025,5,RB,De'Von Achane,MIA,rf,18.41,11.779,25.98,16.6
00-0039139,2025,5,RB,Jahmyr Gibbs,DET,rf,15.416,8.785,22.986,16.700000000000003
00-0039165,2025,5,RB,Zach Charbonnet,SEA,rf,9.469,2.838,17.039,11.8
00-0039299,2025,5,RB,George Holani,SEA,rf,1.999,0.0,9.569,0.0
00-0039363,2025,5,RB,Isaac Guerendo,SF,rf,2.668,0.0,10.238,0.0
00-0039391,2025,5,RB,Kimani Vidal,LAC,rf,2.447,0.0,10.017,2.9000000000000004
00-0039407,2025,5,RB,Dylan Laube,LV,rf,2.485,0.0,10.055,0.0
00-0039603,2025,5,RB,British Brooks,HOU,rf,1.802,0.0,9.372,1.5
00-0039738,2025,5,RB,Blake Corum,LA,rf,6.76,0.129,14.33,1.3
00-0039746,2025,5,RB,Will Shipley,PHI,rf,3.009,0.0,10.579,1.4
00-0039796,2025,5,RB,Rasheen Ali,BAL,rf,2.509,0.0,10.079,0.0
00-0039798,2025,5,RB,Isaiah Davis,NYJ,rf,5.429,0.0,12.999,6.300000000000001
00-0039875,2025,5,RB,Ray Davis,BUF,rf,3.546,0.0,11.117,0.1
00-0040078,2025,5,RB,Brashard Smith,KC,rf,5.012,0.0,12.582,6.6
00-0040122,2025,5,RB,Ashton Jeanty,LV,rf,15.164,8.533,22.734,15.9
00-0040162,2025,5,RB,Dylan Sampson,CLE,rf,6.942,0.311,14.512,1.2
00-0040179,2025,5,RB,DJ Giddens,IND,rf,2.976,0.0,10.547,2.2
00-0040198,2025,5,RB,Ollie Gordon II,MIA,rf,3.982,0.0,11.552,-0.2
00-0040238,2025,5,RB,LeQuint Allen Jr.,JAX,rf,2.25,0.0,9.82,0.0
00-0040242,2025,5,RB,Jacory Croskey-Merritt,WAS,rf,8.162,1.531,15.732,27.0
00-0040583,2025,5,RB,Woody Marks,HOU,rf,10.15,3.52,17.72,2.4000000000000004
00-0040644,2025,5,RB,Trevor Etienne,CAR,rf,2.945,0.0,10.515,3.9000000000000004
00-0040666,2025,5,RB,Omarion Hampton,LAC,rf,17.339,10.709,24.91,13.0
00-0040715,2025,5,RB,Cam Skattebo,NYG,rf,12.453,5.822,20.023,14.4
00-0040719,2025,5,RB,Bhayshul Tuten,JAX,rf,7.174,0.543,14.744,2.1
00-0040730,2025,5,RB,RJ Harvey,DEN,rf,9.961,3.33,17.531,6.0
00-0040734,2025,5,RB,TreVeyon Henderson,NE,rf,10.206,3.575,17.776,4.7
00-0040784,2025,5,RB,Quinshon Judkins,CLE,rf,15.684,9.053,23.254,13.8
00-0031687,2025,6,RB,Raheem Mostert,LV,rf,4.559,0.0,12.129,-0.4
00-0032104,2025,6,RB,Ameer Abdullah,IND,rf,6.794,0.163,14.364,2.6
00-0032764,2025,6,RB,Derrick Henry,BAL,rf,10.644,4.013,18.214,14.0
00-0033280,2025,6,RB,Christian McCaffrey,SF,rf,17.093,10.462,24.663,24.1
00-0033526,2025,6,RB,Samaje Perine,CIN,rf,4.097,0.0,11.667,5.2
00-0033906,2025,6,RB,Alvin Kamara,NO,rf,14.766,8.135,22.336,12.600000000000001
00-0033923,2025,6,RB,Kareem Hunt,KC,rf,8.705,2.074,16.275,4.4
00-0033955,2025,6,RB,Jeremy McNichols,WAS,rf,3.966,0.0,11.536,6.5
00-0034367,2025,6,RB,Nyheim Hines,LAC,rf,2.604,0.0,10.174,0.0
00-0034844,2025,6,RB,Saquon Barkley,PHI,rf,14.831,8.2,22.401,8.7
00-0034975,2025,6,RB,Justice Hill,BAL,rf,7.16,0.529,14.73,9.4
00-0035250,2025,6,RB,Devin Singletary,NYG,rf,3.773,0.0,11.343,1.0
00-0035261,2025,6,RB,Tony Pollard,TEN,rf,13.985,7.354,21.555,6.7
00-0035537,2025,6,RB,Ty Johnson,BUF,rf,3.624,0.0,11.194,2.6
00-0035567,2025,6,RB,Craig Reynolds,DET,rf,1.557,0.0,9.128,0.0
00-0035685,2025,6,RB,David Montgomery,DET,rf,11.354,4.723,18.924,8.100000000000001
00-0035700,2025,6,RB,Josh Jacobs,GB,rf,16.247,9.616,23.817,32.0
00-0036139,2025,6,RB,Rico Dowdle,CAR,rf,13.017,6.387,20.588,33.900000000000006
00-0036158,2025,6,RB,J.K. Dobbins,DEN,rf,13.746,7.115,21.316,4.0
00-0036223,2025,6,RB,Jonathan Taylor,IND,rf,19.8,13.17,27.371,23.700000000000003
00-0036265,2025,6,RB,AJ Dillon,PHI,rf,3.421,0.0,10.991,2.0
00-0036275,2025,6,RB,D'Andre Swift,CHI,rf,13.333,6.702,20.903,25.5
00-0036425,2025,6,RB,DeeJay Dallas,CAR,rf,1.688,0.0,9.258,0.0
00-0036842,2025,6,RB,Kene Nwangwu,NYJ,rf,1.374,0.0,8.944,0.0
00-0036875,2025,6,RB,Rhamondre Stevenson,NE,rf,8.998,2.368,16.569,1.8
00-0036919,2025,6,RB,Kenny Gainwell,PIT,rf,9.597,2.966,17.167,9.6
00-0036924,2025,6,RB,Michael Carter,ARI,rf,11.401,4.771,18.971,8.4
00-0036973,2025,6,RB,Travis Etienne,JAX,rf,13.33,6.699,20.9,9.5
00-0036997,2025,6,RB,Javonte Williams,DAL,rf,13.965,7.334,21.535,8.4
00-0037157,2025,6,RB,Bam Knight,ARI,rf,3.02,0.0,10.59,12.4
00-0037197,2025,6,RB,Isiah Pacheco,KC,rf,9.41,2.779,16.98,6.1000000000000005
00-0037228,2025,6,RB,Jaylen Warren,PIT,rf,16.682,10.051,24.252,8.3
00-0037248,2025,6,RB,James Cook,BUF,rf,14.627,7.996,22.197,8.700000000000001
00-0037256,2025,6,RB,Rachaad White,TB,rf,10.764,4.133,18.334,17.6
00-0037263,2025,6,RB,Tyler Allgeier,ATL,rf,8.562,1.931,16.132,10.8
00-0037267,2025,6,RB,Jerome Ford,CLE,rf,6.312,0.0,13.882,8.0
00-0037594,2025,6,RB,Julius Chestnut,TEN,rf,3.78,0.0,11.35,0.0
00-0037617,2025,6,RB,Hassan Haskins,LAC,rf,3.525,0.0,11.096,3.3000000000000003
00-0037746,2025,6,RB,Brian Robinson,SF,rf,4.827,0.0,12.397,3.8
00-0037840,2025,6,RB,Kyren Williams,LA,rf,18.372,11.741,25.942,16.700000000000003
00-0038120,2025,6,RB,Breece Hall,NYJ,rf,16.388,9.757,23.958,5.9
00-0038134,2025,6,RB,Kenneth Walker III,SEA,rf,12.673,6.042,20.243,4.7
00-0038454,2025,6,RB,Keaton Mitchell,BAL,rf,4.876,0.0,12.446,0.0
00-0038488,2025,6,RB,Brady Russell,SEA,rf,0.218,0.0,7.789,0.0
00-0038542,2025,6,RB,Bijan Robinson,ATL,rf,16.995,10.364,24.565,35.8
00-0038551,2025,6,RB,Kendre Miller,NO,rf,7.316,0.685,14.886,4.2
00-0038555,2025,6,RB,Tank Bigsby,PHI,rf,2.841,0.0,10.411,0.0
00-0038597,2025,6,RB,Chase Brown,CIN,rf,11.733,5.102,19.303,8.9
00-0038685,2025,6,RB,Chris Brooks,GB,rf,3.676,0.0,11.246,0.1
00-0038705,2025,6,RB,Emari Demercado,ARI,rf,3.734,0.0,11.304,0.1
00-0038738,2025,6,RB,Hunter Luepke,DAL,rf,1.554,0.0,9.124,8.7
00-0038794,2025,6,RB,Jaleel McLaughlin,DEN,rf,5.995,0.0,13.565,0.0
00-0038797,2025,6,RB,Emanuel Wilson,GB,rf,5.556,0.0,13.126,1.7000000000000002
00-0038951,2025,6,RB,Sean Tucker,TB,rf,3.211,0.0,10.781,8.5
00-0039021,2025,6,RB,Roschon Johnson,CHI,rf,3.276,0.0,10.846,0.6000000000000001
00-0039032,2025,6,RB,Tyjae Spears,TEN,rf,7.754,1.123,15.324,9.0
00-0039040,2025,6,RB,De'Von Achane,MIA,rf,17.33,10.699,24.9,31.0
00-0039139,2025,6,RB,Jahmyr Gibbs,DET,rf,17.11,10.479,24.68,7.5
00-0039165,2025,6,RB,Zach Charbonnet,SEA,rf,8.992,2.362,16.563,4.7
00-0039299,2025,6,RB,George Holani,SEA,rf,1.807,0.0,9.377,0.0
00-0039384,2025,6,RB,Tyrone Tracy Jr.,NYG,rf,10.465,3.834,18.035,0.6000000000000001
00-0039391,2025,6,RB,Kimani Vidal,LAC,rf,3.961,0.0,11.532,22.8
00-0039407,2025,6,RB,Dylan Laube,LV,rf,2.334,0.0,9.904,0.0
00-0039738,2025,6,RB,Blake Corum,LA,rf,5.491,0.0,13.061,2.3000000000000003
00-0039746,2025,6,RB,Will Shipley,PHI,rf,4.045,0.0,11.615,0.0
00-0039796,2025,6,RB,Rasheen Ali,BAL,rf,2.533,0.0,10.103,0.0
00-0039798,2025,6,RB,Isaiah Davis,NYJ,rf,4.552,0.0,12.122,1.1
00-0039875,2025,6,RB,Ray Davis,BUF,rf,3.237,0.0,10.807,9.9
00-0040078,2025,6,RB,Brashard Smith,KC,rf,4.166,0.0,11.736,5.1
00-0040122,2025,6,RB,Ashton Jeanty,LV,rf,16.333,9.703,23.904,16.6
00-0040142,2025,6,RB,Kaleb Johnson,PIT,rf,4.14,0.0,11.71,1.5
00-0040162,2025,6,RB,Dylan Sampson,CLE,rf,5.873,0.0,13.443,4.4
00-0040198,2025,6,RB,Ollie Gordon II,MIA,rf,3.654,0.0,11.224,1.2
00-0040236,2025,6,RB,Kyle Monangai,CHI,rf,5.352,0.0,12.922,5.4
00-0040238,2025,6,RB,LeQuint Allen Jr.,JAX,rf,2.056,0.0,9.626,2.2
00-0040242,2025,6,RB,Jacory Croskey-Merritt,WAS,rf,9.844,3.214,17.415,5.800000000000001
00-0040586,2025,6,RB,Jaydon Blue,DAL,rf,3.598,0.0,11.168,0.0
00-0040644,2025,6,RB,Trevor Etienne,CAR,rf,3.525,0.0,11.095,1.7000000000000002
00-0040715,2025,6,RB,Cam Skattebo,NYG,rf,15.16,8.529,22.73,31.0
00-0040719,2025,6,RB,Bhayshul Tuten,JAX,rf,5.063,0.0,12.633,4.800000000000001
00-0040730,2025,6,RB,RJ Harvey,DEN,rf,8.87,2.239,16.44,6.5
00-0040734,2025,6,RB,TreVeyon Henderson,NE,rf,8.678,2.048,16.249,4.6
00-0040784,2025,6,RB,Quinshon Judkins,CLE,rf,14.689,8.058,22.259,3.6
00-0031687,2025,7,RB,Raheem Mostert,LV,rf,4.936,0.0,12.506,1.2
00-0032104,2025,7,RB,Ameer Abdullah,IND,rf,5.994,0.0,13.565,3.7
00-0033280,2025,7,RB,Christian McCaffrey,SF,rf,18.159,11.529,25.729,39.1
00-0033526,2025,7,RB,Samaje Perine,CIN,rf,5.413,0.0,12.983,3.1
00-0033854,2025,7,RB,Dare Ogunbowale,HOU,rf,2.365,0.0,9.935,0.0
00-0033906,2025,7,RB,Alvin Kamara,NO,rf,15.281,8.651,22.852,5.9
00-0033923,2025,7,RB,Kareem Hunt,KC,rf,6.654,0.024,14.225,1.8
00-0033955,2025,7,RB,Jeremy McNichols,WAS,rf,5.261,0.0,12.831,6.5
00-0034367,2025,7,RB,Nyheim Hines,LAC,rf,1.942,0.0,9.513,0.0
00-0034791,2025,7,RB,Nick Chubb,HOU,rf,10.931,4.301,18.502,2.1
00-0034844,2025,7,RB,Saquon Barkley,PHI,rf,13.05,6.419,20.62,5.2
00-0035250,2025,7,RB,Devin Singletary,NYG,rf,3.215,0.0,10.785,0.2
00-0035261,2025,7,RB,Tony Pollard,TEN,rf,12.006,5.376,19.577,12.100000000000001
00-0035594,2025,7,RB,Travis Homer,CHI,rf,2.285,0.0,9.855,0.0
00-0035628,2025,7,RB,D'Ernest Johnson,ARI,rf,2.913,0.0,10.484,0.0
00-0035685,2025,7,RB,David Montgomery,DET,rf,10.88,4.249,18.45,5.9
00-0035700,2025,7,RB,Josh Jacobs,GB,rf,18.875,12.244,26.445,18.8
00-0036139,2025,7,RB,Rico Dowdle,CAR,rf,16.983,10.353,24.554,10.600000000000001
00-0036158,2025,7,RB,J.K. Dobbins,DEN,rf,14.384,7.753,21.954,9.0
00-0036223,2025,7,RB,Jonathan Taylor,IND,rf,19.293,12.662,26.863,34.2
00-0036275,2025,7,RB,D'Andre Swift,CHI,rf,15.408,8.777,22.978,20.8
00-0036555,2025,7,RB,Chuba Hubbard,CAR,rf,14.582,7.952,22.153,7.5
00-0036842,2025,7,RB,Kene Nwangwu,NYJ,rf,2.059,0.0,9.63,0.0
00-0036875,2025,7,RB,Rhamondre Stevenson,NE,rf,9.824,3.194,17.395,16.8
00-0036919,2025,7,RB,Kenny Gainwell,PIT,rf,10.324,3.694,17.894,3.5
00-0036924,2025,7,RB,Michael Carter,ARI,rf,11.309,4.678,18.879,5.6
00-0036973,2025,7,RB,Travis Etienne,JAX,rf,13.927,7.296,21.497,6.5
00-0036997,2025,7,RB,Javonte Williams,DAL,rf,15.018,8.388,22.589,18.8
00-0037085,2025,7,RB,Tyler Badie,DEN,rf,2.468,0.0,10.038,3.9000000000000004
00-0037157,2025,7,RB,Bam Knight,ARI,rf,6.105,0.0,13.675,9.4
00-0037197,2025,7,RB,Isiah Pacheco,KC,rf,9.028,2.397,16.598,12.4
00-0037228,2025,7,RB,Jaylen Warren,PIT,rf,13.335,6.704,20.905,19.8
00-0037256,2025,7,RB,Rachaad White,TB,rf,12.211,5.58,19.781,8.4
00-0037263,2025,7,RB,Tyler Allgeier,ATL,rf,7.476,0.845,15.046,1.6
00-0037267,2025,7,RB,Jerome Ford,CLE,rf,7.001,0.37,14.571,3.0
00-0037525,2025,7,RB,Jordan Mason,MIN,rf,12.91,6.28,20.481,11.7
00-0037563,2025,7,RB,Malik Davis,DAL,rf,3.094,0.0,10.664,0.0
00-0037594,2025,7,RB,Julius Chestnut,TEN,rf,1.984,0.0,9.554,0.0
00-0037617,2025,7,RB,Hassan Haskins,LAC,rf,3.285,0.0,10.855,2.5
00-0037746,2025,7,RB,Brian Robinson,SF,rf,4.145,0.0,11.715,3.6
00-0037840,2025,7,RB,Kyren Williams,LA,rf,18.292,11.661,25.862,8.5
00-0038120,2025,7,RB,Breece Hall,NYJ,rf,13.682,7.051,21.252,7.2
00-0038134,2025,7,RB,Kenneth Walker III,SEA,rf,10.849,4.219,18.42,6.6000000000000005
00-0038440,2025,7,RB,Zavier Scott,MIN,rf,6.689,0.058,14.259,1.6
00-0038488,2025,7,RB,Brady Russell,SEA,rf,0.258,0.0,7.829,0.0
00-0038542,2025,7,RB,Bijan Robinson,ATL,rf,17.171,10.541,24.742,21.200000000000003
00-0038551,2025,7,RB,Kendre Miller,NO,rf,6.34,0.0,13.91,0.7000000000000001
00-0038555,2025,7,RB,Tank Bigsby,PHI,rf,2.566,0.0,10.136,2.0
00-0038597,2025,7,RB,Chase Brown,CIN,rf,9.553,2.922,17.123,12.0
00-0038611,2025,7,RB,Chris Rodriguez Jr.,WAS,rf,6.188,0.0,13.758,7.2
00-0038685,2025,7,RB,Chris Brooks,GB,rf,2.507,0.0,10.077,0.0
00-0038738,2025,7,RB,Hunter Luepke,DAL,rf,2.505,0.0,10.076,1.3
00-0038797,2025,7,RB,Emanuel Wilson,GB,rf,4.616,0.0,12.186,2.5
00-0038896,2025,7,RB,Jacob Saylors,DET,rf,1.653,0.0,9.224,0.0
00-0038951,2025,7,RB,Sean Tucker,TB,rf,3.019,0.0,10.589,1.6
00-0039021,2025,7,RB,Roschon Johnson,CHI,rf,2.352,0.0,9.922,1.1
00-0039032,2025,7,RB,Tyjae Spears,TEN,rf,11.887,5.257,19.458,7.0
00-0039040,2025,7,RB,De'Von Achane,MIA,rf,15.745,9.114,23.315,12.8
00-0039139,2025,7,RB,Jahmyr Gibbs,DET,rf,13.16,6.529,20.73,36.8
00-0039165,2025,7,RB,Zach Charbonnet,SEA,rf,8.314,1.684,15.885,19.5
00-0039299,2025,7,RB,George Holani,SEA,rf,2.548,0.0,10.119,0.0
00-0039363,2025,7,RB,Isaac Guerendo,SF,rf,2.526,0.0,10.096,0.0
00-0039384,2025,7,RB,Tyrone Tracy Jr.,NYG,rf,5.901,0.0,13.471,10.600000000000001
00-0039391,2025,7,RB,Kimani Vidal,LAC,rf,11.287,4.656,18.857,7.5
00-0039407,2025,7,RB,Dylan Laube,LV,rf,2.652,0.0,10.222,1.4
00-0039738,2025,7,RB,Blake Corum,LA,rf,5.541,0.0,13.111,5.3
00-0039746,2025,7,RB,Will Shipley,PHI,rf,2.696,0.0,10.266,1.7000000000000002
00-0039757,2025,7,RB,Terrell Jennings,NE,rf,4.723,0.0,12.293,1.8
00-0039798,2025,7,RB,Isaiah Davis,NYJ,rf,4.172,0.0,11.742,5.2
00-0040078,2025,7,RB,Brashard Smith,KC,rf,4.699,0.0,12.269,13.1
00-0040122,2025,7,RB,Ashton Jeanty,LV,rf,15.804,9.173,23.374,4.4
00-0040162,2025,7,RB,Dylan Sampson,CLE,rf,4.654,0.0,12.224,2.7
00-0040198,2025,7,RB,Ollie Gordon II,MIA,rf,3.539,0.0,11.109,2.3
00-0040202,2025,7,RB,Devin Neal,NO,rf,2.842,0.0,10.412,0.1
00-0040208,2025,7,RB,Tahj Brooks,CIN,rf,1.512,0.0,9.082,0.0
00-0040236,2025,7,RB,Kyle Monangai,CHI,rf,5.671,0.0,13.241,17.4
00-0040238,2025,7,RB,LeQuint Allen Jr.,JAX,rf,2.624,0.0,10.194,1.4
00-0040242,2025,7,RB,Jacory Croskey-Merritt,WAS,rf,10.533,3.903,18.104,4.2
00-0040583,2025,7,RB,Woody Marks,HOU,rf,7.624,0.993,15.194,12.5
00-0040586,2025,7,RB,Jaydon Blue,DAL,rf,3.777,0.0,11.347,4.4
00-0040644,2025,7,RB,Trevor Etienne,CAR,rf,3.49,0.0,11.061,0.0
00-0040715,2025,7,RB,Cam Skattebo,NYG,rf,15.856,9.225,23.426,18.4
00-0040719,2025,7,RB,Bhayshul Tuten,JAX,rf,5.993,0.0,13.563,2.2
00-0040730,2025,7,RB,RJ Harvey,DEN,rf,8.109,1.478,15.679,7.2
00-0040734,2025,7,RB,TreVeyon Henderson,NE,rf,8.546,1.915,16.116,0.5
00-0040784,2025,7,RB,Quinshon Judkins,CLE,rf,11.921,5.29,19.491,26.4
00-0032104,2025,8,RB,Ameer Abdullah,IND,rf,5.36,0.0,12.93,1.8
00-0032764,2025,8,RB,Derrick Henry,BAL,rf,10.59,3.959,18.16,19.1
00-0033280,2025,8,RB,Christian McCaffrey,SF,rf,20.937,14.306,28.507,9.8
00-0033293,2025,8,RB,Aaron Jones,MIN,rf,9.463,2.832,17.033,5.0
00-0033526,2025,8,RB,Samaje Perine,CIN,rf,4.195,0.0,11.765,17.0
00-0033854,2025,8,RB,Dare Ogunbowale,HOU,rf,1.957,0.0,9.527,2.7
00-0033906,2025,8,RB,Alvin Kamara,NO,rf,11.493,4.862,19.063,6.5
00-0033923,2025,8,RB,Kareem Hunt,KC,rf,5.823,0.0,13.393,17.2
00-0033955,2025,8,RB,Jeremy McNichols,WAS,rf,5.804,0.0,13.374,11.8
00-0034367,2025,8,RB,Nyheim Hines,LAC,rf,1.885,0.0,9.456,-0.2
00-0034791,2025,8,RB,Nick Chubb,HOU,rf,7.929,1.299,15.499,8.9
00-0034844,2025,8,RB,Saquon Barkley,PHI,rf,13.539,6.909,21.11,33.400000000000006
00-0034975,2025,8,RB,Justice Hill,BAL,rf,9.921,3.291,17.491,0.2
00-0035250,2025,8,RB,Devin Singletary,NYG,rf,2.854,0.0,10.424,3.8000000000000003
00-0035261,2025,8,RB,Tony Pollard,TEN,rf,12.195,5.565,19.765,6.300000000000001
00-0035537,2025,8,RB,Ty Johnson,BUF,rf,3.611,0.0,11.182,0.6000000000000001
00-0035594,2025,8,RB,Travis Homer,CHI,rf,1.384,0.0,8.954,0.0
00-0035700,2025,8,RB,Josh Jacobs,GB,rf,18.305,11.675,25.876,13.5
00-0036139,2025,8,RB,Rico Dowdle,CAR,rf,16.217,9.587,23.788,5.4
00-0036158,2025,8,RB,J.K. Dobbins,DEN,rf,15.217,8.586,22.787,14.100000000000001
00-0036187,2025,8,RB,Reggie Gilliam,BUF,rf,1.435,0.0,9.005,0.0
00-0036223,2025,8,RB,Jonathan Taylor,IND,rf,20.1,13.469,27.67,37.400000000000006
00-0036275,2025,8,RB,D'Andre Swift,CHI,rf,15.935,9.305,23.506,15.100000000000001
00-0036555,2025,8,RB,Chuba Hubbard,CAR,rf,16.286,9.655,23.856,9.4
00-0036755,2025,8,RB,Jaret Patterson,LAC,rf,5.68,0.0,13.25,3.0
00-0036875,2025,8,RB,Rhamondre Stevenson,NE,rf,9.466,2.836,17.037,5.9
00-0036919,2025,8,RB,Kenny Gainwell,PIT,rf,8.942,2.311,16.512,3.5
00-0036997,2025,8,RB,Javonte Williams,DAL,rf,14.356,7.725,21.926,17.9
00-0037085,2025,8,RB,Tyler Badie,DEN,rf,2.609,0.0,10.179,0.6000000000000001
00-0037120,2025,8,RB,Tyler Goodson,IND,rf,1.965,0.0,9.535,0.2
00-0037197,2025,8,RB,Isiah Pacheco,KC,rf,10.631,4.0,18.201,5.800000000000001
00-0037228,2025,8,RB,Jaylen Warren,PIT,rf,16.523,9.892,24.093,9.3
00-0037248,2025,8,RB,James Cook,BUF,rf,16.777,10.146,24.347,33.6
00-0037256,2025,8,RB,Rachaad White,TB,rf,10.506,3.876,18.077,8.100000000000001
00-0037258,2025,8,RB,Dameon Pierce,HOU,rf,5.758,0.0,13.328,0.0
00-0037263,2025,8,RB,Tyler Allgeier,ATL,rf,6.988,0.357,14.558,9.4
00-0037267,2025,8,RB,Jerome Ford,CLE,rf,5.727,0.0,13.297,0.9
00-0037525,2025,8,RB,Jordan Mason,MIN,rf,12.888,6.257,20.458,1.6
00-0037563,2025,8,RB,Malik Davis,DAL,rf,2.219,0.0,9.79,0.30000000000000004
00-0037594,2025,8,RB,Julius Chestnut,TEN,rf,2.349,0.0,9.919,0.5
00-0037746,2025,8,RB,Brian Robinson,SF,rf,4.581,0.0,12.151,0.0
00-0038120,2025,8,RB,Breece Hall,NYJ,rf,13.568,6.937,21.138,32.86
00-0038440,2025,8,RB,Zavier Scott,MIN,rf,6.015,0.0,13.585,4.4
00-0038454,2025,8,RB,Keaton Mitchell,BAL,rf,2.371,0.0,9.942,4.3
00-0038542,2025,8,RB,Bijan Robinson,ATL,rf,19.385,12.754,26.955,5.800000000000001
00-0038555,2025,8,RB,Tank Bigsby,PHI,rf,3.104,0.0,10.674,10.4
00-0038597,2025,8,RB,Chase Brown,CIN,rf,11.607,4.976,19.177,25.5
00-0038611,2025,8,RB,Chris Rodriguez Jr.,WAS,rf,4.236,0.0,11.807,0.2
00-0038685,2025,8,RB,Chris Brooks,GB,rf,2.699,0.0,10.269,0.0
00-0038738,2025,8,RB,Hunter Luepke,DAL,rf,2.478,0.0,10.048,0.2
00-0038797,2025,8,RB,Emanuel Wilson,GB,rf,4.817,0.0,12.387,11.700000000000001
00-0038951,2025,8,RB,Sean Tucker,TB,rf,2.87,0.0,10.44,10.2
00-0039032,2025,8,RB,Tyjae Spears,TEN,rf,9.469,2.838,17.039,17.200000000000003
00-0039040,2025,8,RB,De'Von Achane,MIA,rf,16.004,9.373,23.574,20.1
00-0039384,2025,8,RB,Tyrone Tracy Jr.,NYG,rf,8.53,1.899,16.1,7.300000000000001
00-0039391,2025,8,RB,Kimani Vidal,LAC,rf,8.408,1.777,15.978,19.700000000000003
00-0039603,2025,8,RB,British Brooks,HOU,rf,3.095,0.0,10.665,0.0
00-0039746,2025,8,RB,Will Shipley,PHI,rf,2.107,0.0,9.677,0.2
00-0039757,2025,8,RB,Terrell Jennings,NE,rf,4.806,0.0,12.377,1.5
00-0039796,2025,8,RB,Rasheen Ali,BAL,rf,0.525,0.0,8.096,0.0
00-0039798,2025,8,RB,Isaiah Davis,NYJ,rf,4.56,0.0,12.131,17.9
00-0039874,2025,8,RB,Jaylen Wright,MIA,rf,3.627,0.0,11.198,3.8000000000000003
00-0039875,2025,8,RB,Ray Davis,BUF,rf,2.389,0.0,9.959,1.6
00-0040078,2025,8,RB,Brashard Smith,KC,rf,6.607,0.0,14.177,0.8
00-0040162,2025,8,RB,Dylan Sampson,CLE,rf,4.994,0.0,12.564,7.9
00-0040198,2025,8,RB,Ollie Gordon II,MIA,rf,4.873,0.0,12.443,13.600000000000001
00-0040202,2025,8,RB,Devin Neal,NO,rf,2.437,0.0,10.007,4.1
00-0040208,2025,8,RB,Tahj Brooks,CIN,rf,1.373,0.0,8.944,0.0
00-0040236,2025,8,RB,Kyle Monangai,CHI,rf,9.358,2.727,16.928,2.4000000000000004
00-0040242,2025,8,RB,Jacory Croskey-Merritt,WAS,rf,10.686,4.055,18.256,2.5
00-0040429,2025,8,RB,Josh Williams,TB,rf,0.553,0.0,8.123,1.1
00-0040547,2025,8,RB,Nate Carter,ATL,rf,5.304,0.0,12.875,1.4000000000000001
00-0040583,2025,8,RB,Woody Marks,HOU,rf,10.318,3.687,17.888,15.100000000000001
00-0040586,2025,8,RB,Jaydon Blue,DAL,rf,3.735,0.0,11.305,2.9000000000000004
00-0040644,2025,8,RB,Trevor Etienne,CAR,rf,2.099,0.0,9.669,1.6
00-0040715,2025,8,RB,Cam Skattebo,NYG,rf,18.968,12.337,26.538,10.0
00-0040730,2025,8,RB,RJ Harvey,DEN,rf,8.028,1.398,15.599,24.1
00-0040734,2025,8,RB,TreVeyon Henderson,NE,rf,5.737,0.0,13.308,5.5
00-0040784,2025,8,RB,Quinshon Judkins,CLE,rf,12.917,6.287,20.488,4.7
00-0031687,2025,9,RB,Raheem Mostert,LV,rf,3.415,0.0,10.985,2.4000000000000004
00-0032104,2025,9,RB,Ameer Abdullah,IND,rf,4.015,0.0,11.585,1.5
00-0032764,2025,9,RB,Derrick Henry,BAL,rf,11.783,5.152,19.353,13.100000000000001
00-0033280,2025,9,RB,Christian McCaffrey,SF,rf,19.988,13.358,27.559,34.3
00-0033293,2025,9,RB,Aaron Jones,MIN,rf,9.848,3.217,17.418,11.8
00-0033526,2025,9,RB,Samaje Perine,CIN,rf,7.111,0.48,14.681,0.5
00-0033854,2025,9,RB,Dare Ogunbowale,HOU,rf,2.552,0.0,10.122,1.2
00-0033906,2025,9,RB,Alvin Kamara,NO,rf,10.145,3.514,17.715,0.7000000000000002
00-0033923,2025,9,RB,Kareem Hunt,KC,rf,7.981,1.35,15.551,12.5
00-0033955,2025,9,RB,Jeremy McNichols,WAS,rf,6.907,0.276,14.477,0.0
00-0034791,2025,9,RB,Nick Chubb,HOU,rf,10.277,3.646,17.847,3.4000000000000004
00-0034975,2025,9,RB,Justice Hill,BAL,rf,7.714,1.083,15.284,3.5
00-0035250,2025,9,RB,Devin Singletary,NYG,rf,5.033,0.0,12.603,7.1000000000000005
00-0035261,2025,9,RB,Tony Pollard,TEN,rf,11.546,4.915,19.116,7.800000000000001
00-0035537,2025,9,RB,Ty Johnson,BUF,rf,3.556,0.0,11.126,10.0
00-0035594,2025,9,RB,Travis Homer,CHI,rf,1.489,0.0,9.059,0.0
00-0035685,2025,9,RB,David Montgomery,DET,rf,11.126,4.495,18.696,11.0
00-0035700,2025,9,RB,Josh Jacobs,GB,rf,17.635,11.004,25.205,20.0
00-0036139,2025,9,RB,Rico Dowdle,CAR,rf,13.022,6.391,20.592,28.1
00-0036158,2025,9,RB,J.K. Dobbins,DEN,rf,13.254,6.623,20.824,6.9
00-0036187,2025,9,RB,Reggie Gilliam,BUF,rf,2.481,0.0,10.051,0.0
00-0036223,2025,9,RB,Jonathan Taylor,IND,rf,23.231,16.6,30.801,7.7
00-0036360,2025,9,RB,Clyde Edwards-Helaire,KC,rf,6.13,0.0,13.7,0.5
00-0036555,2025,9,RB,Chuba Hubbard,CAR,rf,10.641,4.011,18.212,1.7000000000000002
00-0036755,2025,9,RB,Jaret Patterson,LAC,rf,6.328,0.0,13.898,4.4
00-0036919,2025,9,RB,Kenny Gainwell,PIT,rf,8.393,1.763,15.964,7.4
00-0036973,2025,9,RB,Travis Etienne,JAX,rf,12.97,6.34,20.541,16.5
00-0036984,2025,9,RB,Trey Sermon,PIT,rf,2.195,0.0,9.765,0.0
00-0036997,2025,9,RB,Javonte Williams,DAL,rf,14.837,8.206,22.407,7.300000000000001
00-0037085,2025,9,RB,Tyler Badie,DEN,rf,3.027,0.0,10.597,2.6
00-0037120,2025,9,RB,Tyler Goodson,IND,rf,2.768,0.0,10.338,1.8
00-0037157,2025,9,RB,Bam Knight,ARI,rf,9.953,3.322,17.523,6.7
00-0037228,2025,9,RB,Jaylen Warren,PIT,rf,13.045,6.414,20.615,16.9
00-0037248,2025,9,RB,James Cook,BUF,rf,15.526,8.895,23.096,13.5
00-0037263,2025,9,RB,Tyler Allgeier,ATL,rf,4.858,0.0,12.429,0.6000000000000001
00-0037329,2025,9,RB,Brittain Brown,CHI,rf,0.717,0.0,8.287,9.7
00-0037525,2025,9,RB,Jordan Mason,MIN,rf,8.475,1.845,16.046,4.7
00-0037563,2025,9,RB,Malik Davis,DAL,rf,3.337,0.0,10.907,0.30000000000000004
00-0037594,2025,9,RB,Julius Chestnut,TEN,rf,3.123,0.0,10.693,0.0
00-0037746,2025,9,RB,Brian Robinson,SF,rf,4.014,0.0,11.584,11.3
00-0037840,2025,9,RB,Kyren Williams,LA,rf,15.343,8.713,22.914,17.4
00-0038134,2025,9,RB,Kenneth Walker III,SEA,rf,11.374,4.743,18.944,8.100000000000001
00-0038440,2025,9,RB,Zavier Scott,MIN,rf,5.791,0.0,13.361,0.0
00-0038454,2025,9,RB,Keaton Mitchell,BAL,rf,3.436,0.0,11.006,2.8
00-0038542,2025,9,RB,Bijan Robinson,ATL,rf,17.72,11.09,25.291,17.6
00-0038597,2025,9,RB,Chase Brown,CIN,rf,13.371,6.74,20.941,19.200000000000003
00-0038611,2025,9,RB,Chris Rodriguez Jr.,WAS,rf,4.743,0.0,12.313,12.5
00-0038685,2025,9,RB,Chris Brooks,GB,rf,1.943,0.0,9.513,4.4
00-0038705,2025,9,RB,Emari Demercado,ARI,rf,2.896,0.0,10.466,8.8
00-0038738,2025,9,RB,Hunter Luepke,DAL,rf,1.983,0.0,9.553,0.0
00-0038797,2025,9,RB,Emanuel Wilson,GB,rf,6.478,0.0,14.048,2.7
00-0038896,2025,9,RB,Jacob Saylors,DET,rf,1.614,0.0,9.185,0.0
00-0039032,2025,9,RB,Tyjae Spears,TEN,rf,10.22,3.589,17.79,9.2
00-0039040,2025,9,RB,De'Von Achane,MIA,rf,16.287,9.656,23.857,16.6
00-0039139,2025,9,RB,Jahmyr Gibbs,DET,rf,16.613,9.982,24.183,5.800000000000001
00-0039165,2025,9,RB,Zach Charbonnet,SEA,rf,11.315,4.685,18.886,5.6000000000000005
00-0039299,2025,9,RB,George Holani,SEA,rf,2.746,0.0,10.317,0.9
00-0039363,2025,9,RB,Isaac Guerendo,SF,rf,0.551,0.0,8.121,0.0
00-0039364,2025,9,RB,Sione Vaki,DET,rf,2.377,0.0,9.947,0.0
00-0039384,2025,9,RB,Tyrone Tracy Jr.,NYG,rf,8.728,2.097,16.298,6.7
00-0039391,2025,9,RB,Kimani Vidal,LAC,rf,12.191,5.56,19.761,3.0
00-0039407,2025,9,RB,Dylan Laube,LV,rf,2.663,0.0,10.234,0.0
00-0039603,2025,9,RB,British Brooks,HOU,rf,1.554,0.0,9.124,0.0
00-0039738,2025,9,RB,Blake Corum,LA,rf,5.89,0.0,13.46,5.800000000000001
00-0039757,2025,9,RB,Terrell Jennings,NE,rf,3.663,0.0,11.233,11.4
00-0039796,2025,9,RB,Rasheen Ali,BAL,rf,0.399,0.0,7.97,0.0
00-0039875,2025,9,RB,Ray Davis,BUF,rf,3.551,0.0,11.121,0.0
00-0040078,2025,9,RB,Brashard Smith,KC,rf,5.735,0.0,13.305,0.7000000000000001
00-0040122,2025,9,RB,Ashton Jeanty,LV,rf,13.729,7.098,21.299,19.9
00-0040142,2025,9,RB,Kaleb Johnson,PIT,rf,3.462,0.0,11.032,2.3
00-0040198,2025,9,RB,Ollie Gordon II,MIA,rf,5.336,0.0,12.906,1.9
00-0040202,2025,9,RB,Devin Neal,NO,rf,2.712,0.0,10.283,2.2
00-0040208,2025,9,RB,Tahj Brooks,CIN,rf,2.574,0.0,10.144,0.1
00-0040236,2025,9,RB,Kyle Monangai,CHI,rf,6.415,0.0,13.985,22.8
00-0040238,2025,9,RB,LeQuint Allen Jr.,JAX,rf,2.039,0.0,9.609,2.1
00-0040242,2025,9,RB,Jacory Croskey-Merritt,WAS,rf,8.527,1.897,16.098,5.1000000000000005
00-0040583,2025,9,RB,Woody Marks,HOU,rf,10.832,4.202,18.402,2.7
00-0040644,2025,9,RB,Trevor Etienne,CAR,rf,3.719,0.0,11.289,0.0
00-0040649,2025,9,RB,Robbie Ouzts,SEA,rf,0.625,0.0,8.195,0.0
00-0040719,2025,9,RB,Bhayshul Tuten,JAX,rf,5.529,0.0,13.1,9.6
00-0040730,2025,9,RB,RJ Harvey,DEN,rf,9.265,2.635,16.836,16.6
00-0040734,2025,9,RB,TreVeyon Henderson,NE,rf,7.685,1.055,15.256,12.700000000000001
00-0031687,2025,10,RB,Raheem Mostert,LV,rf,3.64,0.0,11.211,2.5
00-0032104,2025,10,RB,Ameer Abdullah,IND,rf,2.556,0.0,10.127,1.8
00-0032764,2025,10,RB,Derrick Henry,BAL,rf,12.941,6.31,20.511,11.4
00-0033280,2025,10,RB,Christian McCaffrey,SF,rf,18.049,11.419,25.62,17.6
00-0033293,2025,10,RB,Aaron Jones,MIN,rf,10.594,3.963,18.164,15.9
00-0033376,2025,10,RB,Patrick Ricard,BAL,rf,1.942,0.0,9.512,0.30000000000000004
00-0033906,2025,10,RB,Alvin Kamara,NO,rf,8.141,1.511,15.712,14.5
00-0033955,2025,10,RB,Jeremy McNichols,WAS,rf,5.377,0.0,12.947,3.9000000000000004
00-0034791,2025,10,RB,Nick Chubb,HOU,rf,6.594,0.0,14.164,6.2
00-0034844,2025,10,RB,Saquon Barkley,PHI,rf,13.859,7.228,21.429,13.100000000000001
00-0034975,2025,10,RB,Justice Hill,BAL,rf,6.924,0.294,14.495,8.3
00-0035250,2025,10,RB,Devin Singletary,NYG,rf,5.46,0.0,13.03,10.3
00-0035291,2025,10,RB,Trayveon Williams,LAC,rf,0.695,0.0,8.266,0.0
00-0035537,2025,10,RB,Ty Johnson,BUF,rf,3.878,0.0,11.449,4.6
00-0035628,2025,10,RB,D'Ernest Johnson,NE,rf,2.789,0.0,10.359,0.1
00-0035685,2025,10,RB,David Montgomery,DET,rf,9.54,2.909,17.11,10.100000000000001
00-0035700,2025,10,RB,Josh Jacobs,GB,rf,15.526,8.895,23.096,19.700000000000003
00-0036139,2025,10,RB,Rico Dowdle,CAR,rf,15.637,9.006,23.207,15.3
00-0036158,2025,10,RB,J.K. Dobbins,DEN,rf,13.807,7.177,21.377,9.4
00-0036223,2025,10,RB,Jonathan Taylor,IND,rf,21.469,14.838,29.039,49.6
00-0036275,2025,10,RB,D'Andre Swift,CHI,rf,16.795,10.164,24.365,14.8
00-0036555,2025,10,RB,Chuba Hubbard,CAR,rf,8.727,2.096,16.297,2.5
00-0036755,2025,10,RB,Jaret Patterson,LAC,rf,6.299,0.0,13.869,0.1
00-0036842,2025,10,RB,Kene Nwangwu,NYJ,rf,2.066,0.0,9.636,6.0
00-0036919,2025,10,RB,Kenny Gainwell,PIT,rf,8.682,2.051,16.252,2.4
00-0036924,2025,10,RB,Michael Carter,ARI,rf,9.552,2.921,17.122,0.4
00-0036973,2025,10,RB,Travis Etienne,JAX,rf,15.267,8.636,22.837,15.7
00-0036984,2025,10,RB,Trey Sermon,PIT,rf,1.56,0.0,9.13,0.0
00-0037085,2025,10,RB,Tyler Badie,DEN,rf,2.938,0.0,10.508,0.0
00-0037120,2025,10,RB,Tyler Goodson,IND,rf,1.867,0.0,9.437,0.4
00-0037157,2025,10,RB,Bam Knight,ARI,rf,8.032,1.401,15.602,4.300000000000001
00-0037228,2025,10,RB,Jaylen Warren,PIT,rf,12.912,6.281,20.482,11.1
00-0037248,2025,10,RB,James Cook,BUF,rf,16.787,10.156,24.357,10.7
00-0037256,2025,10,RB,Rachaad White,TB,rf,12.38,5.749,19.95,10.4
00-0037258,2025,10,RB,Dameon Pierce,HOU,rf,3.247,0.0,10.817,0.0
00-0037263,2025,10,RB,Tyler Allgeier,ATL,rf,4.489,0.0,12.059,17.7
00-0037267,2025,10,RB,Jerome Ford,CLE,rf,4.941,0.0,12.511,0.1
00-0037525,2025,10,RB,Jordan Mason,MIN,rf,9.48,2.849,17.05,4.1
00-0037746,2025,10,RB,Brian Robinson,SF,rf,4.623,0.0,12.193,11.5
00-0037840,2025,10,RB,Kyren Williams,LA,rf,13.58,6.949,21.15,22.4
00-0038120,2025,10,RB,Breece Hall,NYJ,rf,13.067,6.437,20.637,19.5
00-0038134,2025,10,RB,Kenneth Walker III,SEA,rf,11.506,4.875,19.076,8.0
00-0038454,2025,10,RB,Keaton Mitchell,BAL,rf,3.469,0.0,11.04,3.1
00-0038488,2025,10,RB,Brady Russell,SEA,rf,0.491,0.0,8.062,0.0
00-0038542,2025,10,RB,Bijan Robinson,ATL,rf,16.075,9.444,23.645,10.8
00-0038555,2025,10,RB,Tank Bigsby,PHI,rf,4.322,0.0,11.892,0.7000000000000001
00-0038611,2025,10,RB,Chris Rodriguez Jr.,WAS,rf,5.002,0.0,12.572,7.6
00-0038685,2025,10,RB,Chris Brooks,GB,rf,2.475,0.0,10.046,0.0
00-0038705,2025,10,RB,Emari Demercado,ARI,rf,6.496,0.0,14.066,13.4
00-0038797,2025,10,RB,Emanuel Wilson,GB,rf,6.498,0.0,14.069,1.4
00-0038951,2025,10,RB,Sean Tucker,TB,rf,4.602,0.0,12.173,6.1000000000000005
00-0039040,2025,10,RB,De'Von Achane,MIA,rf,17.894,11.263,25.464,40.5
00-0039139,2025,10,RB,Jahmyr Gibbs,DET,rf,16.407,9.776,23.977,38.2
00-0039165,2025,10,RB,Zach Charbonnet,SEA,rf,9.014,2.383,16.584,14.3
00-0039299,2025,10,RB,George Holani,SEA,rf,4.315,0.0,11.885,9.1
00-0039364,2025,10,RB,Sione Vaki,DET,rf,2.508,0.0,10.078,0.4
00-0039384,2025,10,RB,Tyrone Tracy Jr.,NYG,rf,8.214,1.584,15.785,8.100000000000001
00-0039391,2025,10,RB,Kimani Vidal,LAC,rf,10.258,3.628,17.829,17.8
00-0039407,2025,10,RB,Dylan Laube,LV,rf,1.131,0.0,8.701,0.0
00-0039738,2025,10,RB,Blake Corum,LA,rf,6.834,0.203,14.404,5.6000000000000005
00-0039746,2025,10,RB,Will Shipley,PHI,rf,2.158,0.0,9.728,5.4
00-0039757,2025,10,RB,Terrell Jennings,NE,rf,5.94,0.0,13.51,0.5
00-0039798,2025,10,RB,Isaiah Davis,NYJ,rf,6.015,0.0,13.586,2.1
00-0039874,2025,10,RB,Jaylen Wright,MIA,rf,4.412,0.0,11.982,1.7000000000000002
00-0039875,2025,10,RB,Ray Davis,BUF,rf,2.558,0.0,10.129,0.8
00-0040122,2025,10,RB,Ashton Jeanty,LV,rf,16.168,9.537,23.738,15.3
00-0040142,2025,10,RB,Kaleb Johnson,PIT,rf,2.998,0.0,10.568,0.30000000000000004
00-0040162,2025,10,RB,Dylan Sampson,CLE,rf,5.6,0.0,13.17,0.9
00-0040198,2025,10,RB,Ollie Gordon II,MIA,rf,4.014,0.0,11.584,-0.30000000000000004
00-0040202,2025,10,RB,Devin Neal,NO,rf,3.043,0.0,10.614,6.1
00-0040236,2025,10,RB,Kyle Monangai,CHI,rf,12.482,5.851,20.052,8.8
00-0040238,2025,10,RB,LeQuint Allen Jr.,JAX,rf,2.638,0.0,10.208,1.6
00-0040242,2025,10,RB,Jacory Croskey-Merritt,WAS,rf,8.877,2.246,16.447,3.0
00-0040583,2025,10,RB,Woody Marks,HOU,rf,9.94,3.31,17.511,16.1
00-0040644,2025,10,RB,Trevor Etienne,CAR,rf,1.974,0.0,9.544,0.0
00-0040649,2025,10,RB,Robbie Ouzts,SEA,rf,0.499,0.0,8.069,0.0
00-0040719,2025,10,RB,Bhayshul Tuten,JAX,rf,5.884,0.0,13.454,2.0
00-0040730,2025,10,RB,RJ Harvey,DEN,rf,6.981,0.351,14.551,3.8
00-0040734,2025,10,RB,TreVeyon Henderson,NE,rf,9.748,3.117,17.318,28.0
00-0040784,2025,10,RB,Quinshon Judkins,CLE,rf,12.411,5.78,19.981,10.5
00-0031687,2025,11,RB,Raheem Mostert,LV,rf,3.02,0.0,10.59,3.3
00-0032764,2025,11,RB,Derrick Henry,BAL,rf,12.214,5.583,19.784,20.200000000000003
00-0033280,2025,11,RB,Christian McCaffrey,SF,rf,17.732,11.102,25.303,35.1
00-0033293,2025,11,RB,Aaron Jones,MIN,rf,10.245,3.614,17.815,11.1
00-0033376,2025,11,RB,Patrick Ricard,BAL,rf,1.641,0.0,9.211,0.0
00-0033854,2025,11,RB,Dare Ogunbowale,HOU,rf,1.907,0.0,9.477,1.9
00-0033923,2025,11,RB,Kareem Hunt,KC,rf,7.659,1.028,15.229,13.2
00-0033955,2025,11,RB,Jeremy McNichols,WAS,rf,5.863,0.0,13.433,4.9
00-0034681,2025,11,RB,Chase Edmonds,WAS,rf,3.842,0.0,11.412,0.0
00-0034791,2025,11,RB,Nick Chubb,HOU,rf,8.056,1.425,15.626,1.7000000000000002
00-0034844,2025,11,RB,Saquon Barkley,PHI,rf,15.577,8.947,23.148,10.0
00-0035250,2025,11,RB,Devin Singletary,NYG,rf,6.262,0.0,13.832,17.7
00-0035261,2025,11,RB,Tony Pollard,TEN,rf,11.272,4.641,18.842,5.6
00-0035291,2025,11,RB,Trayveon Williams,LAC,rf,0.487,0.0,8.057,0.9
00-0035537,2025,11,RB,Ty Johnson,BUF,rf,3.849,0.0,11.419,15.0
00-0035594,2025,11,RB,Travis Homer,CHI,rf,2.842,0.0,10.412,-0.2
00-0035628,2025,11,RB,D'Ernest Johnson,NE,rf,3.015,0.0,10.585,0.6000000000000001
00-0035685,2025,11,RB,David Montgomery,DET,rf,11.131,4.5,18.701,4.7
00-0035700,2025,11,RB,Josh Jacobs,GB,rf,15.782,9.152,23.353,4.0
00-0036139,2025,11,RB,Rico Dowdle,CAR,rf,14.131,7.5,21.701,15.0
00-0036187,2025,11,RB,Reggie Gilliam,BUF,rf,0.788,0.0,8.359,0.0
00-0036275,2025,11,RB,D'Andre Swift,CHI,rf,13.818,7.187,21.388,9.0
00-0036555,2025,11,RB,Chuba Hubbard,CAR,rf,5.621,0.0,13.191,3.8000000000000003
00-0036567,2025,11,RB,Elijah Mitchell,KC,rf,6.122,0.0,13.692,0.0
00-0036842,2025,11,RB,Kene Nwangwu,NYJ,rf,1.388,0.0,8.958,0.0
00-0036919,2025,11,RB,Kenny Gainwell,PIT,rf,6.46,0.0,14.03,29.5
00-0036924,2025,11,RB,Michael Carter,ARI,rf,6.057,0.0,13.627,7.800000000000001
00-0036973,2025,11,RB,Travis Etienne,JAX,rf,15.221,8.59,22.791,19.3
00-0036997,2025,11,RB,Javonte Williams,DAL,rf,13.194,6.563,20.764,10.3
00-0037085,2025,11,RB,Tyler Badie,DEN,rf,2.848,0.0,10.419,1.0
00-0037157,2025,11,RB,Bam Knight,ARI,rf,8.825,2.194,16.395,14.5
00-0037228,2025,11,RB,Jaylen Warren,PIT,rf,14.094,7.463,21.664,8.7
00-0037248,2025,11,RB,James Cook,BUF,rf,16.932,10.301,24.502,20.4
00-0037256,2025,11,RB,Rachaad White,TB,rf,12.65,6.019,20.22,8.2
00-0037263,2025,11,RB,Tyler Allgeier,ATL,rf,8.047,1.416,15.617,9.6
00-0037267,2025,11,RB,Jerome Ford,CLE,rf,3.825,0.0,11.395,0.2
00-0037525,2025,11,RB,Jordan Mason,MIN,rf,6.338,0.0,13.909,10.5
00-0037563,2025,11,RB,Malik Davis,DAL,rf,3.372,0.0,10.942,2.0
00-0037594,2025,11,RB,Julius Chestnut,TEN,rf,1.95,0.0,9.52,0.0
00-0037746,2025,11,RB,Brian Robinson,SF,rf,5.028,0.0,12.598,2.4000000000000004
00-0037840,2025,11,RB,Kyren Williams,LA,rf,12.611,5.98,20.181,16.6
00-0038120,2025,11,RB,Breece Hall,NYJ,rf,16.831,10.201,24.401,8.4
00-0038134,2025,11,RB,Kenneth Walker III,SEA,rf,9.288,2.657,16.858,20.1
00-0038454,2025,11,RB,Keaton Mitchell,BAL,rf,2.977,0.0,10.548,7.4
00-0038488,2025,11,RB,Brady Russell,SEA,rf,0.299,0.0,7.869,0.0
00-0038542,2025,11,RB,Bijan Robinson,ATL,rf,16.738,10.107,24.308,30.3
00-0038555,2025,11,RB,Tank Bigsby,PHI,rf,3.433,0.0,11.003,3.4000000000000004
00-0038597,2025,11,RB,Chase Brown,CIN,rf,14.096,7.466,21.667,18.700000000000003
00-0038611,2025,11,RB,Chris Rodriguez Jr.,WAS,rf,5.212,0.0,12.782,9.5
00-0038685,2025,11,RB,Chris Brooks,GB,rf,2.486,0.0,10.057,0.8
00-0038705,2025,11,RB,Emari Demercado,ARI,rf,8.733,2.102,16.303,4.0
00-0038738,2025,11,RB,Hunter Luepke,DAL,rf,1.933,0.0,9.503,7.1000000000000005
00-0038794,2025,11,RB,Jaleel McLaughlin,DEN,rf,4.909,0.0,12.479,8.4
00-0038797,2025,11,RB,Emanuel Wilson,GB,rf,4.327,0.0,11.897,13.9
00-0038896,2025,11,RB,Jacob Saylors,DET,rf,2.202,0.0,9.772,0.0
00-0038951,2025,11,RB,Sean Tucker,TB,rf,5.698,0.0,13.268,34.0
00-0039021,2025,11,RB,Roschon Johnson,CHI,rf,2.689,0.0,10.259,0.0
00-0039032,2025,11,RB,Tyjae Spears,TEN,rf,8.602,1.971,16.172,8.4
00-0039040,2025,11,RB,De'Von Achane,MIA,rf,19.567,12.936,27.137,21.5
00-0039139,2025,11,RB,Jahmyr Gibbs,DET,rf,16.297,9.666,23.867,19.6
00-0039165,2025,11,RB,Zach Charbonnet,SEA,rf,11.101,4.47,18.671,6.7
00-0039299,2025,11,RB,George Holani,SEA,rf,3.096,0.0,10.666,0.6000000000000001
00-0039384,2025,11,RB,Tyrone Tracy Jr.,NYG,rf,10.471,3.84,18.041,17.9
00-0039391,2025,11,RB,Kimani Vidal,LAC,rf,11.782,5.151,19.352,3.2
00-0039407,2025,11,RB,Dylan Laube,LV,rf,1.137,0.0,8.707,0.0
00-0039738,2025,11,RB,Blake Corum,LA,rf,6.655,0.024,14.225,1.5
00-0039796,2025,11,RB,Rasheen Ali,BAL,rf,0.272,0.0,7.842,2.5
00-0039798,2025,11,RB,Isaiah Davis,NYJ,rf,5.474,0.0,13.044,1.1
00-0039874,2025,11,RB,Jaylen Wright,MIA,rf,4.949,0.0,12.519,0.4
00-0039875,2025,11,RB,Ray Davis,BUF,rf,3.438,0.0,11.008,0.0
00-0040078,2025,11,RB,Brashard Smith,KC,rf,5.498,0.0,13.068,2.8
00-0040122,2025,11,RB,Ashton Jeanty,LV,rf,14.005,7.375,21.575,9.4
00-0040142,2025,11,RB,Kaleb Johnson,PIT,rf,3.223,0.0,10.794,1.5
00-0040162,2025,11,RB,Dylan Sampson,CLE,rf,4.278,0.0,11.848,1.9000000000000001
00-0040198,2025,11,RB,Ollie Gordon II,MIA,rf,3.8,0.0,11.37,10.5
00-0040208,2025,11,RB,Tahj Brooks,CIN,rf,3.205,0.0,10.776,0.5
00-0040236,2025,11,RB,Kyle Monangai,CHI,rf,9.996,3.365,17.566,10.7
00-0040238,2025,11,RB,LeQuint Allen Jr.,JAX,rf,2.069,0.0,9.639,3.6
00-0040242,2025,11,RB,Jacory Croskey-Merritt,WAS,rf,6.804,0.173,14.374,4.300000000000001
00-0040583,2025,11,RB,Woody Marks,HOU,rf,11.276,4.645,18.846,6.1000000000000005
00-0040644,2025,11,RB,Trevor Etienne,CAR,rf,1.629,0.0,9.2,0.2
00-0040719,2025,11,RB,Bhayshul Tuten,JAX,rf,4.364,0.0,11.934,13.4
00-0040730,2025,11,RB,RJ Harvey,DEN,rf,7.358,0.728,14.929,8.0
00-0040734,2025,11,RB,TreVeyon Henderson,NE,rf,12.546,5.915,20.116,32.3
00-0040784,2025,11,RB,Quinshon Judkins,CLE,rf,13.193,6.562,20.763,5.9
00-0031687,2025,12,RB,Raheem Mostert,LV,rf,3.718,0.0,11.288,5.0
00-0032104,2025,12,RB,Ameer Abdullah,IND,rf,2.139,0.0,9.71,0.0
00-0032764,2025,12,RB,Derrick Henry,BAL,rf,14.11,7.479,21.68,22.8
00-0033280,2025,12,RB,Christian McCaffrey,SF,rf,19.735,13.105,27.306,27.200000000000003
00-0033293,2025,12,RB,Aaron Jones,MIN,rf,11.356,4.725,18.926,8.7
00-0033854,2025,12,RB,Dare Ogunbowale,HOU,rf,2.536,0.0,10.107,0.0
00-0033906,2025,12,RB,Alvin Kamara,NO,rf,11.216,4.586,18.787,3.5
00-0033923,2025,12,RB,Kareem Hunt,KC,rf,9.236,2.605,16.806,20.0
00-0034791,2025,12,RB,Nick Chubb,HOU,rf,6.232,0.0,13.802,2.5
00-0034844,2025,12,RB,Saquon Barkley,PHI,rf,14.688,8.057,22.258,12.4
00-0034975,2025,12,RB,Justice Hill,BAL,rf,5.322,0.0,12.892,0.0
00-0035250,2025,12,RB,Devin Singletary,NYG,rf,8.425,1.794,15.995,4.7
00-0035261,2025,12,RB,Tony Pollard,TEN,rf,10.744,4.113,18.314,8.100000000000001
00-0035537,2025,12,RB,Ty Johnson,BUF,rf,4.48,0.0,12.05,8.2
00-0035685,2025,12,RB,David Montgomery,DET,rf,8.73,2.099,16.3,6.7
00-0036139,2025,12,RB,Rico Dowdle,CAR,rf,18.257,11.626,25.827,11.4
00-0036187,2025,12,RB,Reggie Gilliam,BUF,rf,0.357,0.0,7.927,1.2
00-0036223,2025,12,RB,Jonathan Taylor,IND,rf,21.739,15.108,29.309,8.600000000000001
00-0036275,2025,12,RB,D'Andre Swift,CHI,rf,13.377,6.747,20.947,1.9000000000000004
00-0036360,2025,12,RB,Clyde Edwards-Helaire,KC,rf,4.166,0.0,11.737,3.7
00-0036555,2025,12,RB,Chuba Hubbard,CAR,rf,5.83,0.0,13.4,8.3
00-0036569,2025,12,RB,Gary Brightwell,CIN,rf,2.084,0.0,9.654,0.0
00-0036842,2025,12,RB,Kene Nwangwu,NYJ,rf,1.501,0.0,9.071,0.0
00-0036875,2025,12,RB,Rhamondre Stevenson,NE,rf,10.475,3.844,18.045,2.0
00-0036919,2025,12,RB,Kenny Gainwell,PIT,rf,11.272,4.642,18.843,18.200000000000003
00-0036924,2025,12,RB,Michael Carter,ARI,rf,7.889,1.259,15.46,8.8
00-0036973,2025,12,RB,Travis Etienne,JAX,rf,13.72,7.09,21.291,20.6
00-0036997,2025,12,RB,Javonte Williams,DAL,rf,12.956,6.325,20.526,12.100000000000001
00-0037120,2025,12,RB,Tyler Goodson,IND,rf,2.646,0.0,10.216,0.0
00-0037157,2025,12,RB,Bam Knight,ARI,rf,8.818,2.188,16.389,13.2
00-0037228,2025,12,RB,Jaylen Warren,PIT,rf,12.002,5.372,19.573,12.8
00-0037248,2025,12,RB,James Cook,BUF,rf,17.514,10.883,25.084,21.9
00-0037256,2025,12,RB,Rachaad White,TB,rf,11.389,4.759,18.96,5.2
00-0037263,2025,12,RB,Tyler Allgeier,ATL,rf,5.678,0.0,13.248,5.9
00-0037267,2025,12,RB,Jerome Ford,CLE,rf,3.022,0.0,10.592,-0.30000000000000004
00-0037525,2025,12,RB,Jordan Mason,MIN,rf,8.561,1.931,16.131,4.2
00-0037563,2025,12,RB,Malik Davis,DAL,rf,2.654,0.0,10.224,2.4000000000000004
00-0037594,2025,12,RB,Julius Chestnut,TEN,rf,1.948,0.0,9.518,0.30000000000000004
00-0037746,2025,12,RB,Brian Robinson,SF,rf,6.239,0.0,13.809,5.4
00-0037840,2025,12,RB,Kyren Williams,LA,rf,11.604,4.973,19.174,5.800000000000001
00-0038120,2025,12,RB,Breece Hall,NYJ,rf,14.494,7.863,22.064,13.9
00-0038134,2025,12,RB,Kenneth Walker III,SEA,rf,13.318,6.688,20.889,13.100000000000001
00-0038396,2025,12,RB,Eric Gray,NYG,rf,2.239,0.0,9.809,0.0
00-0038454,2025,12,RB,Keaton Mitchell,BAL,rf,5.104,0.0,12.675,2.9000000000000004
00-0038458,2025,12,RB,Owen Wright,TB,rf,0.441,0.0,8.011,0.6000000000000001
00-0038488,2025,12,RB,Brady Russell,SEA,rf,0.226,0.0,7.796,0.0
00-0038542,2025,12,RB,Bijan Robinson,ATL,rf,18.211,11.58,25.781,14.700000000000001
00-0038555,2025,12,RB,Tank Bigsby,PHI,rf,3.721,0.0,11.291,0.8
00-0038597,2025,12,RB,Chase Brown,CIN,rf,15.625,8.994,23.195,15.0
00-0038685,2025,12,RB,Chris Brooks,GB,rf,3.122,0.0,10.692,3.6
00-0038738,2025,12,RB,Hunter Luepke,DAL,rf,3.008,0.0,10.578,1.7000000000000002
00-0038797,2025,12,RB,Emanuel Wilson,GB,rf,6.134,0.0,13.704,26.5
00-0038896,2025,12,RB,Jacob Saylors,DET,rf,2.28,0.0,9.85,0.0
00-0038951,2025,12,RB,Sean Tucker,TB,rf,10.772,4.141,18.342,5.6000000000000005
00-0039032,2025,12,RB,Tyjae Spears,TEN,rf,10.482,3.851,18.052,6.5
00-0039139,2025,12,RB,Jahmyr Gibbs,DET,rf,17.549,10.918,25.119,55.400000000000006
00-0039165,2025,12,RB,Zach Charbonnet,SEA,rf,10.487,3.856,18.057,9.5
00-0039384,2025,12,RB,Tyrone Tracy Jr.,NYG,rf,13.516,6.885,21.086,16.0
00-0039407,2025,12,RB,Dylan Laube,LV,rf,1.587,0.0,9.157,0.0
00-0039603,2025,12,RB,British Brooks,HOU,rf,2.222,0.0,9.793,0.0
00-0039738,2025,12,RB,Blake Corum,LA,rf,7.519,0.888,15.089,2.4000000000000004
00-0039746,2025,12,RB,Will Shipley,PHI,rf,3.3,0.0,10.87,0.0
00-0039757,2025,12,RB,Terrell Jennings,NE,rf,5.217,0.0,12.787,0.0
00-0039798,2025,12,RB,Isaiah Davis,NYJ,rf,4.402,0.0,11.972,0.7000000000000001
00-0039875,2025,12,RB,Ray Davis,BUF,rf,1.739,0.0,9.31,6.0
00-0040078,2025,12,RB,Brashard Smith,KC,rf,4.531,0.0,12.101,6.6
00-0040122,2025,12,RB,Ashton Jeanty,LV,rf,18.081,11.45,25.651,24.8
00-0040162,2025,12,RB,Dylan Sampson,CLE,rf,4.404,0.0,11.974,16.200000000000003
00-0040202,2025,12,RB,Devin Neal,NO,rf,4.021,0.0,11.591,11.100000000000001
00-0040208,2025,12,RB,Tahj Brooks,CIN,rf,2.842,0.0,10.412,0.5
00-0040236,2025,12,RB,Kyle Monangai,CHI,rf,11.278,4.648,18.849,10.8
00-0040238,2025,12,RB,LeQuint Allen Jr.,JAX,rf,3.358,0.0,10.928,0.2
00-0040583,2025,12,RB,Woody Marks,HOU,rf,10.96,4.329,18.53,7.9
00-0040644,2025,12,RB,Trevor Etienne,CAR,rf,2.622,0.0,10.193,0.0
00-0040719,2025,12,RB,Bhayshul Tuten,JAX,rf,9.42,2.789,16.99,1.7000000000000002
00-0040734,2025,12,RB,TreVeyon Henderson,NE,rf,13.198,6.567,20.768,11.1
00-0040784,2025,12,RB,Quinshon Judkins,CLE,rf,13.716,7.085,21.286,16.7
00-0031687,2025,13,RB,Raheem Mostert,LV,rf,3.322,0.0,10.892,0.6000000000000001
00-0032104,2025,13,RB,Ameer Abdullah,IND,rf,1.547,0.0,9.117,0.0
00-0032764,2025,13,RB,Derrick Henry,BAL,rf,16.254,9.623,23.824,17.4
00-0033280,2025,13,RB,Christian McCaffrey,SF,rf,20.877,14.246,28.447,17.4
00-0033293,2025,13,RB,Aaron Jones,MIN,rf,11.651,5.02,19.221,4.5
00-0033526,2025,13,RB,Samaje Perine,CIN,rf,4.114,0.0,11.684,5.4
00-0033854,2025,13,RB,Dare Ogunbowale,HOU,rf,1.389,0.0,8.959,0.0
00-0033923,2025,13,RB,Kareem Hunt,KC,rf,12.948,6.318,20.518,9.0
00-0033955,2025,13,RB,Jeremy McNichols,WAS,rf,5.687,0.0,13.258,5.0
00-0034791,2025,13,RB,Nick Chubb,HOU,rf,6.593,0.0,14.163,9.4
00-0034844,2025,13,RB,Saquon Barkley,PHI,rf,16.684,10.054,24.255,5.6000000000000005
00-0035250,2025,13,RB,Devin Singletary,NYG,rf,8.549,1.918,16.119,19.200000000000003
00-0035261,2025,13,RB,Tony Pollard,TEN,rf,9.984,3.353,17.554,5.300000000000001
00-0035311,2025,13,RB,Myles Gaskin,SEA,rf,2.738,0.0,10.308,0.6000000000000001
00-0035537,2025,13,RB,Ty Johnson,BUF,rf,4.944,0.0,12.514,5.5
00-0035594,2025,13,RB,Travis Homer,CHI,rf,3.114,0.0,10.684,0.0
00-0035685,2025,13,RB,David Montgomery,DET,rf,7.606,0.975,15.176,12.8
00-0035700,2025,13,RB,Josh Jacobs,GB,rf,14.193,7.562,21.763,10.1
00-0036139,2025,13,RB,Rico Dowdle,CAR,rf,15.919,9.288,23.489,9.9
00-0036187,2025,13,RB,Reggie Gilliam,BUF,rf,1.225,0.0,8.795,0.0
00-0036223,2025,13,RB,Jonathan Taylor,IND,rf,20.695,14.065,28.265,15.100000000000001
00-0036275,2025,13,RB,D'Andre Swift,CHI,rf,11.396,4.765,18.966,20.8
00-0036555,2025,13,RB,Chuba Hubbard,CAR,rf,6.935,0.304,14.505,20.4
00-0036569,2025,13,RB,Gary Brightwell,CIN,rf,1.962,0.0,9.532,0.0
00-0036755,2025,13,RB,Jaret Patterson,LAC,rf,5.375,0.0,12.945,11.4
00-0036875,2025,13,RB,Rhamondre Stevenson,NE,rf,8.305,1.675,15.875,11.0
00-0036919,2025,13,RB,Kenny Gainwell,PIT,rf,10.476,3.845,18.046,6.5
00-0036924,2025,13,RB,Michael Carter,ARI,rf,7.059,0.428,14.629,11.4
00-0036973,2025,13,RB,Travis Etienne,JAX,rf,14.776,8.145,22.346,5.1000000000000005
00-0036997,2025,13,RB,Javonte Williams,DAL,rf,15.204,8.573,22.774,17.0
00-0037085,2025,13,RB,Tyler Badie,DEN,rf,2.722,0.0,10.292,4.8
00-0037120,2025,13,RB,Tyler Goodson,IND,rf,1.107,0.0,8.677,0.0
00-0037157,2025,13,RB,Bam Knight,ARI,rf,9.181,2.55,16.751,16.8
00-0037197,2025,13,RB,Isiah Pacheco,KC,rf,9.135,2.504,16.705,5.300000000000001
00-0037228,2025,13,RB,Jaylen Warren,PIT,rf,12.548,5.917,20.118,12.4
00-0037248,2025,13,RB,James Cook,BUF,rf,17.027,10.396,24.597,18.7
00-0037256,2025,13,RB,Rachaad White,TB,rf,9.572,2.941,17.142,5.9
00-0037263,2025,13,RB,Tyler Allgeier,ATL,rf,7.706,1.076,15.277,13.5
00-0037267,2025,13,RB,Jerome Ford,CLE,rf,3.663,0.0,11.233,4.7
00-0037525,2025,13,RB,Jordan Mason,MIN,rf,7.769,1.138,15.339,5.800000000000001
00-0037557,2025,13,RB,Ronnie Rivers,LA,rf,3.689,0.0,11.259,0.0
00-0037563,2025,13,RB,Malik Davis,DAL,rf,2.842,0.0,10.412,10.7
00-0037594,2025,13,RB,Julius Chestnut,TEN,rf,2.629,0.0,10.199,0.0
00-0037746,2025,13,RB,Brian Robinson,SF,rf,6.527,0.0,14.098,2.6
00-0037840,2025,13,RB,Kyren Williams,LA,rf,12.171,5.54,19.741,13.2
00-0038120,2025,13,RB,Breece Hall,NYJ,rf,15.625,8.994,23.195,15.600000000000001
00-0038134,2025,13,RB,Kenneth Walker III,SEA,rf,14.237,7.607,21.807,10.4
00-0038397,2025,13,RB,Evan Hull,NO,rf,3.129,0.0,10.699,1.5
00-0038440,2025,13,RB,Zavier Scott,MIN,rf,3.994,0.0,11.564,3.1
00-0038454,2025,13,RB,Keaton Mitchell,BAL,rf,4.062,0.0,11.632,11.1
00-0038542,2025,13,RB,Bijan Robinson,ATL,rf,17.326,10.696,24.897,30.3
00-0038597,2025,13,RB,Chase Brown,CIN,rf,15.796,9.165,23.366,18.3
00-0038611,2025,13,RB,Chris Rodriguez Jr.,WAS,rf,7.955,1.324,15.525,10.100000000000001
00-0038685,2025,13,RB,Chris Brooks,GB,rf,3.554,0.0,11.124,2.9
00-0038794,2025,13,RB,Jaleel McLaughlin,DEN,rf,5.824,0.0,13.395,4.0
00-0038797,2025,13,RB,Emanuel Wilson,GB,rf,11.33,4.699,18.9,1.4000000000000001
00-0038951,2025,13,RB,Sean Tucker,TB,rf,9.665,3.034,17.235,0.0
00-0039032,2025,13,RB,Tyjae Spears,TEN,rf,10.044,3.414,17.615,8.4
00-0039040,2025,13,RB,De'Von Achane,MIA,rf,19.01,12.379,26.58,19.4
00-0039139,2025,13,RB,Jahmyr Gibbs,DET,rf,21.574,14.943,29.144,11.6
00-0039165,2025,13,RB,Zach Charbonnet,SEA,rf,9.305,2.675,16.876,11.2
00-0039361,2025,13,RB,Bucky Irving,TB,rf,16.001,9.37,23.571,16.1
00-0039363,2025,13,RB,Isaac Guerendo,SF,rf,0.249,0.0,7.819,0.0
00-0039364,2025,13,RB,Sione Vaki,DET,rf,1.603,0.0,9.173,0.0
00-0039384,2025,13,RB,Tyrone Tracy Jr.,NYG,rf,13.364,6.733,20.934,4.300000000000001
00-0039391,2025,13,RB,Kimani Vidal,LAC,rf,9.155,2.524,16.725,20.700000000000003
00-0039407,2025,13,RB,Dylan Laube,LV,rf,1.549,0.0,9.12,0.0
00-0039738,2025,13,RB,Blake Corum,LA,rf,6.452,0.0,14.023,14.1
00-0039746,2025,13,RB,Will Shipley,PHI,rf,1.869,0.0,9.439,2.1
00-0039757,2025,13,RB,Terrell Jennings,NE,rf,3.972,0.0,11.542,0.0
00-0039796,2025,13,RB,Rasheen Ali,BAL,rf,1.781,0.0,9.351,1.7000000000000002
00-0039798,2025,13,RB,Isaiah Davis,NYJ,rf,5.267,0.0,12.837,0.0
00-0039874,2025,13,RB,Jaylen Wright,MIA,rf,3.517,0.0,11.087,1.6
00-0039875,2025,13,RB,Ray Davis,BUF,rf,1.698,0.0,9.268,6.2
00-0040078,2025,13,RB,Brashard Smith,KC,rf,5.93,0.0,13.5,0.0
00-0040122,2025,13,RB,Ashton Jeanty,LV,rf,17.977,11.346,25.547,12.100000000000001
00-0040142,2025,13,RB,Kaleb Johnson,PIT,rf,3.408,0.0,10.978,0.30000000000000004
00-0040162,2025,13,RB,Dylan Sampson,CLE,rf,7.552,0.921,15.122,2.3000000000000003
00-0040198,2025,13,RB,Ollie Gordon II,MIA,rf,5.345,0.0,12.915,1.0
00-0040202,2025,13,RB,Devin Neal,NO,rf,6.572,0.0,14.142,9.9
00-0040236,2025,13,RB,Kyle Monangai,CHI,rf,10.261,3.631,17.831,19.0
00-0040238,2025,13,RB,LeQuint Allen Jr.,JAX,rf,2.671,0.0,10.242,0.0
00-0040242,2025,13,RB,Jacory Croskey-Merritt,WAS,rf,7.004,0.373,14.574,2.0
00-0040583,2025,13,RB,Woody Marks,HOU,rf,10.289,3.659,17.86,7.7
00-0040644,2025,13,RB,Trevor Etienne,CAR,rf,2.321,0.0,9.891,1.4
00-0040719,2025,13,RB,Bhayshul Tuten,JAX,rf,7.542,0.911,15.112,8.9
00-0040730,2025,13,RB,RJ Harvey,DEN,rf,9.053,2.422,16.623,21.2
00-0040734,2025,13,RB,TreVeyon Henderson,NE,rf,13.807,7.176,21.377,11.6
00-0040784,2025,13,RB,Quinshon Judkins,CLE,rf,12.776,6.145,20.346,15.9
00-0031687,2025,14,RB,Raheem Mostert,LV,rf,3.942,0.0,11.512,1.2
00-0032104,2025,14,RB,Ameer Abdullah,IND,rf,1.44,0.0,9.01,2.9
00-0032764,2025,14,RB,Derrick Henry,BAL,rf,16.937,10.306,24.507,11.200000000000001
00-0033293,2025,14,RB,Aaron Jones,MIN,rf,10.722,4.091,18.292,7.6000000000000005
00-0033376,2025,14,RB,Patrick Ricard,BAL,rf,1.368,0.0,8.938,0.0
00-0033526,2025,14,RB,Samaje Perine,CIN,rf,7.187,0.556,14.757,4.800000000000001
00-0033854,2025,14,RB,Dare Ogunbowale,HOU,rf,1.376,0.0,8.946,6.5
00-0033923,2025,14,RB,Kareem Hunt,KC,rf,11.092,4.461,18.662,9.0
00-0033955,2025,14,RB,Jeremy McNichols,WAS,rf,5.614,0.0,13.185,1.2
00-0034791,2025,14,RB,Nick Chubb,HOU,rf,6.767,0.137,14.337,0.30000000000000004
00-0034844,2025,14,RB,Saquon Barkley,PHI,rf,13.465,6.834,21.035,18.200000000000003
00-0035261,2025,14,RB,Tony Pollard,TEN,rf,10.608,3.977,18.178,28.1
00-0035537,2025,14,RB,Ty Johnson,BUF,rf,4.804,0.0,12.374,5.9
00-0035594,2025,14,RB,Travis Homer,CHI,rf,1.009,0.0,8.579,0.0
00-0035685,2025,14,RB,David Montgomery,DET,rf,8.872,2.242,16.443,14.3
00-0035700,2025,14,RB,Josh Jacobs,GB,rf,14.603,7.972,22.173,17.200000000000003
00-0036187,2025,14,RB,Reggie Gilliam,BUF,rf,1.087,0.0,8.657,0.0
00-0036223,2025,14,RB,Jonathan Taylor,IND,rf,20.864,14.234,28.435,11.4
00-0036275,2025,14,RB,D'Andre Swift,CHI,rf,13.067,6.436,20.637,11.200000000000001
00-0036842,2025,14,RB,Kene Nwangwu,NYJ,rf,1.473,0.0,9.043,0.0
00-0036906,2025,14,RB,Khalil Herbert,NYJ,rf,3.055,0.0,10.625,0.0
00-0036919,2025,14,RB,Kenny Gainwell,PIT,rf,11.026,4.395,18.596,16.2
00-0036924,2025,14,RB,Michael Carter,ARI,rf,8.332,1.701,15.902,5.1
00-0036973,2025,14,RB,Travis Etienne,JAX,rf,12.271,5.64,19.841,21.200000000000003
00-0036997,2025,14,RB,Javonte Williams,DAL,rf,14.517,7.886,22.087,14.7
00-0037085,2025,14,RB,Tyler Badie,DEN,rf,3.269,0.0,10.839,3.1
00-0037157,2025,14,RB,Bam Knight,ARI,rf,11.023,4.392,18.593,6.4
00-0037197,2025,14,RB,Isiah Pacheco,KC,rf,7.967,1.337,15.538,3.0
00-0037228,2025,14,RB,Jaylen Warren,PIT,rf,12.254,5.623,19.824,15.2
00-0037248,2025,14,RB,James Cook,BUF,rf,18.253,11.622,25.823,11.100000000000001
00-0037256,2025,14,RB,Rachaad White,TB,rf,7.943,1.312,15.513,6.5
00-0037263,2025,14,RB,Tyler Allgeier,ATL,rf,6.296,0.0,13.866,8.7
00-0037267,2025,14,RB,Jerome Ford,CLE,rf,3.002,0.0,10.572,3.0
00-0037525,2025,14,RB,Jordan Mason,MIN,rf,8.061,1.431,15.632,11.2
00-0037557,2025,14,RB,Ronnie Rivers,LA,rf,2.696,0.0,10.266,4.1000000000000005
00-0037563,2025,14,RB,Malik Davis,DAL,rf,2.888,0.0,10.458,0.6000000000000001
00-0037594,2025,14,RB,Julius Chestnut,TEN,rf,1.824,0.0,9.394,0.0
00-0037617,2025,14,RB,Hassan Haskins,LAC,rf,4.131,0.0,11.701,0.0
00-0037840,2025,14,RB,Kyren Williams,LA,rf,13.313,6.682,20.883,17.700000000000003
00-0038120,2025,14,RB,Breece Hall,NYJ,rf,13.932,7.302,21.503,4.3
00-0038134,2025,14,RB,Kenneth Walker III,SEA,rf,13.42,6.79,20.99,3.8000000000000003
00-0038397,2025,14,RB,Evan Hull,NO,rf,3.349,0.0,10.919,2.0
00-0038440,2025,14,RB,Zavier Scott,MIN,rf,5.008,0.0,12.578,3.0
00-0038454,2025,14,RB,Keaton Mitchell,BAL,rf,5.243,0.0,12.813,7.6000000000000005
00-0038542,2025,14,RB,Bijan Robinson,ATL,rf,19.392,12.761,26.962,9.4
00-0038555,2025,14,RB,Tank Bigsby,PHI,rf,4.081,0.0,11.651,0.4
00-0038597,2025,14,RB,Chase Brown,CIN,rf,16.61,9.98,24.18,18.5
00-0038611,2025,14,RB,Chris Rodriguez Jr.,WAS,rf,9.103,2.473,16.674,5.2
00-0038685,2025,14,RB,Chris Brooks,GB,rf,2.478,0.0,10.048,1.6
00-0038738,2025,14,RB,Hunter Luepke,DAL,rf,1.959,0.0,9.529,0.0
00-0038794,2025,14,RB,Jaleel McLaughlin,DEN,rf,5.112,0.0,12.682,4.1
00-0038797,2025,14,RB,Emanuel Wilson,GB,rf,7.371,0.74,14.941,1.0
00-0038896,2025,14,RB,Jacob Saylors,DET,rf,0.278,0.0,7.849,0.0
00-0038951,2025,14,RB,Sean Tucker,TB,rf,4.978,0.0,12.548,8.9
00-0039032,2025,14,RB,Tyjae Spears,TEN,rf,9.064,2.433,16.634,6.7
00-0039040,2025,14,RB,De'Von Achane,MIA,rf,18.517,11.887,26.088,17.5
00-0039139,2025,14,RB,Jahmyr Gibbs,DET,rf,20.377,13.747,27.948,37.0
00-0039165,2025,14,RB,Zach Charbonnet,SEA,rf,9.068,2.438,16.639,8.600000000000001
00-0039361,2025,14,RB,Bucky Irving,TB,rf,15.265,8.634,22.835,16.1
00-0039364,2025,14,RB,Sione Vaki,DET,rf,0.429,0.0,8.0,0.0
00-0039373,2025,14,RB,Audric Estimé,NO,rf,6.024,0.0,13.594,1.1
00-0039391,2025,14,RB,Kimani Vidal,LAC,rf,12.367,5.736,19.937,11.4
00-0039407,2025,14,RB,Dylan Laube,LV,rf,0.485,0.0,8.056,0.0
00-0039603,2025,14,RB,British Brooks,HOU,rf,2.596,0.0,10.166,0.0
00-0039738,2025,14,RB,Blake Corum,LA,rf,7.727,1.096,15.297,26.1
00-0039746,2025,14,RB,Will Shipley,PHI,rf,2.051,0.0,9.621,1.3
00-0039796,2025,14,RB,Rasheen Ali,BAL,rf,2.373,0.0,9.943,3.3
00-0039798,2025,14,RB,Isaiah Davis,NYJ,rf,3.269,0.0,10.839,2.2
00-0039874,2025,14,RB,Jaylen Wright,MIA,rf,3.4,0.0,10.97,16.700000000000003
00-0039875,2025,14,RB,Ray Davis,BUF,rf,3.617,0.0,11.187,0.0
00-0040078,2025,14,RB,Brashard Smith,KC,rf,3.853,0.0,11.423,0.7000000000000001
00-0040122,2025,14,RB,Ashton Jeanty,LV,rf,17.359,10.728,24.929,5.800000000000001
00-0040142,2025,14,RB,Kaleb Johnson,PIT,rf,3.255,0.0,10.825,0.4
00-0040162,2025,14,RB,Dylan Sampson,CLE,rf,5.566,0.0,13.136,9.8
00-0040198,2025,14,RB,Ollie Gordon II,MIA,rf,5.025,0.0,12.595,7.7
00-0040202,2025,14,RB,Devin Neal,NO,rf,7.169,0.539,14.74,15.4
00-0040236,2025,14,RB,Kyle Monangai,CHI,rf,11.859,5.228,19.429,8.7
00-0040238,2025,14,RB,LeQuint Allen Jr.,JAX,rf,1.655,0.0,9.225,2.8
00-0040242,2025,14,RB,Jacory Croskey-Merritt,WAS,rf,6.357,0.0,13.927,3.2
00-0040583,2025,14,RB,Woody Marks,HOU,rf,10.514,3.884,18.085,15.600000000000001
00-0040649,2025,14,RB,Robbie Ouzts,SEA,rf,0.21,0.0,7.781,0.0
00-0040666,2025,14,RB,Omarion Hampton,LAC,rf,18.013,11.383,25.584,14.7
00-0040719,2025,14,RB,Bhayshul Tuten,JAX,rf,7.678,1.047,15.248,-1.5
00-0040730,2025,14,RB,RJ Harvey,DEN,rf,10.051,3.42,17.621,22.0
00-0040784,2025,14,RB,Quinshon Judkins,CLE,rf,15.074,8.443,22.644,9.4
00-0031687,2025,15,RB,Raheem Mostert,LV,rf,2.843,0.0,10.413,1.2
00-0032104,2025,15,RB,Ameer Abdullah,IND,rf,2.32,0.0,9.89,9.7
00-0032764,2025,15,RB,Derrick Henry,BAL,rf,14.28,7.649,21.85,10.0
00-0033280,2025,15,RB,Christian McCaffrey,SF,rf,19.279,12.649,26.85,15.700000000000001
00-0033293,2025,15,RB,Aaron Jones,MIN,rf,9.988,3.357,17.558,9.5
00-0033526,2025,15,RB,Samaje Perine,CIN,rf,6.4,0.0,13.971,5.3
00-0033854,2025,15,RB,Dare Ogunbowale,HOU,rf,1.733,0.0,9.303,6.4
00-0033923,2025,15,RB,Kareem Hunt,KC,rf,10.394,3.763,17.964,3.0
00-0033955,2025,15,RB,Jeremy McNichols,WAS,rf,4.422,0.0,11.992,1.2000000000000002
00-0034681,2025,15,RB,Chase Edmonds,WAS,rf,2.624,0.0,10.194,0.0
00-0034844,2025,15,RB,Saquon Barkley,PHI,rf,14.207,7.576,21.777,17.200000000000003
00-0035250,2025,15,RB,Devin Singletary,NYG,rf,11.788,5.157,19.358,2.4000000000000004
00-0035261,2025,15,RB,Tony Pollard,TEN,rf,12.767,6.136,20.337,18.200000000000003
00-0035291,2025,15,RB,Trayveon Williams,CLE,rf,3.128,0.0,10.698,2.7
00-0035537,2025,15,RB,Ty Johnson,BUF,rf,6.473,0.0,14.043,5.800000000000001
00-0035685,2025,15,RB,David Montgomery,DET,rf,9.6,2.969,17.17,9.2
00-0035700,2025,15,RB,Josh Jacobs,GB,rf,14.392,7.761,21.962,23.200000000000003
00-0036139,2025,15,RB,Rico Dowdle,CAR,rf,14.064,7.433,21.634,12.4
00-0036187,2025,15,RB,Reggie Gilliam,BUF,rf,1.071,0.0,8.641,0.0
00-0036223,2025,15,RB,Jonathan Taylor,IND,rf,17.205,10.574,24.775,13.100000000000001
00-0036275,2025,15,RB,D'Andre Swift,CHI,rf,13.859,7.229,21.43,22.6
00-0036555,2025,15,RB,Chuba Hubbard,CAR,rf,11.264,4.633,18.834,4.800000000000001
00-0036875,2025,15,RB,Rhamondre Stevenson,NE,rf,9.666,3.036,17.237,10.7
00-0036906,2025,15,RB,Khalil Herbert,NYJ,rf,3.113,0.0,10.683,0.5
00-0036919,2025,15,RB,Kenny Gainwell,PIT,rf,10.961,4.33,18.531,19.6
00-0036924,2025,15,RB,Michael Carter,ARI,rf,7.965,1.335,15.536,13.4
00-0036973,2025,15,RB,Travis Etienne,JAX,rf,12.827,6.196,20.397,31.5
00-0036997,2025,15,RB,Javonte Williams,DAL,rf,13.745,7.114,21.315,15.1
00-0037085,2025,15,RB,Tyler Badie,DEN,rf,4.302,0.0,11.872,1.1
00-0037120,2025,15,RB,Tyler Goodson,IND,rf,1.474,0.0,9.044,0.0
00-0037157,2025,15,RB,Bam Knight,ARI,rf,8.855,2.224,16.425,-0.2
00-0037197,2025,15,RB,Isiah Pacheco,KC,rf,7.802,1.171,15.372,2.1
00-0037228,2025,15,RB,Jaylen Warren,PIT,rf,13.796,7.165,21.366,7.800000000000001
00-0037248,2025,15,RB,James Cook,BUF,rf,17.189,10.559,24.76,31.1
00-0037256,2025,15,RB,Rachaad White,TB,rf,9.568,2.937,17.138,3.6
00-0037263,2025,15,RB,Tyler Allgeier,ATL,rf,9.304,2.673,16.874,1.8
00-0037329,2025,15,RB,Brittain Brown,CHI,rf,5.066,0.0,12.636,0.0
00-0037525,2025,15,RB,Jordan Mason,MIN,rf,9.807,3.176,17.377,2.9000000000000004
00-0037557,2025,15,RB,Ronnie Rivers,LA,rf,4.793,0.0,12.363,0.0
00-0037563,2025,15,RB,Malik Davis,DAL,rf,3.253,0.0,10.824,11.7
00-0037594,2025,15,RB,Julius Chestnut,TEN,rf,0.62,0.0,8.19,0.0
00-0037746,2025,15,RB,Brian Robinson,SF,rf,6.504,0.0,14.074,2.1
00-0037840,2025,15,RB,Kyren Williams,LA,rf,13.021,6.391,20.592,21.8
00-0038120,2025,15,RB,Breece Hall,NYJ,rf,12.213,5.582,19.783,5.7
00-0038134,2025,15,RB,Kenneth Walker III,SEA,rf,10.041,3.41,17.611,2.9000000000000004
00-0038397,2025,15,RB,Evan Hull,NO,rf,2.991,0.0,10.561,1.2000000000000002
00-0038454,2025,15,RB,Keaton Mitchell,BAL,rf,5.58,0.0,13.15,6.6000000000000005
00-0038488,2025,15,RB,Brady Russell,SEA,rf,0.214,0.0,7.784,0.0
00-0038542,2025,15,RB,Bijan Robinson,ATL,rf,18.88,12.249,26.45,29.5
00-0038555,2025,15,RB,Tank Bigsby,PHI,rf,3.894,0.0,11.464,5.7
00-0038597,2025,15,RB,Chase Brown,CIN,rf,15.66,9.029,23.23,16.0
00-0038685,2025,15,RB,Chris Brooks,GB,rf,2.545,0.0,10.115,2.6
00-0038705,2025,15,RB,Emari Demercado,ARI,rf,6.388,0.0,13.958,2.1
00-0038738,2025,15,RB,Hunter Luepke,DAL,rf,1.961,0.0,9.531,5.0
00-0038794,2025,15,RB,Jaleel McLaughlin,DEN,rf,4.735,0.0,12.305,0.4
00-0038797,2025,15,RB,Emanuel Wilson,GB,rf,6.476,0.0,14.046,0.30000000000000004
00-0038951,2025,15,RB,Sean Tucker,TB,rf,6.741,0.11,14.311,6.7
00-0039032,2025,15,RB,Tyjae Spears,TEN,rf,9.254,2.624,16.825,5.6
00-0039040,2025,15,RB,De'Von Achane,MIA,rf,17.223,10.592,24.793,18.700000000000003
00-0039139,2025,15,RB,Jahmyr Gibbs,DET,rf,20.185,13.554,27.755,9.8
00-0039165,2025,15,RB,Zach Charbonnet,SEA,rf,8.844,2.213,16.414,3.1
00-0039361,2025,15,RB,Bucky Irving,TB,rf,16.112,9.481,23.682,8.100000000000001
00-0039364,2025,15,RB,Sione Vaki,DET,rf,0.455,0.0,8.025,0.0
00-0039373,2025,15,RB,Audric Estimé,NO,rf,4.988,0.0,12.558,8.0
00-0039384,2025,15,RB,Tyrone Tracy Jr.,NYG,rf,11.164,4.534,18.734,24.700000000000003
00-0039391,2025,15,RB,Kimani Vidal,LAC,rf,13.705,7.074,21.275,5.800000000000001
00-0039407,2025,15,RB,Dylan Laube,LV,rf,0.492,0.0,8.062,0.4
00-0039603,2025,15,RB,British Brooks,HOU,rf,2.24,0.0,9.81,0.0
00-0039738,2025,15,RB,Blake Corum,LA,rf,9.543,2.912,17.113,13.100000000000001
00-0039746,2025,15,RB,Will Shipley,PHI,rf,1.72,0.0,9.29,0.0
00-0039796,2025,15,RB,Rasheen Ali,BAL,rf,3.072,0.0,10.643,11.2
00-0039798,2025,15,RB,Isaiah Davis,NYJ,rf,4.518,0.0,12.088,13.5
00-0039874,2025,15,RB,Jaylen Wright,MIA,rf,8.58,1.949,16.15,2.1
00-0039875,2025,15,RB,Ray Davis,BUF,rf,2.279,0.0,9.849,2.3
00-0040078,2025,15,RB,Brashard Smith,KC,rf,4.375,0.0,11.945,0.1
00-0040122,2025,15,RB,Ashton Jeanty,LV,rf,15.118,8.487,22.688,8.2
00-0040142,2025,15,RB,Kaleb Johnson,PIT,rf,3.313,0.0,10.884,0.4
00-0040198,2025,15,RB,Ollie Gordon II,MIA,rf,5.326,0.0,12.896,0.0
00-0040202,2025,15,RB,Devin Neal,NO,rf,10.256,3.625,17.826,10.2
00-0040205,2025,15,RB,Kalel Mullings,TEN,rf,0.391,0.0,7.961,0.30000000000000004
00-0040208,2025,15,RB,Tahj Brooks,CIN,rf,4.825,0.0,12.395,0.0
00-0040236,2025,15,RB,Kyle Monangai,CHI,rf,9.897,3.267,17.468,3.3000000000000003
00-0040238,2025,15,RB,LeQuint Allen Jr.,JAX,rf,2.07,0.0,9.64,2.6
00-0040242,2025,15,RB,Jacory Croskey-Merritt,WAS,rf,6.978,0.347,14.548,15.600000000000001
00-0040583,2025,15,RB,Woody Marks,HOU,rf,11.591,4.96,19.161,4.800000000000001
00-0040644,2025,15,RB,Trevor Etienne,CAR,rf,1.379,0.0,8.949,0.0
00-0040666,2025,15,RB,Omarion Hampton,LAC,rf,14.283,7.653,21.853,7.5
00-0040719,2025,15,RB,Bhayshul Tuten,JAX,rf,4.903,0.0,12.473,9.3
00-0040730,2025,15,RB,RJ Harvey,DEN,rf,11.248,4.617,18.818,10.5
00-0040734,2025,15,RB,TreVeyon Henderson,NE,rf,13.506,6.875,21.076,30.1
00-0040784,2025,15,RB,Quinshon Judkins,CLE,rf,14.47,7.839,22.04,4.7
00-0031687,2025,16,RB,Raheem Mostert,LV,rf,2.818,0.0,10.388,1.9
00-0032104,2025,16,RB,Ameer Abdullah,IND,rf,4.337,0.0,11.907,1.4
00-0032764,2025,16,RB,Derrick Henry,BAL,rf,12.904,6.273,20.474,22.8
00-0033280,2025,16,RB,Christian McCaffrey,SF,rf,18.41,11.779,25.98,32.6
00-0033293,2025,16,RB,Aaron Jones,MIN,rf,11.178,4.547,18.748,11.3
00-0033526,2025,16,RB,Samaje Perine,CIN,rf,8.578,1.947,16.148,12.100000000000001
00-0033854,2025,16,RB,Dare Ogunbowale,HOU,rf,4.349,0.0,11.919,0.9
00-0033923,2025,16,RB,Kareem Hunt,KC,rf,8.282,1.651,15.852,0.2
00-0033955,2025,16,RB,Jeremy McNichols,WAS,rf,6.193,0.0,13.764,5.2
00-0034791,2025,16,RB,Nick Chubb,HOU,rf,4.734,0.0,12.304,5.2
00-0034844,2025,16,RB,Saquon Barkley,PHI,rf,12.774,6.144,20.345,21.200000000000003
00-0035250,2025,16,RB,Devin Singletary,NYG,rf,6.284,0.0,13.854,5.6000000000000005
00-0035261,2025,16,RB,Tony Pollard,TEN,rf,13.479,6.849,21.05,10.200000000000001
00-0035291,2025,16,RB,Trayveon Williams,CLE,rf,3.754,0.0,11.324,9.5
00-0035537,2025,16,RB,Ty Johnson,BUF,rf,6.898,0.267,14.468,7.6
00-0035685,2025,16,RB,David Montgomery,DET,rf,8.038,1.407,15.608,1.4000000000000001
00-0035700,2025,16,RB,Josh Jacobs,GB,rf,13.251,6.62,20.821,4.800000000000001
00-0036139,2025,16,RB,Rico Dowdle,CAR,rf,12.89,6.259,20.46,8.3
00-0036223,2025,16,RB,Jonathan Taylor,IND,rf,16.848,10.217,24.418,16.9
00-0036275,2025,16,RB,D'Andre Swift,CHI,rf,13.45,6.819,21.02,9.0
00-0036425,2025,16,RB,DeeJay Dallas,JAX,rf,2.421,0.0,9.991,0.0
00-0036555,2025,16,RB,Chuba Hubbard,CAR,rf,8.928,2.297,16.498,4.4
00-0036842,2025,16,RB,Kene Nwangwu,NYJ,rf,2.178,0.0,9.748,0.0
00-0036875,2025,16,RB,Rhamondre Stevenson,NE,rf,9.71,3.079,17.28,17.8
00-0036919,2025,16,RB,Kenny Gainwell,PIT,rf,10.856,4.225,18.426,23.8
00-0036924,2025,16,RB,Michael Carter,ARI,rf,9.23,2.599,16.8,6.5
00-0036973,2025,16,RB,Travis Etienne,JAX,rf,16.186,9.555,23.756,16.6
00-0036997,2025,16,RB,Javonte Williams,DAL,rf,13.429,6.798,20.999,6.3
00-0037085,2025,16,RB,Tyler Badie,DEN,rf,3.788,0.0,11.358,1.2
00-0037120,2025,16,RB,Tyler Goodson,IND,rf,1.982,0.0,9.552,0.9
00-0037197,2025,16,RB,Isiah Pacheco,KC,rf,7.205,0.574,14.775,13.5
00-0037228,2025,16,RB,Jaylen Warren,PIT,rf,12.563,5.932,20.133,29.1
00-0037248,2025,16,RB,James Cook,BUF,rf,16.375,9.745,23.946,26.4
00-0037256,2025,16,RB,Rachaad White,TB,rf,7.208,0.577,14.778,8.0
00-0037263,2025,16,RB,Tyler Allgeier,ATL,rf,5.638,0.0,13.208,8.3
00-0037525,2025,16,RB,Jordan Mason,MIN,rf,8.215,1.584,15.785,2.1
00-0037557,2025,16,RB,Ronnie Rivers,LA,rf,3.276,0.0,10.846,0.0
00-0037563,2025,16,RB,Malik Davis,DAL,rf,4.668,0.0,12.238,2.3000000000000003
00-0037594,2025,16,RB,Julius Chestnut,TEN,rf,0.735,0.0,8.305,0.1
00-0037617,2025,16,RB,Hassan Haskins,LAC,rf,2.083,0.0,9.653,1.4000000000000001
00-0037746,2025,16,RB,Brian Robinson,SF,rf,6.724,0.093,14.294,2.0
00-0037840,2025,16,RB,Kyren Williams,LA,rf,12.403,5.772,19.973,11.5
00-0038120,2025,16,RB,Breece Hall,NYJ,rf,11.787,5.156,19.357,8.3
00-0038134,2025,16,RB,Kenneth Walker III,SEA,rf,9.3,2.67,16.871,25.400000000000002
00-0038397,2025,16,RB,Evan Hull,NO,rf,3.393,0.0,10.963,0.30000000000000004
00-0038440,2025,16,RB,Zavier Scott,MIN,rf,5.127,0.0,12.697,2.2
00-0038454,2025,16,RB,Keaton Mitchell,BAL,rf,6.343,0.0,13.913,1.3
00-0038488,2025,16,RB,Brady Russell,SEA,rf,0.303,0.0,7.873,0.0
00-0038542,2025,16,RB,Bijan Robinson,ATL,rf,19.004,12.373,26.574,29.8
00-0038555,2025,16,RB,Tank Bigsby,PHI,rf,6.535,0.0,14.105,9.7
00-0038597,2025,16,RB,Chase Brown,CIN,rf,15.456,8.826,23.027,32.9
00-0038611,2025,16,RB,Chris Rodriguez Jr.,WAS,rf,8.788,2.157,16.358,13.9
00-0038685,2025,16,RB,Chris Brooks,GB,rf,4.019,0.0,11.589,0.4
00-0038705,2025,16,RB,Emari Demercado,ARI,rf,4.752,0.0,12.322,3.0
00-0038738,2025,16,RB,Hunter Luepke,DAL,rf,4.025,0.0,11.596,2.4000000000000004
00-0038794,2025,16,RB,Jaleel McLaughlin,DEN,rf,3.973,0.0,11.544,3.7
00-0038797,2025,16,RB,Emanuel Wilson,GB,rf,4.08,0.0,11.65,8.200000000000001
00-0038896,2025,16,RB,Jacob Saylors,DET,rf,0.343,0.0,7.913,0.0
00-0038951,2025,16,RB,Sean Tucker,TB,rf,4.523,0.0,12.094,6.3
00-0039032,2025,16,RB,Tyjae Spears,TEN,rf,8.32,1.69,15.891,21.5
00-0039040,2025,16,RB,De'Von Achane,MIA,rf,17.213,10.582,24.783,18.0
00-0039139,2025,16,RB,Jahmyr Gibbs,DET,rf,19.087,12.457,26.657,22.8
00-0039165,2025,16,RB,Zach Charbonnet,SEA,rf,8.707,2.076,16.277,17.4
00-0039361,2025,16,RB,Bucky Irving,TB,rf,13.617,6.986,21.187,7.1000000000000005
00-0039373,2025,16,RB,Audric Estimé,NO,rf,5.17,0.0,12.74,6.6
00-0039384,2025,16,RB,Tyrone Tracy Jr.,NYG,rf,13.015,6.385,20.586,9.8
00-0039391,2025,16,RB,Kimani Vidal,LAC,rf,11.033,4.402,18.603,1.1
00-0039405,2025,16,RB,Jawhar Jordan,HOU,rf,15.729,9.099,23.3,12.0
00-0039407,2025,16,RB,Dylan Laube,LV,rf,1.478,0.0,9.049,0.0
00-0039603,2025,16,RB,British Brooks,HOU,rf,0.792,0.0,8.362,0.0
00-0039738,2025,16,RB,Blake Corum,LA,rf,9.892,3.261,17.462,13.100000000000001
00-0039746,2025,16,RB,Will Shipley,PHI,rf,1.644,0.0,9.214,1.3
00-0039796,2025,16,RB,Rasheen Ali,BAL,rf,3.189,0.0,10.759,2.2
00-0039798,2025,16,RB,Isaiah Davis,NYJ,rf,6.49,0.0,14.06,10.0
00-0039874,2025,16,RB,Jaylen Wright,MIA,rf,4.761,0.0,12.331,12.3
00-0039875,2025,16,RB,Ray Davis,BUF,rf,2.411,0.0,9.981,5.4
00-0040078,2025,16,RB,Brashard Smith,KC,rf,4.461,0.0,12.031,1.4
00-0040122,2025,16,RB,Ashton Jeanty,LV,rf,14.166,7.535,21.736,31.8
00-0040198,2025,16,RB,Ollie Gordon II,MIA,rf,4.501,0.0,12.072,-0.1
00-0040205,2025,16,RB,Kalel Mullings,TEN,rf,1.79,0.0,9.361,0.0
00-0040208,2025,16,RB,Tahj Brooks,CIN,rf,2.05,0.0,9.62,0.7000000000000001
00-0040236,2025,16,RB,Kyle Monangai,CHI,rf,10.28,3.649,17.85,12.3
00-0040238,2025,16,RB,LeQuint Allen Jr.,JAX,rf,4.916,0.0,12.487,1.0
00-0040242,2025,16,RB,Jacory Croskey-Merritt,WAS,rf,9.454,2.823,17.024,8.5
00-0040466,2025,16,RB,Raheim Sanders,CLE,rf,3.821,0.0,11.392,5.6000000000000005
00-0040556,2025,16,RB,Corey Kiner,ARI,rf,3.067,0.0,10.637,3.2
00-0040644,2025,16,RB,Trevor Etienne,CAR,rf,1.233,0.0,8.803,0.0
00-0040666,2025,16,RB,Omarion Hampton,LAC,rf,12.772,6.141,20.342,16.5
00-0040730,2025,16,RB,RJ Harvey,DEN,rf,11.432,4.801,19.002,22.1
00-0040734,2025,16,RB,TreVeyon Henderson,NE,rf,15.428,8.797,22.998,2.2
00-0040784,2025,16,RB,Quinshon Judkins,CLE,rf,12.587,5.957,20.157,10.100000000000001
00-0032104,2025,17,RB,Ameer Abdullah,IND,rf,2.793,0.0,10.363,1.4
00-0032764,2025,17,RB,Derrick Henry,BAL,rf,13.671,7.04,21.241,45.6
00-0033280,2025,17,RB,Christian McCaffrey,SF,rf,17.701,11.07,25.271,28.1
00-0033293,2025,17,RB,Aaron Jones,MIN,rf,12.452,5.821,20.022,15.3
00-0033376,2025,17,RB,Patrick Ricard,BAL,rf,1.921,0.0,9.492,0.0
00-0033526,2025,17,RB,Samaje Perine,CIN,rf,6.82,0.189,14.39,8.3
00-0033923,2025,17,RB,Kareem Hunt,KC,rf,6.607,0.0,14.177,3.8000000000000003
00-0033955,2025,17,RB,Jeremy McNichols,WAS,rf,5.951,0.0,13.521,4.0
00-0034681,2025,17,RB,Chase Edmonds,WAS,rf,3.026,0.0,10.596,0.0
00-0034791,2025,17,RB,Nick Chubb,HOU,rf,6.633,0.002,14.203,0.1
00-0034844,2025,17,RB,Saquon Barkley,PHI,rf,13.604,6.973,21.174,6.800000000000001
00-0035250,2025,17,RB,Devin Singletary,NYG,rf,10.666,4.036,18.237,17.0
00-0035261,2025,17,RB,Tony Pollard,TEN,rf,13.716,7.086,21.287,11.5
00-0035291,2025,17,RB,Trayveon Williams,CLE,rf,4.242,0.0,11.812,1.0
00-0035537,2025,17,RB,Ty Johnson,BUF,rf,5.092,0.0,12.662,7.800000000000001
00-0035594,2025,17,RB,Travis Homer,CHI,rf,1.833,0.0,9.403,0.0
00-0035628,2025,17,RB,D'Ernest Johnson,NE,rf,4.494,0.0,12.065,0.5
00-0035685,2025,17,RB,David Montgomery,DET,rf,6.966,0.335,14.536,6.0
00-0035700,2025,17,RB,Josh Jacobs,GB,rf,12.744,6.113,20.314,1.3
00-0036139,2025,17,RB,Rico Dowdle,CAR,rf,12.972,6.341,20.542,9.3
00-0036187,2025,17,RB,Reggie Gilliam,BUF,rf,1.749,0.0,9.32,0.0
00-0036223,2025,17,RB,Jonathan Taylor,IND,rf,15.785,9.154,23.355,17.4
00-0036275,2025,17,RB,D'Andre Swift,CHI,rf,12.577,5.946,20.147,21.9
00-0036414,2025,17,RB,Cam Akers,SEA,rf,3.228,0.0,10.798,0.0
00-0036425,2025,17,RB,DeeJay Dallas,JAX,rf,3.053,0.0,10.623,2.1
00-0036555,2025,17,RB,Chuba Hubbard,CAR,rf,8.588,1.957,16.158,2.8
00-0036755,2025,17,RB,Jaret Patterson,LAC,rf,5.317,0.0,12.887,0.1
00-0036842,2025,17,RB,Kene Nwangwu,NYJ,rf,2.372,0.0,9.943,3.1
00-0036875,2025,17,RB,Rhamondre Stevenson,NE,rf,10.012,3.382,17.583,27.200000000000003
00-0036906,2025,17,RB,Khalil Herbert,NYJ,rf,3.804,0.0,11.374,0.5
00-0036919,2025,17,RB,Kenny Gainwell,PIT,rf,12.806,6.175,20.376,6.800000000000001
00-0036924,2025,17,RB,Michael Carter,ARI,rf,10.909,4.278,18.479,6.3
00-0036973,2025,17,RB,Travis Etienne,JAX,rf,15.705,9.074,23.275,11.200000000000001
00-0036997,2025,17,RB,Javonte Williams,DAL,rf,13.061,6.43,20.631,11.4
00-0037085,2025,17,RB,Tyler Badie,DEN,rf,3.941,0.0,11.511,0.0
00-0037197,2025,17,RB,Isiah Pacheco,KC,rf,9.916,3.285,17.486,3.2
00-0037228,2025,17,RB,Jaylen Warren,PIT,rf,13.999,7.369,21.57,6.4
00-0037248,2025,17,RB,James Cook,BUF,rf,16.524,9.893,24.094,8.7
00-0037256,2025,17,RB,Rachaad White,TB,rf,8.286,1.655,15.856,3.7
00-0037263,2025,17,RB,Tyler Allgeier,ATL,rf,9.393,2.762,16.963,2.3000000000000003
00-0037276,2025,17,RB,Ty Chandler,MIN,rf,1.767,0.0,9.337,2.4000000000000004
00-0037557,2025,17,RB,Ronnie Rivers,LA,rf,3.0,0.0,10.57,0.5
00-0037563,2025,17,RB,Malik Davis,DAL,rf,5.089,0.0,12.659,10.3
00-0037594,2025,17,RB,Julius Chestnut,TEN,rf,2.072,0.0,9.642,0.0
00-0037617,2025,17,RB,Hassan Haskins,LAC,rf,3.68,0.0,11.25,0.0
00-0037746,2025,17,RB,Brian Robinson,SF,rf,6.412,0.0,13.983,3.8000000000000003
00-0037840,2025,17,RB,Kyren Williams,LA,rf,13.515,6.884,21.085,16.0
00-0038040,2025,17,RB,Zamir White,LV,rf,5.275,0.0,12.845,0.2
00-0038120,2025,17,RB,Breece Hall,NYJ,rf,12.887,6.257,20.458,20.9
00-0038134,2025,17,RB,Kenneth Walker III,SEA,rf,11.529,4.899,19.1,7.7
00-0038397,2025,17,RB,Evan Hull,NO,rf,3.415,0.0,10.985,0.30000000000000004
00-0038440,2025,17,RB,Zavier Scott,MIN,rf,5.402,0.0,12.972,0.0
00-0038454,2025,17,RB,Keaton Mitchell,BAL,rf,6.926,0.295,14.496,5.800000000000001
00-0038542,2025,17,RB,Bijan Robinson,ATL,rf,17.128,10.497,24.698,39.900000000000006
00-0038555,2025,17,RB,Tank Bigsby,PHI,rf,5.783,0.0,13.354,1.9
00-0038597,2025,17,RB,Chase Brown,CIN,rf,16.925,10.294,24.495,29.1
00-0038685,2025,17,RB,Chris Brooks,GB,rf,4.727,0.0,12.298,2.1
00-0038705,2025,17,RB,Emari Demercado,ARI,rf,6.131,0.0,13.701,4.0
00-0038738,2025,17,RB,Hunter Luepke,DAL,rf,3.674,0.0,11.244,5.4
00-0038794,2025,17,RB,Jaleel McLaughlin,DEN,rf,4.081,0.0,11.651,4.0
00-0038797,2025,17,RB,Emanuel Wilson,GB,rf,7.631,1.001,15.202,3.4000000000000004
00-0038951,2025,17,RB,Sean Tucker,TB,rf,4.689,0.0,12.259,0.8
00-0039032,2025,17,RB,Tyjae Spears,TEN,rf,11.883,5.252,19.453,1.1
00-0039040,2025,17,RB,De'Von Achane,MIA,rf,16.874,10.244,24.445,14.200000000000001
00-0039139,2025,17,RB,Jahmyr Gibbs,DET,rf,19.056,12.425,26.626,6.4
00-0039165,2025,17,RB,Zach Charbonnet,SEA,rf,9.357,2.726,16.927,26.200000000000003
00-0039361,2025,17,RB,Bucky Irving,TB,rf,15.588,8.957,23.158,8.3
00-0039364,2025,17,RB,Sione Vaki,DET,rf,1.502,0.0,9.072,0.0
00-0039373,2025,17,RB,Audric Estimé,NO,rf,5.104,0.0,12.674,16.8
00-0039384,2025,17,RB,Tyrone Tracy Jr.,NYG,rf,11.36,4.729,18.93,6.7
00-0039405,2025,17,RB,Jawhar Jordan,HOU,rf,14.318,7.687,21.888,3.6
00-0039407,2025,17,RB,Dylan Laube,LV,rf,1.263,0.0,8.833,0.0
00-0039738,2025,17,RB,Blake Corum,LA,rf,11.785,5.155,19.356,1.8
00-0039746,2025,17,RB,Will Shipley,PHI,rf,1.839,0.0,9.409,0.2
00-0039796,2025,17,RB,Rasheen Ali,BAL,rf,2.546,0.0,10.116,2.8
00-0039798,2025,17,RB,Isaiah Davis,NYJ,rf,6.058,0.0,13.629,3.0
00-0039874,2025,17,RB,Jaylen Wright,MIA,rf,6.792,0.161,14.362,5.6000000000000005
00-0039875,2025,17,RB,Ray Davis,BUF,rf,5.366,0.0,12.936,2.6
00-0040078,2025,17,RB,Brashard Smith,KC,rf,3.222,0.0,10.792,9.5
00-0040122,2025,17,RB,Ashton Jeanty,LV,rf,16.444,9.813,24.014,9.3
00-0040162,2025,17,RB,Dylan Sampson,CLE,rf,6.75,0.12,14.321,5.7
00-0040198,2025,17,RB,Ollie Gordon II,MIA,rf,5.047,0.0,12.617,0.0
00-0040205,2025,17,RB,Kalel Mullings,TEN,rf,2.262,0.0,9.832,0.4
00-0040208,2025,17,RB,Tahj Brooks,CIN,rf,4.403,0.0,11.973,2.9000000000000004
00-0040236,2025,17,RB,Kyle Monangai,CHI,rf,13.205,6.575,20.776,7.7
00-0040238,2025,17,RB,LeQuint Allen Jr.,JAX,rf,4.039,0.0,11.609,0.30000000000000004
00-0040242,2025,17,RB,Jacory Croskey-Merritt,WAS,rf,8.387,1.756,15.957,22.5
00-0040466,2025,17,RB,Raheim Sanders,CLE,rf,6.243,0.0,13.813,4.1
00-0040556,2025,17,RB,Corey Kiner,ARI,rf,4.368,0.0,11.938,0.2
00-0040583,2025,17,RB,Woody Marks,HOU,rf,9.968,3.337,17.538,8.5
00-0040644,2025,17,RB,Trevor Etienne,CAR,rf,1.404,0.0,8.975,0.0
00-0040666,2025,17,RB,Omarion Hampton,LAC,rf,12.888,6.257,20.458,20.0
00-0040730,2025,17,RB,RJ Harvey,DEN,rf,12.057,5.426,19.627,18.6
00-0040734,2025,17,RB,TreVeyon Henderson,NE,rf,9.861,3.23,17.431,8.200000000000001
00-0032104,2025,18,RB,Ameer Abdullah,IND,rf,2.617,0.0,10.187,4.5
00-0032764,2025,18,RB,Derrick Henry,BAL,rf,16.697,10.066,24.267,12.600000000000001
00-0033280,2025,18,RB,Christian McCaffrey,SF,rf,20.516,13.885,28.086,11.7
00-0033376,2025,18,RB,Patrick Ricard,BAL,rf,2.408,0.0,9.978,1.8
00-0033526,2025,18,RB,Samaje Perine,CIN,rf,4.87,0.0,12.44,8.2
00-0033854,2025,18,RB,Dare Ogunbowale,HOU,rf,2.932,0.0,10.502,1.9
00-0033923,2025,18,RB,Kareem Hunt,KC,rf,7.153,0.522,14.723,6.5
00-0033955,2025,18,RB,Jeremy McNichols,WAS,rf,4.886,0.0,12.457,2.1
00-0034367,2025,18,RB,Nyheim Hines,NO,rf,3.003,0.0,10.573,0.0
00-0035250,2025,18,RB,Devin Singletary,NYG,rf,10.618,3.987,18.188,10.6
00-0035261,2025,18,RB,Tony Pollard,TEN,rf,13.201,6.571,20.772,9.5
00-0035291,2025,18,RB,Trayveon Williams,CLE,rf,4.224,0.0,11.794,3.0
00-0035537,2025,18,RB,Ty Johnson,BUF,rf,6.047,0.0,13.618,19.6
00-0035594,2025,18,RB,Travis Homer,CHI,rf,1.63,0.0,9.2,0.0
00-0035628,2025,18,RB,D'Ernest Johnson,NE,rf,5.211,0.0,12.781,1.3
00-0035685,2025,18,RB,David Montgomery,DET,rf,7.089,0.459,14.659,6.5
00-0036139,2025,18,RB,Rico Dowdle,CAR,rf,12.251,5.62,19.821,3.0
00-0036187,2025,18,RB,Reggie Gilliam,BUF,rf,1.718,0.0,9.289,3.6
00-0036223,2025,18,RB,Jonathan Taylor,IND,rf,16.348,9.717,23.918,5.9
00-0036265,2025,18,RB,AJ Dillon,PHI,rf,4.6,0.0,12.17,1.3
00-0036275,2025,18,RB,D'Andre Swift,CHI,rf,14.402,7.771,21.972,5.800000000000001
00-0036414,2025,18,RB,Cam Akers,SEA,rf,3.123,0.0,10.693,0.0
00-0036425,2025,18,RB,DeeJay Dallas,JAX,rf,2.888,0.0,10.458,0.0
00-0036555,2025,18,RB,Chuba Hubbard,CAR,rf,7.948,1.317,15.518,3.7
00-0036755,2025,18,RB,Jaret Patterson,LAC,rf,4.699,0.0,12.269,6.7
00-0036842,2025,18,RB,Kene Nwangwu,NYJ,rf,3.068,0.0,10.638,1.8
00-0036875,2025,18,RB,Rhamondre Stevenson,NE,rf,11.903,5.273,19.474,35.3
00-0036906,2025,18,RB,Khalil Herbert,NYJ,rf,4.865,0.0,12.435,5.6000000000000005
00-0036919,2025,18,RB,Kenny Gainwell,PIT,rf,11.355,4.724,18.925,21.4
00-0036924,2025,18,RB,Michael Carter,ARI,rf,11.231,4.601,18.801,6.9
00-0036973,2025,18,RB,Travis Etienne,JAX,rf,13.83,7.199,21.4,4.800000000000001
00-0037085,2025,18,RB,Tyler Badie,DEN,rf,2.972,0.0,10.542,4.6
00-0037120,2025,18,RB,Tyler Goodson,IND,rf,4.406,0.0,11.976,0.30000000000000004
00-0037228,2025,18,RB,Jaylen Warren,PIT,rf,10.917,4.286,18.487,14.9
00-0037248,2025,18,RB,James Cook,BUF,rf,16.874,10.244,24.444,1.5
00-0037256,2025,18,RB,Rachaad White,TB,rf,6.892,0.261,14.462,6.1000000000000005
00-0037258,2025,18,RB,Dameon Pierce,KC,rf,3.516,0.0,11.086,1.0
00-0037263,2025,18,RB,Tyler Allgeier,ATL,rf,8.761,2.13,16.331,2.9000000000000004
00-0037276,2025,18,RB,Ty Chandler,MIN,rf,3.981,0.0,11.551,6.4
00-0037525,2025,18,RB,Jordan Mason,MIN,rf,5.742,0.0,13.312,9.4
00-0037557,2025,18,RB,Ronnie Rivers,LA,rf,3.349,0.0,10.919,0.0
00-0037594,2025,18,RB,Julius Chestnut,TEN,rf,1.375,0.0,8.945,0.0
00-0037617,2025,18,RB,Hassan Haskins,LAC,rf,2.305,0.0,9.875,0.30000000000000004
00-0037746,2025,18,RB,Brian Robinson,SF,rf,6.268,0.0,13.838,0.9
00-0037840,2025,18,RB,Kyren Williams,LA,rf,15.247,8.616,22.817,11.1
00-0038040,2025,18,RB,Zamir White,LV,rf,4.744,0.0,12.314,2.0
00-0038134,2025,18,RB,Kenneth Walker III,SEA,rf,11.131,4.5,18.701,17.3
00-0038397,2025,18,RB,Evan Hull,NO,rf,4.611,0.0,12.181,1.1
00-0038440,2025,18,RB,Zavier Scott,MIN,rf,3.586,0.0,11.156,2.7
00-0038454,2025,18,RB,Keaton Mitchell,BAL,rf,7.104,0.474,14.675,0.2
00-0038542,2025,18,RB,Bijan Robinson,ATL,rf,21.312,14.681,28.882,7.3
00-0038555,2025,18,RB,Tank Bigsby,PHI,rf,4.679,0.0,12.249,17.6
00-0038597,2025,18,RB,Chase Brown,CIN,rf,18.859,12.228,26.429,19.0
00-0038611,2025,18,RB,Chris Rodriguez Jr.,WAS,rf,8.616,1.985,16.186,15.3
00-0038685,2025,18,RB,Chris Brooks,GB,rf,2.962,0.0,10.532,6.1000000000000005
00-0038705,2025,18,RB,Emari Demercado,ARI,rf,6.571,0.0,14.141,6.7
00-0038738,2025,18,RB,Hunter Luepke,DAL,rf,5.053,0.0,12.623,2.6
00-0038794,2025,18,RB,Jaleel McLaughlin,DEN,rf,4.512,0.0,12.082,6.800000000000001
00-0038797,2025,18,RB,Emanuel Wilson,GB,rf,6.941,0.311,14.512,5.800000000000001
00-0038951,2025,18,RB,Sean Tucker,TB,rf,5.122,0.0,12.692,-0.4
00-0039032,2025,18,RB,Tyjae Spears,TEN,rf,9.272,2.641,16.842,9.7
00-0039139,2025,18,RB,Jahmyr Gibbs,DET,rf,17.778,11.147,25.348,20.3
00-0039165,2025,18,RB,Zach Charbonnet,SEA,rf,11.208,4.578,18.778,18.700000000000003
00-0039361,2025,18,RB,Bucky Irving,TB,rf,14.838,8.207,22.408,10.8
00-0039364,2025,18,RB,Sione Vaki,DET,rf,1.463,0.0,9.033,0.0
00-0039373,2025,18,RB,Audric Estimé,NO,rf,8.926,2.295,16.496,15.600000000000001
00-0039384,2025,18,RB,Tyrone Tracy Jr.,NYG,rf,11.044,4.413,18.614,27.9
00-0039391,2025,18,RB,Kimani Vidal,LAC,rf,9.131,2.501,16.702,2.0
00-0039405,2025,18,RB,Jawhar Jordan,HOU,rf,10.225,3.594,17.795,0.30000000000000004
00-0039407,2025,18,RB,Dylan Laube,LV,rf,1.247,0.0,8.817,0.0
00-0039603,2025,18,RB,British Brooks,HOU,rf,1.359,0.0,8.929,6.300000000000001
00-0039738,2025,18,RB,Blake Corum,LA,rf,8.549,1.918,16.119,7.9
00-0039746,2025,18,RB,Will Shipley,PHI,rf,2.325,0.0,9.895,3.3
00-0039796,2025,18,RB,Rasheen Ali,BAL,rf,3.195,0.0,10.766,0.0
00-0039874,2025,18,RB,Jaylen Wright,MIA,rf,6.984,0.354,14.555,4.0
00-0039875,2025,18,RB,Ray Davis,BUF,rf,4.633,0.0,12.203,25.400000000000002
00-0040078,2025,18,RB,Brashard Smith,KC,rf,3.243,0.0,10.813,7.800000000000001
00-0040122,2025,18,RB,Ashton Jeanty,LV,rf,13.828,7.197,21.398,12.4
00-0040162,2025,18,RB,Dylan Sampson,CLE,rf,7.709,1.079,15.28,6.4
00-0040179,2025,18,RB,DJ Giddens,IND,rf,4.557,0.0,12.127,3.0
00-0040198,2025,18,RB,Ollie Gordon II,MIA,rf,3.848,0.0,11.418,2.1
00-0040236,2025,18,RB,Kyle Monangai,CHI,rf,10.425,3.794,17.995,5.9
00-0040242,2025,18,RB,Jacory Croskey-Merritt,WAS,rf,9.707,3.077,17.278,2.9000000000000004
00-0040466,2025,18,RB,Raheim Sanders,CLE,rf,5.769,0.0,13.339,4.300000000000001
00-0040556,2025,18,RB,Corey Kiner,ARI,rf,3.345,0.0,10.916,4.800000000000001
00-0040583,2025,18,RB,Woody Marks,HOU,rf,10.68,4.049,18.25,6.800000000000001
00-0040586,2025,18,RB,Jaydon Blue,DAL,rf,4.879,0.0,12.45,12.4
00-0040644,2025,18,RB,Trevor Etienne,CAR,rf,1.707,0.0,9.277,0.0
00-0040719,2025,18,RB,Bhayshul Tuten,JAX,rf,5.962,0.0,13.532,8.3
00-0040730,2025,18,RB,RJ Harvey,DEN,rf,13.212,6.581,20.782,4.300000000000001
00-0040734,2025,18,RB,TreVeyon Henderson,NE,rf,11.563,4.932,19.133,17.3
00-0030061,2025,1,TE,Zach Ertz,WAS,rf,7.391,2.458,13.78,11.6
00-0030506,2025,1,TE,Travis Kelce,KC,rf,10.228,5.295,16.617,12.7
00-0032392,2025,1,TE,Austin Hooper,NE,rf,5.726,0.793,12.115,2.0
00-0033090,2025,1,TE,Hunter Henry,NE,rf,7.388,2.454,13.776,10.600000000000001
00-0033110,2025,1,TE,Tyler Higbee,LA,rf,5.755,0.822,12.143,0.0
00-0033217,2025,1,TE,Mo Alie-Cox,IND,rf,5.046,0.113,11.434,3.0
00-0033246,2025,1,TE,Johnny Mundt,JAX,rf,1.779,0.0,8.167,0.0
00-0033288,2025,1,TE,George Kittle,SF,rf,13.334,8.401,19.723,12.5
00-0033576,2025,1,TE,Eric Saubert,SEA,rf,3.3,0.0,9.688,0.0
00-0033858,2025,1,TE,Jonnu Smith,PIT,rf,8.838,3.905,15.227,12.5
00-0033881,2025,1,TE,Evan Engram,DEN,rf,7.732,2.798,14.12,5.1
00-0033885,2025,1,TE,David Njoku,CLE,rf,10.584,5.65,16.972,6.7
00-0034159,2025,1,TE,Will Dissly,LAC,rf,5.287,0.354,11.676,2.8
00-0034270,2025,1,TE,Tyler Conklin,LAC,rf,5.905,0.971,12.293,7.2
00-0034351,2025,1,TE,Dallas Goedert,PHI,rf,5.402,0.468,11.79,11.4
00-0034383,2025,1,TE,Dalton Schultz,HOU,rf,5.897,0.964,12.286,5.800000000000001
00-0034753,2025,1,TE,Mark Andrews,BAL,rf,8.668,3.735,15.057,1.5
00-0034829,2025,1,TE,Mike Gesicki,CIN,rf,7.484,2.55,13.872,2.4000000000000004
00-0035229,2025,1,TE,T.J. Hockenson,MIN,rf,7.494,2.56,13.882,4.5
00-0035249,2025,1,TE,Josh Oliver,MIN,rf,3.86,0.0,10.249,1.5
00-0035631,2025,1,TE,Drew Sample,CIN,rf,3.492,0.0,9.88,0.0
00-0035644,2025,1,TE,Noah Fant,CIN,rf,6.067,1.133,12.455,12.6
00-0035689,2025,1,TE,Dawson Knox,BUF,rf,3.986,0.0,10.374,4.0
00-0036040,2025,1,TE,Juwan Johnson,NO,rf,7.554,2.621,13.942,15.600000000000001
00-0036244,2025,1,TE,Colby Parkinson,LA,rf,3.711,0.0,10.099,-0.6000000000000001
00-0036290,2025,1,TE,Cole Kmet,CHI,rf,2.026,0.0,8.414,4.1
00-0036422,2025,1,TE,Adam Trautman,DEN,rf,4.425,0.0,10.814,1.5
00-0036637,2025,1,TE,Noah Gray,KC,rf,3.783,0.0,10.172,1.3
00-0036741,2025,1,TE,Jack Stoll,NO,rf,0.756,0.0,7.145,0.0
00-0036825,2025,1,TE,Feleipe Franks,ATL,rf,2.23,0.0,8.618,0.0
00-0036876,2025,1,TE,Kylen Granson,PHI,rf,5.921,0.988,12.31,1.1
00-0036887,2025,1,TE,Luke Farrell,SF,rf,3.824,0.0,10.213,1.4
00-0036894,2025,1,TE,Pat Freiermuth,PIT,rf,8.859,3.926,15.247,5.800000000000001
00-0036970,2025,1,TE,Kyle Pitts,ATL,rf,4.461,0.0,10.849,12.9
00-0037004,2025,1,TE,Hunter Long,JAX,rf,2.159,0.0,8.548,7.6
00-0037005,2025,1,TE,Tommy Tremble,CAR,rf,4.142,0.0,10.53,1.2
00-0037112,2025,1,TE,Jake Tonges,SF,rf,1.146,0.0,7.534,10.5
00-0037292,2025,1,TE,Andrew Ogletree,IND,rf,2.682,0.0,9.07,0.0
00-0037306,2025,1,TE,John FitzPatrick,GB,rf,1.907,0.0,8.295,1.2
00-0037311,2025,1,TE,Ko Kieft,TB,rf,1.236,0.0,7.624,0.0
00-0037348,2025,1,TE,Tanner Conner,MIA,rf,2.038,0.0,8.426,4.0
00-0037539,2025,1,TE,Lucas Krull,DEN,rf,3.804,0.0,10.192,1.6
00-0037744,2025,1,TE,Trey McBride,ARI,rf,14.43,9.496,20.818,12.100000000000001
00-0037805,2025,1,TE,Jeremy Ruckert,NYJ,rf,3.099,0.0,9.487,3.6
00-0037809,2025,1,TE,Chig Okonkwo,TEN,rf,9.816,4.882,16.204,4.9
00-0038041,2025,1,TE,Jake Ferguson,DAL,rf,5.192,0.259,11.581,7.300000000000001
00-0038115,2025,1,TE,Daniel Bellinger,NYG,rf,3.968,0.0,10.357,2.4000000000000004
00-0038129,2025,1,TE,Cade Otton,TB,rf,6.113,1.18,12.501,0.0
00-0038547,2025,1,TE,Luke Schoonmaker,DAL,rf,3.554,0.0,9.943,0.0
00-0038590,2025,1,TE,Justin Shorter,LV,rf,1.276,0.0,7.665,0.0
00-0038720,2025,1,TE,Julian Hill,MIA,rf,0.584,0.0,6.973,2.0
00-0038933,2025,1,TE,Dalton Kincaid,BUF,rf,6.905,1.972,13.294,14.8
00-0038935,2025,1,TE,Brenton Strange,JAX,rf,5.411,0.477,11.799,9.9
00-0038996,2025,1,TE,Tucker Kraft,GB,rf,6.11,1.177,12.499,9.9
00-0039041,2025,1,TE,Elijah Higgins,ARI,rf,3.324,0.0,9.713,1.3
00-0039050,2025,1,TE,Payne Durham,TB,rf,4.477,0.0,10.866,0.0
00-0039065,2025,1,TE,Sam LaPorta,DET,rf,10.82,5.887,17.209,13.9
00-0039066,2025,1,TE,Michael Mayer,LV,rf,4.915,0.0,11.304,7.800000000000001
00-0039074,2025,1,TE,Davis Allen,LA,rf,4.461,0.0,10.85,8.3
00-0039144,2025,1,TE,Luke Musgrave,GB,rf,2.993,0.0,9.381,1.4
00-0039338,2025,1,TE,Brock Bowers,LV,rf,13.871,8.937,20.259,15.3
00-0039356,2025,1,TE,Ja'Tavion Sanders,CAR,rf,4.351,0.0,10.74,4.7
00-0039359,2025,1,TE,Cade Stover,HOU,rf,4.134,0.0,10.523,6.2
00-0039530,2025,1,TE,Brevyn Spann-Ford,DAL,rf,0.869,0.0,7.258,0.0
00-0039648,2025,1,TE,David Martin-Robinson,TEN,rf,1.296,0.0,7.684,0.0
00-0039686,2025,1,TE,Colson Yankoff,WAS,rf,1.276,0.0,7.665,0.0
00-0039737,2025,1,TE,Tip Reiman,ARI,rf,2.314,0.0,8.703,2.0
00-0039793,2025,1,TE,AJ Barner,SEA,rf,4.901,0.0,11.29,1.2
00-0039847,2025,1,TE,Theo Johnson,NYG,rf,6.301,1.367,12.689,1.5
00-0030061,2025,2,TE,Zach Ertz,WAS,rf,8.509,3.576,14.897,18.4
00-0030506,2025,2,TE,Travis Kelce,KC,rf,9.933,4.999,16.321,10.100000000000001
00-0032392,2025,2,TE,Austin Hooper,NE,rf,4.759,0.0,11.147,6.800000000000001
00-0033090,2025,2,TE,Hunter Henry,NE,rf,11.48,6.547,17.868,1.9
00-0033110,2025,2,TE,Tyler Higbee,LA,rf,6.075,1.142,12.463,7.7
00-0033217,2025,2,TE,Mo Alie-Cox,IND,rf,3.645,0.0,10.034,1.8
00-0033576,2025,2,TE,Eric Saubert,SEA,rf,2.596,0.0,8.985,0.0
00-0033858,2025,2,TE,Jonnu Smith,PIT,rf,8.376,3.442,14.764,6.7
00-0033881,2025,2,TE,Evan Engram,DEN,rf,8.712,3.779,15.101,2.2
00-0033885,2025,2,TE,David Njoku,CLE,rf,11.522,6.589,17.911,8.0
00-0034159,2025,2,TE,Will Dissly,LAC,rf,4.193,0.0,10.581,1.7000000000000002
00-0034365,2025,2,TE,Ian Thomas,LV,rf,3.755,0.0,10.143,0.0
00-0034383,2025,2,TE,Dalton Schultz,HOU,rf,7.384,2.451,13.773,5.9
00-0034753,2025,2,TE,Mark Andrews,BAL,rf,7.615,2.682,14.004,1.4
00-0034829,2025,2,TE,Mike Gesicki,CIN,rf,7.326,2.393,13.714,4.8
00-0035229,2025,2,TE,T.J. Hockenson,MIN,rf,9.168,4.234,15.556,2.2
00-0035631,2025,2,TE,Drew Sample,CIN,rf,3.073,0.0,9.461,1.7000000000000002
00-0035644,2025,2,TE,Noah Fant,CIN,rf,7.711,2.778,14.1,5.800000000000001
00-0035689,2025,2,TE,Dawson Knox,BUF,rf,4.523,0.0,10.912,3.9000000000000004
00-0036040,2025,2,TE,Juwan Johnson,NO,rf,12.121,7.187,18.509,15.9
00-0036232,2025,2,TE,Harrison Bryant,HOU,rf,3.465,0.0,9.854,0.0
00-0036290,2025,2,TE,Cole Kmet,CHI,rf,6.2,1.267,12.588,4.9
00-0036332,2025,2,TE,Josiah Deguara,ARI,rf,1.303,0.0,7.691,0.0
00-0036422,2025,2,TE,Adam Trautman,DEN,rf,3.178,0.0,9.566,10.0
00-0036590,2025,2,TE,Quintin Morris,JAX,rf,2.336,0.0,8.725,0.0
00-0036637,2025,2,TE,Noah Gray,KC,rf,3.328,0.0,9.716,1.1
00-0036754,2025,2,TE,Brock Wright,DET,rf,1.885,0.0,8.273,11.8
00-0036876,2025,2,TE,Kylen Granson,PHI,rf,4.805,0.0,11.193,1.5
00-0036887,2025,2,TE,Luke Farrell,SF,rf,3.775,0.0,10.163,9.5
00-0036894,2025,2,TE,Pat Freiermuth,PIT,rf,8.228,3.295,14.617,6.1
00-0036970,2025,2,TE,Kyle Pitts,ATL,rf,10.455,5.522,16.844,7.7
00-0037005,2025,2,TE,Tommy Tremble,CAR,rf,4.14,0.0,10.528,5.0
00-0037086,2025,2,TE,Grant Calcaterra,PHI,rf,4.323,0.0,10.712,1.6
00-0037112,2025,2,TE,Jake Tonges,SF,rf,4.17,0.0,10.558,7.1
00-0037292,2025,2,TE,Andrew Ogletree,IND,rf,1.951,0.0,8.339,0.0
00-0037306,2025,2,TE,John FitzPatrick,GB,rf,1.909,0.0,8.298,0.0
00-0037744,2025,2,TE,Trey McBride,ARI,rf,15.68,10.747,22.069,13.8
00-0037805,2025,2,TE,Jeremy Ruckert,NYJ,rf,3.988,0.0,10.377,7.5
00-0037809,2025,2,TE,Chig Okonkwo,TEN,rf,9.364,4.431,15.752,7.5
00-0038041,2025,2,TE,Jake Ferguson,DAL,rf,7.791,2.858,14.179,16.8
00-0038115,2025,2,TE,Daniel Bellinger,NYG,rf,3.998,0.0,10.386,0.0
00-0038129,2025,2,TE,Cade Otton,TB,rf,5.156,0.222,11.544,5.5
00-0038547,2025,2,TE,Luke Schoonmaker,DAL,rf,2.907,0.0,9.295,0.0
00-0038558,2025,2,TE,Darnell Washington,PIT,rf,3.009,0.0,9.397,2.0
00-0038643,2025,2,TE,Brayden Willis,SF,rf,1.517,0.0,7.905,0.0
00-0038933,2025,2,TE,Dalton Kincaid,BUF,rf,10.351,5.418,16.739,7.7
00-0038935,2025,2,TE,Brenton Strange,JAX,rf,9.928,4.995,16.317,4.7
00-0038996,2025,2,TE,Tucker Kraft,GB,rf,9.291,4.357,15.679,24.4
00-0039041,2025,2,TE,Elijah Higgins,ARI,rf,3.699,0.0,10.088,6.5
00-0039050,2025,2,TE,Payne Durham,TB,rf,4.275,0.0,10.664,0.0
00-0039065,2025,2,TE,Sam LaPorta,DET,rf,15.546,10.613,21.935,5.6
00-0039066,2025,2,TE,Michael Mayer,LV,rf,5.673,0.739,12.061,2.9
00-0039074,2025,2,TE,Davis Allen,LA,rf,4.153,0.0,10.541,7.8
00-0039144,2025,2,TE,Luke Musgrave,GB,rf,2.934,0.0,9.322,5.2
00-0039338,2025,2,TE,Brock Bowers,LV,rf,13.319,8.386,19.708,8.8
00-0039356,2025,2,TE,Ja'Tavion Sanders,CAR,rf,4.843,0.0,11.231,12.4
00-0039530,2025,2,TE,Brevyn Spann-Ford,DAL,rf,2.179,0.0,8.568,1.3
00-0039793,2025,2,TE,AJ Barner,SEA,rf,4.105,0.0,10.493,10.8
00-0039847,2025,2,TE,Theo Johnson,NYG,rf,6.682,1.749,13.07,7.4
00-0039912,2025,2,TE,Ben Sinnott,WAS,rf,1.869,0.0,8.258,1.7000000000000002
00-0040126,2025,2,TE,Colston Loveland,CHI,rf,6.29,1.357,12.678,0.0
00-0040128,2025,2,TE,Tyler Warren,IND,rf,14.468,9.534,20.856,11.9
00-0040194,2025,2,TE,Jackson Hawes,BUF,rf,3.046,0.0,9.434,1.5
00-0040584,2025,2,TE,Gunnar Helm,TEN,rf,6.003,1.07,12.391,2.9
00-0040663,2025,2,TE,Harold Fannin Jr.,CLE,rf,13.213,8.279,19.601,9.8
00-0040736,2025,2,TE,Mason Taylor,NYJ,rf,3.107,0.0,9.495,1.5
00-0040739,2025,2,TE,Elijah Arroyo,SEA,rf,2.58,0.0,8.969,5.1
00-0030061,2025,3,TE,Zach Ertz,WAS,rf,8.729,3.796,15.118,6.800000000000001
00-0030506,2025,3,TE,Travis Kelce,KC,rf,9.689,4.755,16.077,6.6
00-0031484,2025,3,TE,Chris Manhertz,NYG,rf,1.906,0.0,8.295,1.7000000000000002
00-0032392,2025,3,TE,Austin Hooper,NE,rf,4.484,0.0,10.873,4.800000000000001
00-0033090,2025,3,TE,Hunter Henry,NE,rf,7.775,2.842,14.164,29.0
00-0033110,2025,3,TE,Tyler Higbee,LA,rf,5.523,0.589,11.911,0.0
00-0033246,2025,3,TE,Johnny Mundt,JAX,rf,2.552,0.0,8.94,1.7000000000000002
00-0033576,2025,3,TE,Eric Saubert,SEA,rf,2.58,0.0,8.968,2.2
00-0033858,2025,3,TE,Jonnu Smith,PIT,rf,8.946,4.013,15.334,5.300000000000001
00-0033885,2025,3,TE,David Njoku,CLE,rf,13.364,8.43,19.752,9.0
00-0034270,2025,3,TE,Tyler Conklin,LAC,rf,6.581,1.647,12.969,0.0
00-0034351,2025,3,TE,Dallas Goedert,PHI,rf,9.338,4.405,15.726,10.3
00-0034383,2025,3,TE,Dalton Schultz,HOU,rf,7.519,2.585,13.907,8.9
00-0034753,2025,3,TE,Mark Andrews,BAL,rf,6.728,1.795,13.116,27.1
00-0034829,2025,3,TE,Mike Gesicki,CIN,rf,7.6,2.666,13.988,1.6
00-0035229,2025,3,TE,T.J. Hockenson,MIN,rf,6.871,1.937,13.259,15.9
00-0035249,2025,3,TE,Josh Oliver,MIN,rf,3.059,0.0,9.447,8.2
00-0035631,2025,3,TE,Drew Sample,CIN,rf,3.414,0.0,9.803,10.0
00-0035644,2025,3,TE,Noah Fant,CIN,rf,8.168,3.235,14.557,5.6
00-0036040,2025,3,TE,Juwan Johnson,NO,rf,12.139,7.206,18.528,11.100000000000001
00-0036290,2025,3,TE,Cole Kmet,CHI,rf,4.109,0.0,10.497,8.0
00-0036422,2025,3,TE,Adam Trautman,DEN,rf,4.302,0.0,10.691,0.0
00-0036429,2025,3,TE,Charlie Woerner,ATL,rf,1.988,0.0,8.376,0.5
00-0036637,2025,3,TE,Noah Gray,KC,rf,5.207,0.274,11.596,4.7
00-0036741,2025,3,TE,Jack Stoll,NO,rf,0.884,0.0,7.273,10.1
00-0036876,2025,3,TE,Kylen Granson,PHI,rf,4.741,0.0,11.129,0.0
00-0036894,2025,3,TE,Pat Freiermuth,PIT,rf,7.413,2.48,13.801,1.6
00-0036970,2025,3,TE,Kyle Pitts,ATL,rf,9.585,4.652,15.974,7.9
00-0037004,2025,3,TE,Hunter Long,JAX,rf,3.369,0.0,9.757,3.2
00-0037005,2025,3,TE,Tommy Tremble,CAR,rf,4.822,0.0,11.211,3.6
00-0037086,2025,3,TE,Grant Calcaterra,PHI,rf,4.097,0.0,10.485,0.0
00-0037112,2025,3,TE,Jake Tonges,SF,rf,6.031,1.098,12.42,4.1
00-0037306,2025,3,TE,John FitzPatrick,GB,rf,1.633,0.0,8.021,9.2
00-0037311,2025,3,TE,Ko Kieft,TB,rf,1.5,0.0,7.889,0.0
00-0037348,2025,3,TE,Tanner Conner,MIA,rf,5.207,0.274,11.596,2.3
00-0037539,2025,3,TE,Lucas Krull,DEN,rf,3.811,0.0,10.2,1.9
00-0037654,2025,3,TE,Tucker Fisk,LAC,rf,2.05,0.0,8.438,0.0
00-0037744,2025,3,TE,Trey McBride,ARI,rf,14.428,9.494,20.816,15.3
00-0037809,2025,3,TE,Chig Okonkwo,TEN,rf,10.773,5.84,17.162,11.600000000000001
00-0038041,2025,3,TE,Jake Ferguson,DAL,rf,11.115,6.182,17.503,21.200000000000003
00-0038046,2025,3,TE,Charlie Kolar,BAL,rf,1.821,0.0,8.209,4.2
00-0038115,2025,3,TE,Daniel Bellinger,NYG,rf,2.586,0.0,8.974,1.6
00-0038547,2025,3,TE,Luke Schoonmaker,DAL,rf,3.222,0.0,9.61,1.5
00-0038643,2025,3,TE,Brayden Willis,SF,rf,1.633,0.0,8.022,0.0
00-0038710,2025,3,TE,Blake Whiteheart,CLE,rf,1.65,0.0,8.039,0.0
00-0038720,2025,3,TE,Julian Hill,MIA,rf,2.16,0.0,8.548,1.4
00-0038933,2025,3,TE,Dalton Kincaid,BUF,rf,9.599,4.666,15.988,17.6
00-0038935,2025,3,TE,Brenton Strange,JAX,rf,8.042,3.109,14.431,12.100000000000001
00-0038996,2025,3,TE,Tucker Kraft,GB,rf,10.867,5.933,17.255,5.9
00-0039041,2025,3,TE,Elijah Higgins,ARI,rf,3.939,0.0,10.327,1.7000000000000002
00-0039065,2025,3,TE,Sam LaPorta,DET,rf,10.494,5.561,16.883,7.300000000000001
00-0039066,2025,3,TE,Michael Mayer,LV,rf,4.912,0.0,11.3,0.0
00-0039074,2025,3,TE,Davis Allen,LA,rf,3.478,0.0,9.866,1.3
00-0039338,2025,3,TE,Brock Bowers,LV,rf,14.596,9.663,20.985,9.8
00-0039356,2025,3,TE,Ja'Tavion Sanders,CAR,rf,8.069,3.136,14.458,3.1
00-0039530,2025,3,TE,Brevyn Spann-Ford,DAL,rf,2.697,0.0,9.086,0.0
00-0039631,2025,3,TE,Cam Grandy,CIN,rf,2.267,0.0,8.655,1.6
00-0039686,2025,3,TE,Colson Yankoff,WAS,rf,1.5,0.0,7.889,0.0
00-0039737,2025,3,TE,Tip Reiman,ARI,rf,2.503,0.0,8.891,2.8
00-0039793,2025,3,TE,AJ Barner,SEA,rf,5.066,0.133,11.455,3.3000000000000003
00-0039847,2025,3,TE,Theo Johnson,NYG,rf,8.13,3.197,14.519,2.0
00-0040126,2025,3,TE,Colston Loveland,CHI,rf,3.412,0.0,9.8,4.1
00-0040128,2025,3,TE,Tyler Warren,IND,rf,14.822,9.889,21.211,6.800000000000001
00-0040187,2025,3,TE,Mitchell Evans,CAR,rf,2.2,0.0,8.588,1.9
00-0040194,2025,3,TE,Jackson Hawes,BUF,rf,3.195,0.0,9.584,7.5
00-0040509,2025,3,TE,Ben Yurosek,MIN,rf,1.5,0.0,7.889,0.0
00-0040584,2025,3,TE,Gunnar Helm,TEN,rf,4.612,0.0,11.001,5.7
00-0040663,2025,3,TE,Harold Fannin Jr.,CLE,rf,13.296,8.363,19.684,5.5
00-0040736,2025,3,TE,Mason Taylor,NYJ,rf,3.713,0.0,10.101,5.8
00-0040739,2025,3,TE,Elijah Arroyo,SEA,rf,3.582,0.0,9.97,0.0
00-0030061,2025,4,TE,Zach Ertz,WAS,rf,8.324,3.391,14.713,6.1
00-0030506,2025,4,TE,Travis Kelce,KC,rf,10.307,5.373,16.695,9.8
00-0031484,2025,4,TE,Chris Manhertz,NYG,rf,2.468,0.0,8.857,0.0
00-0031610,2025,4,TE,Darren Waller,MIA,rf,5.507,0.574,11.895,17.7
00-0032392,2025,4,TE,Austin Hooper,NE,rf,4.497,0.0,10.885,3.4000000000000004
00-0033090,2025,4,TE,Hunter Henry,NE,rf,9.55,4.617,15.939,11.9
00-0033110,2025,4,TE,Tyler Higbee,LA,rf,5.361,0.428,11.749,4.5
00-0033246,2025,4,TE,Johnny Mundt,JAX,rf,2.276,0.0,8.664,0.0
00-0033576,2025,4,TE,Eric Saubert,SEA,rf,2.09,0.0,8.478,0.0
00-0033757,2025,4,TE,Robert Tonyan,KC,rf,4.08,0.0,10.468,0.0
00-0033858,2025,4,TE,Jonnu Smith,PIT,rf,9.225,4.292,15.614,2.6
00-0033881,2025,4,TE,Evan Engram,DEN,rf,5.9,0.967,12.288,6.9
00-0033885,2025,4,TE,David Njoku,CLE,rf,10.531,5.598,16.919,3.1
00-0034270,2025,4,TE,Tyler Conklin,LAC,rf,5.413,0.48,11.801,1.3
00-0034351,2025,4,TE,Dallas Goedert,PHI,rf,7.37,2.436,13.758,19.7
00-0034365,2025,4,TE,Ian Thomas,LV,rf,2.291,0.0,8.679,0.0
00-0034383,2025,4,TE,Dalton Schultz,HOU,rf,8.036,3.103,14.425,8.0
00-0034753,2025,4,TE,Mark Andrews,BAL,rf,7.56,2.627,13.948,10.0
00-0034829,2025,4,TE,Mike Gesicki,CIN,rf,7.041,2.107,13.429,1.8
00-0035229,2025,4,TE,T.J. Hockenson,MIN,rf,8.697,3.764,15.086,7.9
00-0035249,2025,4,TE,Josh Oliver,MIN,rf,2.89,0.0,9.279,0.0
00-0035689,2025,4,TE,Dawson Knox,BUF,rf,5.727,0.794,12.116,0.0
00-0036040,2025,4,TE,Juwan Johnson,NO,rf,11.959,7.025,18.347,5.800000000000001
00-0036244,2025,4,TE,Colby Parkinson,LA,rf,3.677,0.0,10.065,3.7
00-0036290,2025,4,TE,Cole Kmet,CHI,rf,5.25,0.316,11.638,7.6000000000000005
00-0036422,2025,4,TE,Adam Trautman,DEN,rf,3.519,0.0,9.907,5.2
00-0036590,2025,4,TE,Quintin Morris,JAX,rf,1.673,0.0,8.061,0.0
00-0036637,2025,4,TE,Noah Gray,KC,rf,6.004,1.071,12.393,1.1
00-0036741,2025,4,TE,Jack Stoll,NO,rf,2.823,0.0,9.211,1.7000000000000002
00-0036754,2025,4,TE,Brock Wright,DET,rf,3.922,0.0,10.31,0.0
00-0036825,2025,4,TE,Feleipe Franks,ATL,rf,1.936,0.0,8.325,0.0
00-0036876,2025,4,TE,Kylen Granson,PHI,rf,3.156,0.0,9.545,0.0
00-0036887,2025,4,TE,Luke Farrell,SF,rf,3.187,0.0,9.575,2.0
00-0036970,2025,4,TE,Kyle Pitts,ATL,rf,8.861,3.928,15.249,18.0
00-0037004,2025,4,TE,Hunter Long,JAX,rf,2.751,0.0,9.139,11.3
00-0037005,2025,4,TE,Tommy Tremble,CAR,rf,4.96,0.027,11.349,15.2
00-0037086,2025,4,TE,Grant Calcaterra,PHI,rf,3.824,0.0,10.212,2.6
00-0037112,2025,4,TE,Jake Tonges,SF,rf,6.114,1.18,12.502,14.8
00-0037282,2025,4,TE,James Mitchell,CAR,rf,2.864,0.0,9.252,3.7
00-0037292,2025,4,TE,Andrew Ogletree,IND,rf,2.115,0.0,8.503,0.0
00-0037348,2025,4,TE,Tanner Conner,MIA,rf,4.787,0.0,11.176,0.0
00-0037654,2025,4,TE,Tucker Fisk,LAC,rf,2.536,0.0,8.925,0.0
00-0037744,2025,4,TE,Trey McBride,ARI,rf,15.893,10.96,22.282,12.2
00-0037805,2025,4,TE,Jeremy Ruckert,NYJ,rf,2.971,0.0,9.36,3.3000000000000003
00-0037809,2025,4,TE,Chig Okonkwo,TEN,rf,9.791,4.858,16.18,1.4
00-0038041,2025,4,TE,Jake Ferguson,DAL,rf,11.216,6.283,17.605,17.0
00-0038115,2025,4,TE,Daniel Bellinger,NYG,rf,2.278,0.0,8.667,2.3
00-0038129,2025,4,TE,Cade Otton,TB,rf,5.297,0.364,11.686,3.9
00-0038547,2025,4,TE,Luke Schoonmaker,DAL,rf,3.092,0.0,9.48,2.8
00-0038558,2025,4,TE,Darnell Washington,PIT,rf,3.576,0.0,9.964,5.0
00-0038590,2025,4,TE,Justin Shorter,LV,rf,1.206,0.0,7.595,0.0
00-0038643,2025,4,TE,Brayden Willis,SF,rf,1.318,0.0,7.707,0.0
00-0038710,2025,4,TE,Blake Whiteheart,CLE,rf,1.541,0.0,7.929,0.0
00-0038720,2025,4,TE,Julian Hill,MIA,rf,2.164,0.0,8.553,2.9000000000000004
00-0038783,2025,4,TE,Nate Adkins,DEN,rf,3.42,0.0,9.808,2.5
00-0038933,2025,4,TE,Dalton Kincaid,BUF,rf,8.799,3.866,15.188,9.8
00-0038935,2025,4,TE,Brenton Strange,JAX,rf,9.174,4.241,15.563,10.5
00-0038996,2025,4,TE,Tucker Kraft,GB,rf,9.873,4.94,16.261,10.600000000000001
00-0039041,2025,4,TE,Elijah Higgins,ARI,rf,4.339,0.0,10.728,0.0
00-0039050,2025,4,TE,Payne Durham,TB,rf,4.467,0.0,10.856,0.0
00-0039065,2025,4,TE,Sam LaPorta,DET,rf,10.634,5.7,17.022,6.9
00-0039074,2025,4,TE,Davis Allen,LA,rf,3.536,0.0,9.924,1.0
00-0039144,2025,4,TE,Luke Musgrave,GB,rf,2.862,0.0,9.251,1.6
00-0039338,2025,4,TE,Brock Bowers,LV,rf,10.975,6.041,17.363,9.600000000000001
00-0039686,2025,4,TE,Colson Yankoff,WAS,rf,1.302,0.0,7.69,0.0
00-0039754,2025,4,TE,Devin Culp,TB,rf,4.796,0.0,11.184,0.0
00-0039793,2025,4,TE,AJ Barner,SEA,rf,4.861,0.0,11.25,12.2
00-0039847,2025,4,TE,Theo Johnson,NYG,rf,5.542,0.608,11.93,10.7
00-0039912,2025,4,TE,Ben Sinnott,WAS,rf,2.08,0.0,8.468,0.0
00-0040128,2025,4,TE,Tyler Warren,IND,rf,10.042,5.109,16.431,18.3
00-0040187,2025,4,TE,Mitchell Evans,CAR,rf,2.439,0.0,8.828,11.3
00-0040189,2025,4,TE,Oronde Gadsden II,LAC,rf,11.088,6.154,17.476,3.6
00-0040194,2025,4,TE,Jackson Hawes,BUF,rf,3.207,0.0,9.596,2.5
00-0040584,2025,4,TE,Gunnar Helm,TEN,rf,4.64,0.0,11.028,2.2
00-0040663,2025,4,TE,Harold Fannin Jr.,CLE,rf,8.407,3.474,14.795,4.5
00-0040736,2025,4,TE,Mason Taylor,NYJ,rf,5.051,0.118,11.439,11.5
00-0040739,2025,4,TE,Elijah Arroyo,SEA,rf,3.812,0.0,10.201,6.4
00-0030061,2025,5,TE,Zach Ertz,WAS,rf,8.871,3.938,15.26,0.0
00-0030506,2025,5,TE,Travis Kelce,KC,rf,9.314,4.381,15.703,19.1
00-0031610,2025,5,TE,Darren Waller,MIA,rf,8.763,3.829,15.151,18.8
00-0033090,2025,5,TE,Hunter Henry,NE,rf,8.29,3.357,14.678,6.6000000000000005
00-0033246,2025,5,TE,Johnny Mundt,JAX,rf,2.02,0.0,8.408,1.7000000000000002
00-0033357,2025,5,TE,Taysom Hill,NO,rf,8.049,3.116,14.437,0.66
00-0033881,2025,5,TE,Evan Engram,DEN,rf,8.097,3.164,14.485,13.3
00-0033885,2025,5,TE,David Njoku,CLE,rf,8.281,3.347,14.669,18.7
00-0034270,2025,5,TE,Tyler Conklin,LAC,rf,5.007,0.074,11.396,5.0
00-0034351,2025,5,TE,Dallas Goedert,PHI,rf,6.963,2.03,13.351,10.9
00-0034365,2025,5,TE,Ian Thomas,LV,rf,1.297,0.0,7.685,5.0
00-0034383,2025,5,TE,Dalton Schultz,HOU,rf,8.796,3.863,15.185,11.0
00-0034753,2025,5,TE,Mark Andrews,BAL,rf,8.067,3.134,14.455,4.2
00-0034829,2025,5,TE,Mike Gesicki,CIN,rf,5.474,0.541,11.863,3.5
00-0035229,2025,5,TE,T.J. Hockenson,MIN,rf,7.62,2.686,14.008,9.8
00-0035249,2025,5,TE,Josh Oliver,MIN,rf,3.139,0.0,9.528,11.5
00-0035631,2025,5,TE,Drew Sample,CIN,rf,3.68,0.0,10.068,0.9
00-0035689,2025,5,TE,Dawson Knox,BUF,rf,4.628,0.0,11.017,3.5
00-0036040,2025,5,TE,Juwan Johnson,NO,rf,11.633,6.7,18.021,3.7
00-0036232,2025,5,TE,Harrison Bryant,HOU,rf,3.373,0.0,9.761,1.5
00-0036244,2025,5,TE,Colby Parkinson,LA,rf,2.713,0.0,9.101,0.0
00-0036422,2025,5,TE,Adam Trautman,DEN,rf,3.297,0.0,9.685,2.1
00-0036423,2025,5,TE,Albert Okwuegbunam,LV,rf,3.89,0.0,10.279,8.6
00-0036590,2025,5,TE,Quintin Morris,JAX,rf,1.684,0.0,8.073,0.0
00-0036628,2025,5,TE,John Bates,WAS,rf,2.118,0.0,8.506,1.9
00-0036754,2025,5,TE,Brock Wright,DET,rf,2.847,0.0,9.236,8.9
00-0036876,2025,5,TE,Kylen Granson,PHI,rf,1.692,0.0,8.08,0.0
00-0036887,2025,5,TE,Luke Farrell,SF,rf,3.726,0.0,10.115,1.8
00-0037004,2025,5,TE,Hunter Long,JAX,rf,4.313,0.0,10.702,1.3
00-0037005,2025,5,TE,Tommy Tremble,CAR,rf,6.511,1.578,12.9,1.7000000000000002
00-0037086,2025,5,TE,Grant Calcaterra,PHI,rf,3.508,0.0,9.896,3.8
00-0037112,2025,5,TE,Jake Tonges,SF,rf,8.111,3.178,14.5,17.1
00-0037282,2025,5,TE,James Mitchell,CAR,rf,3.709,0.0,10.098,2.1
00-0037340,2025,5,TE,Zaire Mitchell-Paden,BAL,rf,1.586,0.0,7.975,1.3
00-0037348,2025,5,TE,Tanner Conner,MIA,rf,3.996,0.0,10.384,3.6
00-0037744,2025,5,TE,Trey McBride,ARI,rf,10.615,5.681,17.003,9.100000000000001
00-0037805,2025,5,TE,Jeremy Ruckert,NYJ,rf,2.801,0.0,9.189,6.800000000000001
00-0037809,2025,5,TE,Chig Okonkwo,TEN,rf,7.934,3.0,14.322,8.8
00-0037838,2025,5,TE,Isaiah Likely,BAL,rf,4.609,0.0,10.997,2.2
00-0038041,2025,5,TE,Jake Ferguson,DAL,rf,11.455,6.521,17.843,23.9
00-0038046,2025,5,TE,Charlie Kolar,BAL,rf,4.205,0.0,10.594,2.0
00-0038115,2025,5,TE,Daniel Bellinger,NYG,rf,2.829,0.0,9.217,9.2
00-0038129,2025,5,TE,Cade Otton,TB,rf,5.525,0.592,11.914,12.1
00-0038547,2025,5,TE,Luke Schoonmaker,DAL,rf,3.208,0.0,9.597,1.3
00-0038564,2025,5,TE,Cameron Latu,PHI,rf,0.835,0.0,7.223,0.0
00-0038643,2025,5,TE,Brayden Willis,SF,rf,0.462,0.0,6.85,0.0
00-0038720,2025,5,TE,Julian Hill,MIA,rf,2.405,0.0,8.793,6.2
00-0038783,2025,5,TE,Nate Adkins,DEN,rf,5.279,0.346,11.668,0.0
00-0038933,2025,5,TE,Dalton Kincaid,BUF,rf,9.012,4.078,15.4,16.8
00-0038935,2025,5,TE,Brenton Strange,JAX,rf,8.542,3.609,14.93,3.2
00-0039041,2025,5,TE,Elijah Higgins,ARI,rf,3.867,0.0,10.256,3.0
00-0039050,2025,5,TE,Payne Durham,TB,rf,3.535,0.0,9.923,0.0
00-0039065,2025,5,TE,Sam LaPorta,DET,rf,9.127,4.194,15.515,20.200000000000003
00-0039074,2025,5,TE,Davis Allen,LA,rf,3.486,0.0,9.875,4.4
00-0039458,2025,5,TE,Brenden Bates,HOU,rf,1.188,0.0,7.577,4.300000000000001
00-0039530,2025,5,TE,Brevyn Spann-Ford,DAL,rf,1.666,0.0,8.054,0.0
00-0039686,2025,5,TE,Colson Yankoff,WAS,rf,1.022,0.0,7.41,0.0
00-0039737,2025,5,TE,Tip Reiman,ARI,rf,4.267,0.0,10.655,0.0
00-0039793,2025,5,TE,AJ Barner,SEA,rf,4.638,0.0,11.027,24.3
00-0039847,2025,5,TE,Theo Johnson,NYG,rf,6.67,1.736,13.058,21.3
00-0040128,2025,5,TE,Tyler Warren,IND,rf,11.058,6.124,17.446,14.4
00-0040187,2025,5,TE,Mitchell Evans,CAR,rf,3.865,0.0,10.253,7.4
00-0040189,2025,5,TE,Oronde Gadsden II,LAC,rf,7.586,2.653,13.975,2.4000000000000004
00-0040584,2025,5,TE,Gunnar Helm,TEN,rf,4.216,0.0,10.604,7.4
00-0040663,2025,5,TE,Harold Fannin Jr.,CLE,rf,10.235,5.302,16.624,11.3
00-0040736,2025,5,TE,Mason Taylor,NYJ,rf,7.869,2.936,14.257,17.7
00-0040739,2025,5,TE,Elijah Arroyo,SEA,rf,4.467,0.0,10.855,2.0
00-0030061,2025,6,TE,Zach Ertz,WAS,rf,7.514,2.581,13.902,16.3
00-0030506,2025,6,TE,Travis Kelce,KC,rf,8.313,3.379,14.701,13.8
00-0031610,2025,6,TE,Darren Waller,MIA,rf,9.734,4.801,16.122,9.2
00-0032392,2025,6,TE,Austin Hooper,NE,rf,3.969,0.0,10.357,1.5
00-0033090,2025,6,TE,Hunter Henry,NE,rf,9.536,4.602,15.924,5.7
00-0033110,2025,6,TE,Tyler Higbee,LA,rf,5.742,0.809,12.13,14.0
00-0033217,2025,6,TE,Mo Alie-Cox,IND,rf,2.521,0.0,8.909,2.6
00-0033246,2025,6,TE,Johnny Mundt,JAX,rf,2.212,0.0,8.601,2.4000000000000004
00-0033357,2025,6,TE,Taysom Hill,NO,rf,8.858,3.925,15.246,6.1
00-0033576,2025,6,TE,Eric Saubert,SEA,rf,2.086,0.0,8.474,0.0
00-0033858,2025,6,TE,Jonnu Smith,PIT,rf,7.846,2.912,14.234,5.800000000000001
00-0033881,2025,6,TE,Evan Engram,DEN,rf,8.721,3.788,15.11,9.9
00-0033885,2025,6,TE,David Njoku,CLE,rf,8.481,3.548,14.87,5.800000000000001
00-0034159,2025,6,TE,Will Dissly,LAC,rf,3.968,0.0,10.357,3.8
00-0034351,2025,6,TE,Dallas Goedert,PHI,rf,9.478,4.545,15.866,26.0
00-0034365,2025,6,TE,Ian Thomas,LV,rf,2.321,0.0,8.709,1.4
00-0034613,2025,6,TE,Tanner Hudson,CIN,rf,3.847,0.0,10.236,11.0
00-0034753,2025,6,TE,Mark Andrews,BAL,rf,6.833,1.899,13.221,6.6
00-0034981,2025,6,TE,Foster Moreau,NO,rf,5.644,0.711,12.033,1.9
00-0035631,2025,6,TE,Drew Sample,CIN,rf,4.142,0.0,10.53,0.8
00-0035644,2025,6,TE,Noah Fant,CIN,rf,8.415,3.482,14.804,6.7
00-0035689,2025,6,TE,Dawson Knox,BUF,rf,4.62,0.0,11.008,8.9
00-0036040,2025,6,TE,Juwan Johnson,NO,rf,9.944,5.011,16.333,1.5
00-0036290,2025,6,TE,Cole Kmet,CHI,rf,6.901,1.968,13.29,1.0
00-0036637,2025,6,TE,Noah Gray,KC,rf,4.721,0.0,11.11,4.5
00-0036825,2025,6,TE,Feleipe Franks,ATL,rf,2.313,0.0,8.701,0.2
00-0036887,2025,6,TE,Luke Farrell,SF,rf,4.103,0.0,10.492,0.0
00-0036894,2025,6,TE,Pat Freiermuth,PIT,rf,6.443,1.51,12.832,2.1
00-0036970,2025,6,TE,Kyle Pitts,ATL,rf,8.288,3.355,14.677,4.8
00-0037004,2025,6,TE,Hunter Long,JAX,rf,4.031,0.0,10.419,3.9000000000000004
00-0037005,2025,6,TE,Tommy Tremble,CAR,rf,5.954,1.021,12.342,7.9
00-0037112,2025,6,TE,Jake Tonges,SF,rf,7.615,2.682,14.003,11.8
00-0037348,2025,6,TE,Tanner Conner,MIA,rf,3.678,0.0,10.066,1.8
00-0037475,2025,6,TE,Stone Smartt,NYJ,rf,4.884,0.0,11.273,0.0
00-0037744,2025,6,TE,Trey McBride,ARI,rf,12.572,7.639,18.96,21.2
00-0037805,2025,6,TE,Jeremy Ruckert,NYJ,rf,4.521,0.0,10.909,0.0
00-0037809,2025,6,TE,Chig Okonkwo,TEN,rf,9.16,4.227,15.548,10.600000000000001
00-0037838,2025,6,TE,Isaiah Likely,BAL,rf,3.765,0.0,10.154,2.6
00-0038041,2025,6,TE,Jake Ferguson,DAL,rf,12.208,7.275,18.596,12.3
00-0038046,2025,6,TE,Charlie Kolar,BAL,rf,3.54,0.0,9.929,0.0
00-0038129,2025,6,TE,Cade Otton,TB,rf,8.012,3.078,14.4,10.100000000000001
00-0038547,2025,6,TE,Luke Schoonmaker,DAL,rf,3.782,0.0,10.171,1.8
00-0038558,2025,6,TE,Darnell Washington,PIT,rf,3.516,0.0,9.905,9.2
00-0038564,2025,6,TE,Cameron Latu,PHI,rf,0.98,0.0,7.368,0.0
00-0038590,2025,6,TE,Justin Shorter,LV,rf,0.98,0.0,7.368,0.0
00-0038643,2025,6,TE,Brayden Willis,SF,rf,0.557,0.0,6.945,0.0
00-0038710,2025,6,TE,Blake Whiteheart,CLE,rf,1.768,0.0,8.156,1.0
00-0038720,2025,6,TE,Julian Hill,MIA,rf,4.294,0.0,10.682,6.1
00-0038783,2025,6,TE,Nate Adkins,DEN,rf,2.977,0.0,9.365,10.3
00-0038996,2025,6,TE,Tucker Kraft,GB,rf,9.538,4.604,15.926,12.3
00-0039041,2025,6,TE,Elijah Higgins,ARI,rf,3.91,0.0,10.299,5.4
00-0039065,2025,6,TE,Sam LaPorta,DET,rf,9.166,4.232,15.554,16.5
00-0039066,2025,6,TE,Michael Mayer,LV,rf,4.819,0.0,11.207,16.0
00-0039074,2025,6,TE,Davis Allen,LA,rf,3.6,0.0,9.988,1.7000000000000002
00-0039144,2025,6,TE,Luke Musgrave,GB,rf,3.019,0.0,9.407,1.7000000000000002
00-0039530,2025,6,TE,Brevyn Spann-Ford,DAL,rf,1.379,0.0,7.768,1.2
00-0039648,2025,6,TE,David Martin-Robinson,TEN,rf,0.693,0.0,7.081,7.1
00-0039686,2025,6,TE,Colson Yankoff,WAS,rf,1.354,0.0,7.743,0.0
00-0039754,2025,6,TE,Devin Culp,TB,rf,3.475,0.0,9.864,0.0
00-0039793,2025,6,TE,AJ Barner,SEA,rf,8.334,3.401,14.722,10.100000000000001
00-0039847,2025,6,TE,Theo Johnson,NYG,rf,8.618,3.684,15.006,4.7
00-0040126,2025,6,TE,Colston Loveland,CHI,rf,6.173,1.24,12.562,3.1
00-0040128,2025,6,TE,Tyler Warren,IND,rf,9.486,4.553,15.874,18.3
00-0040187,2025,6,TE,Mitchell Evans,CAR,rf,3.532,0.0,9.92,3.1
00-0040189,2025,6,TE,Oronde Gadsden II,LAC,rf,6.096,1.163,12.485,11.8
00-0040584,2025,6,TE,Gunnar Helm,TEN,rf,5.104,0.17,11.492,3.5
00-0040663,2025,6,TE,Harold Fannin Jr.,CLE,rf,9.525,4.591,15.913,15.1
00-0040736,2025,6,TE,Mason Taylor,NYJ,rf,8.408,3.475,14.796,1.2
00-0040737,2025,6,TE,Terrance Ferguson,LA,rf,2.895,0.0,9.283,0.0
00-0040739,2025,6,TE,Elijah Arroyo,SEA,rf,4.188,0.0,10.576,1.6
00-0030061,2025,7,TE,Zach Ertz,WAS,rf,8.767,3.834,15.155,12.7
00-0030506,2025,7,TE,Travis Kelce,KC,rf,10.118,5.185,16.507,8.4
00-0031610,2025,7,TE,Darren Waller,MIA,rf,8.43,3.497,14.819,0.0
00-0032392,2025,7,TE,Austin Hooper,NE,rf,3.991,0.0,10.38,9.1
00-0033090,2025,7,TE,Hunter Henry,NE,rf,10.082,5.149,16.471,7.300000000000001
00-0033110,2025,7,TE,Tyler Higbee,LA,rf,5.32,0.386,11.708,4.9
00-0033217,2025,7,TE,Mo Alie-Cox,IND,rf,2.598,0.0,8.986,1.6
00-0033246,2025,7,TE,Johnny Mundt,JAX,rf,2.253,0.0,8.641,1.9
00-0033288,2025,7,TE,George Kittle,SF,rf,9.883,4.95,16.272,0.0
00-0033357,2025,7,TE,Taysom Hill,NO,rf,6.634,1.701,13.023,2.8
00-0033858,2025,7,TE,Jonnu Smith,PIT,rf,6.263,1.33,12.651,11.8
00-0033881,2025,7,TE,Evan Engram,DEN,rf,8.211,3.278,14.6,9.2
00-0034159,2025,7,TE,Will Dissly,LAC,rf,3.904,0.0,10.292,0.0
00-0034351,2025,7,TE,Dallas Goedert,PHI,rf,9.797,4.864,16.186,4.8
00-0034383,2025,7,TE,Dalton Schultz,HOU,rf,8.772,3.838,15.16,18.8
00-0035229,2025,7,TE,T.J. Hockenson,MIN,rf,7.798,2.865,14.187,10.3
00-0035249,2025,7,TE,Josh Oliver,MIN,rf,3.38,0.0,9.768,1.9
00-0035631,2025,7,TE,Drew Sample,CIN,rf,3.7,0.0,10.088,0.0
00-0035644,2025,7,TE,Noah Fant,CIN,rf,8.462,3.529,14.85,14.4
00-0036040,2025,7,TE,Juwan Johnson,NO,rf,9.399,4.465,15.787,12.9
00-0036232,2025,7,TE,Harrison Bryant,HOU,rf,3.992,0.0,10.38,0.0
00-0036244,2025,7,TE,Colby Parkinson,LA,rf,2.968,0.0,9.357,7.7
00-0036290,2025,7,TE,Cole Kmet,CHI,rf,6.914,1.98,13.302,2.6
00-0036429,2025,7,TE,Charlie Woerner,ATL,rf,3.172,0.0,9.561,0.0
00-0036628,2025,7,TE,John Bates,WAS,rf,2.257,0.0,8.646,1.5
00-0036637,2025,7,TE,Noah Gray,KC,rf,4.846,0.0,11.234,3.8000000000000003
00-0036741,2025,7,TE,Jack Stoll,NO,rf,2.794,0.0,9.182,0.0
00-0036754,2025,7,TE,Brock Wright,DET,rf,3.497,0.0,9.885,5.300000000000001
00-0036887,2025,7,TE,Luke Farrell,SF,rf,3.547,0.0,9.936,2.1
00-0036894,2025,7,TE,Pat Freiermuth,PIT,rf,6.001,1.067,12.389,28.1
00-0036970,2025,7,TE,Kyle Pitts,ATL,rf,7.834,2.9,14.222,13.2
00-0037004,2025,7,TE,Hunter Long,JAX,rf,4.231,0.0,10.62,3.6
00-0037005,2025,7,TE,Tommy Tremble,CAR,rf,5.989,1.056,12.377,1.0
00-0037292,2025,7,TE,Andrew Ogletree,IND,rf,0.616,0.0,7.005,0.0
00-0037306,2025,7,TE,John FitzPatrick,GB,rf,2.888,0.0,9.276,1.6
00-0037348,2025,7,TE,Tanner Conner,MIA,rf,3.443,0.0,9.831,3.8000000000000003
00-0037744,2025,7,TE,Trey McBride,ARI,rf,10.486,5.553,16.874,29.4
00-0037805,2025,7,TE,Jeremy Ruckert,NYJ,rf,4.187,0.0,10.575,0.0
00-0037809,2025,7,TE,Chig Okonkwo,TEN,rf,9.144,4.211,15.533,0.0
00-0038041,2025,7,TE,Jake Ferguson,DAL,rf,12.159,7.226,18.548,21.9
00-0038115,2025,7,TE,Daniel Bellinger,NYG,rf,3.528,0.0,9.916,17.8
00-0038129,2025,7,TE,Cade Otton,TB,rf,8.696,3.762,15.084,13.5
00-0038498,2025,7,TE,E.J. Jenkins,PHI,rf,2.604,0.0,8.992,0.0
00-0038558,2025,7,TE,Darnell Washington,PIT,rf,4.53,0.0,10.918,9.2
00-0038564,2025,7,TE,Cameron Latu,PHI,rf,0.989,0.0,7.377,0.0
00-0038710,2025,7,TE,Blake Whiteheart,CLE,rf,1.68,0.0,8.069,1.4
00-0038720,2025,7,TE,Julian Hill,MIA,rf,3.636,0.0,10.024,1.1
00-0038783,2025,7,TE,Nate Adkins,DEN,rf,4.018,0.0,10.406,4.0
00-0038996,2025,7,TE,Tucker Kraft,GB,rf,9.925,4.992,16.314,16.8
00-0039041,2025,7,TE,Elijah Higgins,ARI,rf,3.526,0.0,9.914,1.3
00-0039065,2025,7,TE,Sam LaPorta,DET,rf,8.646,3.713,15.034,4.5
00-0039066,2025,7,TE,Michael Mayer,LV,rf,6.366,1.433,12.755,2.0
00-0039074,2025,7,TE,Davis Allen,LA,rf,3.965,0.0,10.353,1.4
00-0039356,2025,7,TE,Ja'Tavion Sanders,CAR,rf,7.306,2.373,13.695,0.0
00-0039530,2025,7,TE,Brevyn Spann-Ford,DAL,rf,1.369,0.0,7.757,0.0
00-0039686,2025,7,TE,Colson Yankoff,WAS,rf,1.253,0.0,7.641,0.0
00-0039793,2025,7,TE,AJ Barner,SEA,rf,6.733,1.8,13.121,1.9
00-0039847,2025,7,TE,Theo Johnson,NYG,rf,7.667,2.734,14.055,15.600000000000001
00-0040126,2025,7,TE,Colston Loveland,CHI,rf,5.057,0.123,11.445,5.4
00-0040128,2025,7,TE,Tyler Warren,IND,rf,10.702,5.768,17.09,16.9
00-0040187,2025,7,TE,Mitchell Evans,CAR,rf,3.921,0.0,10.309,4.4
00-0040189,2025,7,TE,Oronde Gadsden II,LAC,rf,8.884,3.951,15.273,29.400000000000002
00-0040584,2025,7,TE,Gunnar Helm,TEN,rf,5.301,0.367,11.689,7.6
00-0040663,2025,7,TE,Harold Fannin Jr.,CLE,rf,8.958,4.024,15.346,7.6
00-0040736,2025,7,TE,Mason Taylor,NYJ,rf,8.129,3.195,14.517,6.1
00-0040737,2025,7,TE,Terrance Ferguson,LA,rf,2.042,0.0,8.43,10.1
00-0040739,2025,7,TE,Elijah Arroyo,SEA,rf,4.632,0.0,11.02,6.2
00-0030061,2025,8,TE,Zach Ertz,WAS,rf,8.759,3.826,15.148,5.6
00-0030506,2025,8,TE,Travis Kelce,KC,rf,9.093,4.16,15.481,21.9
00-0032392,2025,8,TE,Austin Hooper,NE,rf,4.338,0.0,10.726,5.800000000000001
00-0033090,2025,8,TE,Hunter Henry,NE,rf,10.24,5.307,16.629,7.7
00-0033288,2025,8,TE,George Kittle,SF,rf,6.621,1.688,13.009,14.3
00-0033357,2025,8,TE,Taysom Hill,NO,rf,5.545,0.612,11.933,2.2
00-0033858,2025,8,TE,Jonnu Smith,PIT,rf,7.637,2.703,14.025,3.7
00-0033881,2025,8,TE,Evan Engram,DEN,rf,8.179,3.246,14.567,7.6
00-0033885,2025,8,TE,David Njoku,CLE,rf,10.214,5.281,16.602,13.7
00-0034351,2025,8,TE,Dallas Goedert,PHI,rf,7.227,2.294,13.615,17.8
00-0034383,2025,8,TE,Dalton Schultz,HOU,rf,10.632,5.698,17.02,4.4
00-0034613,2025,8,TE,Tanner Hudson,CIN,rf,5.735,0.802,12.123,1.9
00-0034753,2025,8,TE,Mark Andrews,BAL,rf,8.604,3.671,14.992,6.4
00-0034981,2025,8,TE,Foster Moreau,NO,rf,3.716,0.0,10.105,0.0
00-0035229,2025,8,TE,T.J. Hockenson,MIN,rf,7.853,2.92,14.242,4.6
00-0035644,2025,8,TE,Noah Fant,CIN,rf,8.237,3.304,14.625,7.1000000000000005
00-0035689,2025,8,TE,Dawson Knox,BUF,rf,5.106,0.172,11.494,2.5
00-0036040,2025,8,TE,Juwan Johnson,NO,rf,10.002,5.069,16.391,10.3
00-0036232,2025,8,TE,Harrison Bryant,HOU,rf,2.393,0.0,8.782,0.0
00-0036422,2025,8,TE,Adam Trautman,DEN,rf,3.877,0.0,10.265,0.0
00-0036628,2025,8,TE,John Bates,WAS,rf,2.785,0.0,9.174,3.2
00-0036637,2025,8,TE,Noah Gray,KC,rf,4.416,0.0,10.805,4.300000000000001
00-0036741,2025,8,TE,Jack Stoll,NO,rf,3.415,0.0,9.803,0.0
00-0036825,2025,8,TE,Feleipe Franks,ATL,rf,0.566,0.0,6.954,0.0
00-0036887,2025,8,TE,Luke Farrell,SF,rf,3.89,0.0,10.278,0.0
00-0036894,2025,8,TE,Pat Freiermuth,PIT,rf,6.706,1.772,13.094,4.3
00-0036970,2025,8,TE,Kyle Pitts,ATL,rf,9.703,4.769,16.091,14.9
00-0037005,2025,8,TE,Tommy Tremble,CAR,rf,5.511,0.578,11.9,1.4
00-0037112,2025,8,TE,Jake Tonges,SF,rf,7.766,2.833,14.155,7.2
00-0037292,2025,8,TE,Andrew Ogletree,IND,rf,0.605,0.0,6.993,0.0
00-0037306,2025,8,TE,John FitzPatrick,GB,rf,3.307,0.0,9.696,1.4
00-0037348,2025,8,TE,Tanner Conner,MIA,rf,3.65,0.0,10.039,2.6
00-0037805,2025,8,TE,Jeremy Ruckert,NYJ,rf,3.829,0.0,10.217,3.4000000000000004
00-0037809,2025,8,TE,Chig Okonkwo,TEN,rf,8.143,3.21,14.532,9.3
00-0037838,2025,8,TE,Isaiah Likely,BAL,rf,3.883,0.0,10.272,2.8
00-0038041,2025,8,TE,Jake Ferguson,DAL,rf,12.489,7.556,18.878,0.0
00-0038046,2025,8,TE,Charlie Kolar,BAL,rf,3.611,0.0,9.999,8.0
00-0038115,2025,8,TE,Daniel Bellinger,NYG,rf,5.902,0.968,12.29,3.1
00-0038129,2025,8,TE,Cade Otton,TB,rf,8.159,3.226,14.547,8.0
00-0038547,2025,8,TE,Luke Schoonmaker,DAL,rf,3.344,0.0,9.733,4.5
00-0038564,2025,8,TE,Cameron Latu,PHI,rf,1.363,0.0,7.752,0.0
00-0038783,2025,8,TE,Nate Adkins,DEN,rf,4.67,0.0,11.059,0.0
00-0038933,2025,8,TE,Dalton Kincaid,BUF,rf,9.949,5.016,16.338,3.3000000000000003
00-0038996,2025,8,TE,Tucker Kraft,GB,rf,9.521,4.588,15.91,33.3
00-0039144,2025,8,TE,Luke Musgrave,GB,rf,3.151,0.0,9.54,1.5
00-0039356,2025,8,TE,Ja'Tavion Sanders,CAR,rf,6.772,1.838,13.16,4.9
00-0039530,2025,8,TE,Brevyn Spann-Ford,DAL,rf,1.236,0.0,7.624,1.9
00-0039648,2025,8,TE,David Martin-Robinson,TEN,rf,3.65,0.0,10.038,0.0
00-0039847,2025,8,TE,Theo Johnson,NYG,rf,7.739,2.806,14.127,5.0
00-0039912,2025,8,TE,Ben Sinnott,WAS,rf,1.488,0.0,7.876,3.2
00-0040126,2025,8,TE,Colston Loveland,CHI,rf,4.219,0.0,10.607,6.800000000000001
00-0040128,2025,8,TE,Tyler Warren,IND,rf,9.073,4.14,15.462,9.3
00-0040189,2025,8,TE,Oronde Gadsden II,LAC,rf,11.429,6.496,17.817,18.7
00-0040194,2025,8,TE,Jackson Hawes,BUF,rf,3.461,0.0,9.849,3.5
00-0040509,2025,8,TE,Ben Yurosek,MIN,rf,0.986,0.0,7.375,1.5
00-0040584,2025,8,TE,Gunnar Helm,TEN,rf,6.118,1.184,12.506,10.3
00-0040663,2025,8,TE,Harold Fannin Jr.,CLE,rf,7.411,2.478,13.8,18.4
00-0040736,2025,8,TE,Mason Taylor,NYJ,rf,8.131,3.198,14.519,14.4
00-0030061,2025,9,TE,Zach Ertz,WAS,rf,7.988,3.054,14.376,8.600000000000001
00-0030506,2025,9,TE,Travis Kelce,KC,rf,11.391,6.457,17.779,12.600000000000001
00-0032392,2025,9,TE,Austin Hooper,NE,rf,3.88,0.0,10.269,3.0
00-0033090,2025,9,TE,Hunter Henry,NE,rf,9.435,4.501,15.823,9.100000000000001
00-0033110,2025,9,TE,Tyler Higbee,LA,rf,7.241,2.307,13.629,10.3
00-0033217,2025,9,TE,Mo Alie-Cox,IND,rf,2.628,0.0,9.016,0.0
00-0033246,2025,9,TE,Johnny Mundt,JAX,rf,3.582,0.0,9.971,0.0
00-0033288,2025,9,TE,George Kittle,SF,rf,7.547,2.613,13.935,6.9
00-0033357,2025,9,TE,Taysom Hill,NO,rf,3.594,0.0,9.982,3.0
00-0033858,2025,9,TE,Jonnu Smith,PIT,rf,6.455,1.522,12.843,5.5
00-0033881,2025,9,TE,Evan Engram,DEN,rf,8.593,3.66,14.981,0.0
00-0034365,2025,9,TE,Ian Thomas,LV,rf,2.554,0.0,8.942,1.9
00-0034383,2025,9,TE,Dalton Schultz,HOU,rf,10.368,5.435,16.756,13.7
00-0034613,2025,9,TE,Tanner Hudson,CIN,rf,4.789,0.0,11.177,6.2
00-0034753,2025,9,TE,Mark Andrews,BAL,rf,8.688,3.755,15.077,16.6
00-0034798,2025,9,TE,Durham Smythe,CHI,rf,1.875,0.0,8.263,0.0
00-0035229,2025,9,TE,T.J. Hockenson,MIN,rf,8.394,3.461,14.782,9.1
00-0035644,2025,9,TE,Noah Fant,CIN,rf,8.669,3.735,15.057,10.8
00-0035689,2025,9,TE,Dawson Knox,BUF,rf,4.578,0.0,10.967,4.0
00-0036040,2025,9,TE,Juwan Johnson,NO,rf,9.759,4.826,16.148,12.1
00-0036232,2025,9,TE,Harrison Bryant,HOU,rf,3.229,0.0,9.617,1.2
00-0036244,2025,9,TE,Colby Parkinson,LA,rf,4.248,0.0,10.637,3.0
00-0036290,2025,9,TE,Cole Kmet,CHI,rf,5.206,0.273,11.595,2.0
00-0036422,2025,9,TE,Adam Trautman,DEN,rf,3.445,0.0,9.834,4.5
00-0036628,2025,9,TE,John Bates,WAS,rf,3.03,0.0,9.418,4.0
00-0036637,2025,9,TE,Noah Gray,KC,rf,4.457,0.0,10.845,0.0
00-0036754,2025,9,TE,Brock Wright,DET,rf,3.715,0.0,10.103,2.1
00-0036825,2025,9,TE,Feleipe Franks,ATL,rf,0.551,0.0,6.939,0.0
00-0036887,2025,9,TE,Luke Farrell,SF,rf,2.425,0.0,8.813,1.9
00-0036894,2025,9,TE,Pat Freiermuth,PIT,rf,7.228,2.295,13.616,11.7
00-0036970,2025,9,TE,Kyle Pitts,ATL,rf,11.66,6.726,18.048,7.800000000000001
00-0037004,2025,9,TE,Hunter Long,JAX,rf,5.073,0.139,11.461,1.6
00-0037005,2025,9,TE,Tommy Tremble,CAR,rf,5.195,0.262,11.583,0.0
00-0037252,2025,9,TE,Greg Dulcich,MIA,rf,3.061,0.0,9.45,9.9
00-0037292,2025,9,TE,Andrew Ogletree,IND,rf,0.895,0.0,7.284,0.0
00-0037348,2025,9,TE,Tanner Conner,MIA,rf,3.797,0.0,10.185,0.0
00-0037654,2025,9,TE,Tucker Fisk,LAC,rf,2.296,0.0,8.685,2.2
00-0037744,2025,9,TE,Trey McBride,ARI,rf,12.15,7.217,18.539,16.5
00-0037809,2025,9,TE,Chig Okonkwo,TEN,rf,8.168,3.235,14.556,3.0
00-0037838,2025,9,TE,Isaiah Likely,BAL,rf,4.479,0.0,10.868,9.0
00-0038041,2025,9,TE,Jake Ferguson,DAL,rf,10.258,5.325,16.647,8.0
00-0038046,2025,9,TE,Charlie Kolar,BAL,rf,3.089,0.0,9.477,10.3
00-0038547,2025,9,TE,Luke Schoonmaker,DAL,rf,3.336,0.0,9.724,2.4000000000000004
00-0038558,2025,9,TE,Darnell Washington,PIT,rf,5.906,0.973,12.294,8.3
00-0038735,2025,9,TE,Princeton Fant,DAL,rf,0.782,0.0,7.171,0.0
00-0038933,2025,9,TE,Dalton Kincaid,BUF,rf,9.94,5.007,16.329,22.1
00-0038996,2025,9,TE,Tucker Kraft,GB,rf,11.211,6.278,17.599,4.0
00-0039041,2025,9,TE,Elijah Higgins,ARI,rf,3.359,0.0,9.748,6.0
00-0039065,2025,9,TE,Sam LaPorta,DET,rf,8.995,4.061,15.383,21.700000000000003
00-0039066,2025,9,TE,Michael Mayer,LV,rf,5.04,0.107,11.428,5.6
00-0039074,2025,9,TE,Davis Allen,LA,rf,3.413,0.0,9.801,6.7
00-0039144,2025,9,TE,Luke Musgrave,GB,rf,3.881,0.0,10.269,6.4
00-0039338,2025,9,TE,Brock Bowers,LV,rf,11.253,6.319,17.641,43.3
00-0039356,2025,9,TE,Ja'Tavion Sanders,CAR,rf,5.384,0.451,11.773,1.5
00-0039530,2025,9,TE,Brevyn Spann-Ford,DAL,rf,1.535,0.0,7.923,0.0
00-0039648,2025,9,TE,David Martin-Robinson,TEN,rf,2.868,0.0,9.257,0.0
00-0039793,2025,9,TE,AJ Barner,SEA,rf,6.63,1.697,13.018,11.5
00-0039847,2025,9,TE,Theo Johnson,NYG,rf,8.981,4.047,15.369,11.7
00-0040126,2025,9,TE,Colston Loveland,CHI,rf,6.337,1.404,12.726,29.8
00-0040128,2025,9,TE,Tyler Warren,IND,rf,9.329,4.396,15.717,7.6
00-0040189,2025,9,TE,Oronde Gadsden II,LAC,rf,11.074,6.14,17.462,11.8
00-0040194,2025,9,TE,Jackson Hawes,BUF,rf,3.499,0.0,9.887,2.8
00-0040509,2025,9,TE,Ben Yurosek,MIN,rf,1.133,0.0,7.521,0.0
00-0040584,2025,9,TE,Gunnar Helm,TEN,rf,6.096,1.163,12.485,2.5
00-0040737,2025,9,TE,Terrance Ferguson,LA,rf,3.456,0.0,9.844,7.4
00-0040739,2025,9,TE,Elijah Arroyo,SEA,rf,4.364,0.0,10.753,10.9
00-0024243,2025,10,TE,Marcedes Lewis,DEN,rf,0.808,0.0,7.196,0.0
00-0030061,2025,10,TE,Zach Ertz,WAS,rf,8.021,3.088,14.41,9.4
00-0032392,2025,10,TE,Austin Hooper,NE,rf,3.658,0.0,10.046,0.0
00-0033090,2025,10,TE,Hunter Henry,NE,rf,9.653,4.72,16.041,1.9
00-0033110,2025,10,TE,Tyler Higbee,LA,rf,6.549,1.616,12.937,6.300000000000001
00-0033217,2025,10,TE,Mo Alie-Cox,IND,rf,2.997,0.0,9.386,0.0
00-0033246,2025,10,TE,Johnny Mundt,JAX,rf,2.49,0.0,8.879,3.1
00-0033288,2025,10,TE,George Kittle,SF,rf,6.938,2.005,13.327,23.4
00-0033357,2025,10,TE,Taysom Hill,NO,rf,3.25,0.0,9.639,2.0
00-0033858,2025,10,TE,Jonnu Smith,PIT,rf,5.867,0.933,12.255,1.4
00-0033881,2025,10,TE,Evan Engram,DEN,rf,7.468,2.535,13.857,3.2
00-0033885,2025,10,TE,David Njoku,CLE,rf,7.547,2.614,13.935,10.1
00-0034073,2025,10,TE,Ross Dwelley,DET,rf,0.746,0.0,7.134,0.0
00-0034270,2025,10,TE,Tyler Conklin,LAC,rf,3.955,0.0,10.343,2.2
00-0034351,2025,10,TE,Dallas Goedert,PHI,rf,7.596,2.663,13.985,8.3
00-0034383,2025,10,TE,Dalton Schultz,HOU,rf,10.188,5.255,16.576,18.3
00-0034753,2025,10,TE,Mark Andrews,BAL,rf,9.469,4.535,15.857,10.4
00-0034981,2025,10,TE,Foster Moreau,NO,rf,4.094,0.0,10.482,3.6
00-0035229,2025,10,TE,T.J. Hockenson,MIN,rf,8.256,3.323,14.644,2.8
00-0035689,2025,10,TE,Dawson Knox,BUF,rf,3.365,0.0,9.754,6.7
00-0036040,2025,10,TE,Juwan Johnson,NO,rf,7.783,2.85,14.172,19.200000000000003
00-0036244,2025,10,TE,Colby Parkinson,LA,rf,4.415,0.0,10.803,14.100000000000001
00-0036290,2025,10,TE,Cole Kmet,CHI,rf,4.812,0.0,11.2,1.5
00-0036422,2025,10,TE,Adam Trautman,DEN,rf,2.975,0.0,9.363,1.2
00-0036429,2025,10,TE,Charlie Woerner,ATL,rf,2.704,0.0,9.092,2.4000000000000004
00-0036628,2025,10,TE,John Bates,WAS,rf,4.459,0.0,10.847,1.6
00-0036754,2025,10,TE,Brock Wright,DET,rf,3.791,0.0,10.179,0.0
00-0036825,2025,10,TE,Feleipe Franks,ATL,rf,1.278,0.0,7.667,0.0
00-0036876,2025,10,TE,Kylen Granson,PHI,rf,0.897,0.0,7.286,0.0
00-0036887,2025,10,TE,Luke Farrell,SF,rf,2.251,0.0,8.64,9.5
00-0036894,2025,10,TE,Pat Freiermuth,PIT,rf,6.763,1.83,13.151,6.300000000000001
00-0036970,2025,10,TE,Kyle Pitts,ATL,rf,12.153,7.22,18.541,5.800000000000001
00-0037086,2025,10,TE,Grant Calcaterra,PHI,rf,2.87,0.0,9.259,0.0
00-0037252,2025,10,TE,Greg Dulcich,MIA,rf,6.827,1.893,13.215,3.2
00-0037292,2025,10,TE,Andrew Ogletree,IND,rf,0.894,0.0,7.283,0.0
00-0037340,2025,10,TE,Zaire Mitchell-Paden,NO,rf,2.484,0.0,8.873,2.4000000000000004
00-0037475,2025,10,TE,Stone Smartt,NYJ,rf,4.053,0.0,10.441,0.0
00-0037654,2025,10,TE,Tucker Fisk,LAC,rf,2.342,0.0,8.73,1.7000000000000002
00-0037744,2025,10,TE,Trey McBride,ARI,rf,12.175,7.241,18.563,27.700000000000003
00-0037805,2025,10,TE,Jeremy Ruckert,NYJ,rf,3.252,0.0,9.64,1.0
00-0037838,2025,10,TE,Isaiah Likely,BAL,rf,4.638,0.0,11.026,3.7
00-0038046,2025,10,TE,Charlie Kolar,BAL,rf,3.529,0.0,9.917,3.3000000000000003
00-0038115,2025,10,TE,Daniel Bellinger,NYG,rf,5.253,0.32,11.642,1.8
00-0038129,2025,10,TE,Cade Otton,TB,rf,8.617,3.683,15.005,17.200000000000003
00-0038558,2025,10,TE,Darnell Washington,PIT,rf,7.67,2.737,14.059,2.5
00-0038710,2025,10,TE,Blake Whiteheart,CLE,rf,2.333,0.0,8.721,0.0
00-0038933,2025,10,TE,Dalton Kincaid,BUF,rf,11.481,6.548,17.87,5.7
00-0039041,2025,10,TE,Elijah Higgins,ARI,rf,3.578,0.0,9.967,3.9000000000000004
00-0039050,2025,10,TE,Payne Durham,TB,rf,0.968,0.0,7.356,0.0
00-0039065,2025,10,TE,Sam LaPorta,DET,rf,10.512,5.579,16.901,10.3
00-0039066,2025,10,TE,Michael Mayer,LV,rf,7.715,2.781,14.103,5.2
00-0039074,2025,10,TE,Davis Allen,LA,rf,3.757,0.0,10.146,8.8
00-0039144,2025,10,TE,Luke Musgrave,GB,rf,3.529,0.0,9.917,5.300000000000001
00-0039305,2025,10,TE,Jack Westover,NE,rf,0.864,0.0,7.253,0.0
00-0039338,2025,10,TE,Brock Bowers,LV,rf,15.309,10.376,21.698,3.7
00-0039356,2025,10,TE,Ja'Tavion Sanders,CAR,rf,4.979,0.046,11.368,8.2
00-0039793,2025,10,TE,AJ Barner,SEA,rf,6.396,1.463,12.785,0.30000000000000004
00-0039847,2025,10,TE,Theo Johnson,NYG,rf,9.06,4.127,15.449,14.5
00-0039912,2025,10,TE,Ben Sinnott,WAS,rf,2.061,0.0,8.45,7.4
00-0040126,2025,10,TE,Colston Loveland,CHI,rf,8.184,3.251,14.573,9.5
00-0040128,2025,10,TE,Tyler Warren,IND,rf,9.214,4.28,15.602,17.9
00-0040187,2025,10,TE,Mitchell Evans,CAR,rf,3.802,0.0,10.191,0.0
00-0040189,2025,10,TE,Oronde Gadsden II,LAC,rf,10.941,6.007,17.329,4.3
00-0040194,2025,10,TE,Jackson Hawes,BUF,rf,3.695,0.0,10.083,9.6
00-0040509,2025,10,TE,Ben Yurosek,MIN,rf,0.884,0.0,7.272,0.0
00-0040663,2025,10,TE,Harold Fannin Jr.,CLE,rf,9.193,4.26,15.582,8.4
00-0040736,2025,10,TE,Mason Taylor,NYJ,rf,9.816,4.883,16.205,1.4
00-0040737,2025,10,TE,Terrance Ferguson,LA,rf,5.405,0.471,11.793,4.2
00-0040739,2025,10,TE,Elijah Arroyo,SEA,rf,5.096,0.163,11.485,1.5
00-0030061,2025,11,TE,Zach Ertz,WAS,rf,8.831,3.897,15.219,8.2
00-0030506,2025,11,TE,Travis Kelce,KC,rf,11.595,6.662,17.983,24.1
00-0033090,2025,11,TE,Hunter Henry,NE,rf,7.95,3.017,14.338,8.5
00-0033110,2025,11,TE,Tyler Higbee,LA,rf,6.46,1.527,12.849,3.3000000000000003
00-0033246,2025,11,TE,Johnny Mundt,JAX,rf,3.715,0.0,10.104,4.5
00-0033288,2025,11,TE,George Kittle,SF,rf,9.743,4.81,16.132,24.7
00-0033439,2025,11,TE,Pharaoh Brown,ARI,rf,1.945,0.0,8.334,0.0
00-0033757,2025,11,TE,Robert Tonyan,KC,rf,2.128,0.0,8.516,1.1
00-0033858,2025,11,TE,Jonnu Smith,PIT,rf,5.798,0.865,12.187,0.0
00-0033881,2025,11,TE,Evan Engram,DEN,rf,6.433,1.5,12.821,7.300000000000001
00-0033885,2025,11,TE,David Njoku,CLE,rf,9.83,4.897,16.218,1.7000000000000002
00-0034351,2025,11,TE,Dallas Goedert,PHI,rf,11.877,6.943,18.265,4.4
00-0034365,2025,11,TE,Ian Thomas,LV,rf,2.228,0.0,8.617,3.0
00-0034383,2025,11,TE,Dalton Schultz,HOU,rf,10.252,5.319,16.641,11.100000000000001
00-0034613,2025,11,TE,Tanner Hudson,CIN,rf,5.063,0.13,11.451,5.2
00-0034753,2025,11,TE,Mark Andrews,BAL,rf,7.833,2.9,14.222,15.7
00-0034798,2025,11,TE,Durham Smythe,CHI,rf,1.1,0.0,7.488,1.8
00-0035229,2025,11,TE,T.J. Hockenson,MIN,rf,8.652,3.718,15.04,6.9
00-0035249,2025,11,TE,Josh Oliver,MIN,rf,3.433,0.0,9.821,0.7
00-0035644,2025,11,TE,Noah Fant,CIN,rf,8.395,3.461,14.783,6.6
00-0035689,2025,11,TE,Dawson Knox,BUF,rf,4.309,0.0,10.698,3.3000000000000003
00-0036244,2025,11,TE,Colby Parkinson,LA,rf,5.144,0.211,11.532,9.4
00-0036290,2025,11,TE,Cole Kmet,CHI,rf,4.314,0.0,10.702,9.5
00-0036332,2025,11,TE,Josiah Deguara,ARI,rf,0.838,0.0,7.227,0.0
00-0036422,2025,11,TE,Adam Trautman,DEN,rf,3.528,0.0,9.917,1.8
00-0036590,2025,11,TE,Quintin Morris,JAX,rf,0.791,0.0,7.18,2.1
00-0036637,2025,11,TE,Noah Gray,KC,rf,4.361,0.0,10.75,2.9
00-0036754,2025,11,TE,Brock Wright,DET,rf,3.203,0.0,9.592,2.8
00-0036825,2025,11,TE,Feleipe Franks,ATL,rf,1.265,0.0,7.654,0.0
00-0036876,2025,11,TE,Kylen Granson,PHI,rf,1.007,0.0,7.395,1.4
00-0036887,2025,11,TE,Luke Farrell,SF,rf,2.976,0.0,9.365,0.0
00-0036894,2025,11,TE,Pat Freiermuth,PIT,rf,6.131,1.198,12.52,2.9000000000000004
00-0036970,2025,11,TE,Kyle Pitts,ATL,rf,10.279,5.346,16.668,3.4000000000000004
00-0037005,2025,11,TE,Tommy Tremble,CAR,rf,3.767,0.0,10.155,6.4
00-0037112,2025,11,TE,Jake Tonges,SF,rf,7.973,3.04,14.362,0.0
00-0037252,2025,11,TE,Greg Dulcich,MIA,rf,5.949,1.016,12.338,3.8
00-0037306,2025,11,TE,John FitzPatrick,GB,rf,3.192,0.0,9.58,1.5
00-0037744,2025,11,TE,Trey McBride,ARI,rf,17.186,12.252,23.574,27.5
00-0037805,2025,11,TE,Jeremy Ruckert,NYJ,rf,3.345,0.0,9.733,6.300000000000001
00-0037809,2025,11,TE,Chig Okonkwo,TEN,rf,6.996,2.062,13.384,8.600000000000001
00-0037838,2025,11,TE,Isaiah Likely,BAL,rf,4.919,0.0,11.307,3.5
00-0038041,2025,11,TE,Jake Ferguson,DAL,rf,11.385,6.451,17.773,11.6
00-0038046,2025,11,TE,Charlie Kolar,BAL,rf,3.652,0.0,10.041,0.0
00-0038115,2025,11,TE,Daniel Bellinger,NYG,rf,5.249,0.316,11.638,0.0
00-0038129,2025,11,TE,Cade Otton,TB,rf,12.45,7.517,18.838,4.800000000000001
00-0038558,2025,11,TE,Darnell Washington,PIT,rf,7.006,2.073,13.395,10.7
00-0038564,2025,11,TE,Cameron Latu,PHI,rf,1.317,0.0,7.705,0.0
00-0038589,2025,11,TE,Josh Whyle,GB,rf,6.519,1.586,12.908,7.2
00-0038720,2025,11,TE,Julian Hill,MIA,rf,4.574,0.0,10.963,2.4000000000000004
00-0039041,2025,11,TE,Elijah Higgins,ARI,rf,3.995,0.0,10.383,1.1
00-0039066,2025,11,TE,Michael Mayer,LV,rf,6.214,1.281,12.602,4.3
00-0039144,2025,11,TE,Luke Musgrave,GB,rf,4.222,0.0,10.61,0.9
00-0039305,2025,11,TE,Jack Westover,NE,rf,0.791,0.0,7.18,0.0
00-0039338,2025,11,TE,Brock Bowers,LV,rf,11.677,6.744,18.065,14.2
00-0039356,2025,11,TE,Ja'Tavion Sanders,CAR,rf,6.086,1.153,12.474,6.2
00-0039530,2025,11,TE,Brevyn Spann-Ford,DAL,rf,1.816,0.0,8.205,1.4
00-0039648,2025,11,TE,David Martin-Robinson,TEN,rf,2.263,0.0,8.651,0.0
00-0039686,2025,11,TE,Colson Yankoff,WAS,rf,1.265,0.0,7.654,1.4
00-0039793,2025,11,TE,AJ Barner,SEA,rf,6.416,1.483,12.804,17.1
00-0039847,2025,11,TE,Theo Johnson,NYG,rf,8.582,3.649,14.971,6.6
00-0040058,2025,11,TE,Nick Kallerup,SEA,rf,1.897,0.0,8.286,0.0
00-0040126,2025,11,TE,Colston Loveland,CHI,rf,9.404,4.47,15.792,7.0
00-0040187,2025,11,TE,Mitchell Evans,CAR,rf,4.678,0.0,11.066,4.800000000000001
00-0040189,2025,11,TE,Oronde Gadsden II,LAC,rf,11.815,6.881,18.203,6.1000000000000005
00-0040488,2025,11,TE,Carter Runyon,LV,rf,2.909,0.0,9.297,0.0
00-0040584,2025,11,TE,Gunnar Helm,TEN,rf,5.955,1.021,12.343,6.9
00-0040663,2025,11,TE,Harold Fannin Jr.,CLE,rf,9.954,5.02,16.342,4.6
00-0040736,2025,11,TE,Mason Taylor,NYJ,rf,8.016,3.083,14.404,7.0
00-0040739,2025,11,TE,Elijah Arroyo,SEA,rf,4.247,0.0,10.636,0.0
00-0030506,2025,12,TE,Travis Kelce,KC,rf,13.278,8.345,19.666,8.4
00-0032392,2025,12,TE,Austin Hooper,NE,rf,3.397,0.0,9.786,6.9
00-0033090,2025,12,TE,Hunter Henry,NE,rf,9.271,4.338,15.66,24.5
00-0033217,2025,12,TE,Mo Alie-Cox,IND,rf,3.256,0.0,9.644,1.9
00-0033246,2025,12,TE,Johnny Mundt,JAX,rf,3.801,0.0,10.19,2.2
00-0033288,2025,12,TE,George Kittle,SF,rf,9.33,4.397,15.719,13.8
00-0033357,2025,12,TE,Taysom Hill,NO,rf,4.343,0.0,10.731,1.7000000000000002
00-0033439,2025,12,TE,Pharaoh Brown,ARI,rf,1.995,0.0,8.383,0.0
00-0033858,2025,12,TE,Jonnu Smith,PIT,rf,5.636,0.702,12.024,5.800000000000001
00-0034073,2025,12,TE,Ross Dwelley,DET,rf,1.775,0.0,8.163,0.0
00-0034351,2025,12,TE,Dallas Goedert,PHI,rf,10.404,5.47,16.792,4.0
00-0034365,2025,12,TE,Ian Thomas,LV,rf,2.7,0.0,9.089,7.6
00-0034383,2025,12,TE,Dalton Schultz,HOU,rf,11.522,6.588,17.91,1.8
00-0034613,2025,12,TE,Tanner Hudson,CIN,rf,4.936,0.003,11.325,1.9
00-0034753,2025,12,TE,Mark Andrews,BAL,rf,9.006,4.073,15.395,2.1
00-0034798,2025,12,TE,Durham Smythe,CHI,rf,3.523,0.0,9.911,1.4
00-0034829,2025,12,TE,Mike Gesicki,CIN,rf,4.449,0.0,10.838,7.5
00-0034981,2025,12,TE,Foster Moreau,NO,rf,4.204,0.0,10.593,0.0
00-0035229,2025,12,TE,T.J. Hockenson,MIN,rf,8.347,3.414,14.735,5.9
00-0035249,2025,12,TE,Josh Oliver,MIN,rf,3.887,0.0,10.276,1.4
00-0035631,2025,12,TE,Drew Sample,CIN,rf,3.572,0.0,9.961,1.0
00-0035644,2025,12,TE,Noah Fant,CIN,rf,8.397,3.464,14.786,1.9
00-0035689,2025,12,TE,Dawson Knox,BUF,rf,5.072,0.138,11.46,4.7
00-0036040,2025,12,TE,Juwan Johnson,NO,rf,10.041,5.108,16.429,10.600000000000001
00-0036244,2025,12,TE,Colby Parkinson,LA,rf,5.456,0.523,11.845,14.100000000000001
00-0036290,2025,12,TE,Cole Kmet,CHI,rf,5.473,0.539,11.861,1.3
00-0036332,2025,12,TE,Josiah Deguara,ARI,rf,0.709,0.0,7.098,1.6
00-0036429,2025,12,TE,Charlie Woerner,ATL,rf,2.574,0.0,8.962,5.4
00-0036590,2025,12,TE,Quintin Morris,JAX,rf,3.229,0.0,9.618,0.0
00-0036637,2025,12,TE,Noah Gray,KC,rf,4.512,0.0,10.9,5.5
00-0036741,2025,12,TE,Jack Stoll,NO,rf,3.986,0.0,10.375,1.7000000000000002
00-0036754,2025,12,TE,Brock Wright,DET,rf,4.361,0.0,10.75,5.9
00-0036825,2025,12,TE,Feleipe Franks,ATL,rf,1.221,0.0,7.61,0.2
00-0036887,2025,12,TE,Luke Farrell,SF,rf,2.71,0.0,9.099,1.3
00-0036894,2025,12,TE,Pat Freiermuth,PIT,rf,6.455,1.522,12.843,10.9
00-0036970,2025,12,TE,Kyle Pitts,ATL,rf,10.621,5.687,17.009,4.5
00-0037031,2025,12,TE,Nikola Kalinic,CHI,rf,0.794,0.0,7.183,0.0
00-0037086,2025,12,TE,Grant Calcaterra,PHI,rf,3.73,0.0,10.119,1.8
00-0037277,2025,12,TE,Teagan Quitoriano,ATL,rf,3.693,0.0,10.082,0.0
00-0037292,2025,12,TE,Andrew Ogletree,IND,rf,0.889,0.0,7.278,8.8
00-0037306,2025,12,TE,John FitzPatrick,GB,rf,3.317,0.0,9.706,2.1
00-0037744,2025,12,TE,Trey McBride,ARI,rf,17.612,12.679,24.001,16.9
00-0037809,2025,12,TE,Chig Okonkwo,TEN,rf,8.418,3.485,14.806,7.0
00-0037838,2025,12,TE,Isaiah Likely,BAL,rf,5.021,0.088,11.41,2.0
00-0038041,2025,12,TE,Jake Ferguson,DAL,rf,10.993,6.059,17.381,11.100000000000001
00-0038046,2025,12,TE,Charlie Kolar,BAL,rf,3.774,0.0,10.162,0.0
00-0038115,2025,12,TE,Daniel Bellinger,NYG,rf,5.178,0.244,11.566,0.0
00-0038129,2025,12,TE,Cade Otton,TB,rf,10.211,5.278,16.6,6.1
00-0038547,2025,12,TE,Luke Schoonmaker,DAL,rf,3.557,0.0,9.946,0.0
00-0038558,2025,12,TE,Darnell Washington,PIT,rf,7.292,2.358,13.68,4.2
00-0038564,2025,12,TE,Cameron Latu,PHI,rf,1.221,0.0,7.61,0.0
00-0038589,2025,12,TE,Josh Whyle,GB,rf,3.624,0.0,10.013,1.1
00-0038935,2025,12,TE,Brenton Strange,JAX,rf,8.636,3.703,15.025,14.3
00-0039041,2025,12,TE,Elijah Higgins,ARI,rf,4.805,0.0,11.193,0.0
00-0039066,2025,12,TE,Michael Mayer,LV,rf,7.122,2.189,13.51,2.4000000000000004
00-0039074,2025,12,TE,Davis Allen,LA,rf,3.936,0.0,10.325,5.9
00-0039144,2025,12,TE,Luke Musgrave,GB,rf,5.024,0.091,11.413,1.7000000000000002
00-0039338,2025,12,TE,Brock Bowers,LV,rf,12.5,7.567,18.888,11.5
00-0039356,2025,12,TE,Ja'Tavion Sanders,CAR,rf,5.755,0.822,12.144,1.6
00-0039359,2025,12,TE,Cade Stover,HOU,rf,5.403,0.47,11.792,0.0
00-0039530,2025,12,TE,Brevyn Spann-Ford,DAL,rf,1.516,0.0,7.904,7.4
00-0039793,2025,12,TE,AJ Barner,SEA,rf,7.707,2.774,14.095,3.8
00-0039847,2025,12,TE,Theo Johnson,NYG,rf,8.212,3.279,14.601,10.7
00-0040126,2025,12,TE,Colston Loveland,CHI,rf,9.506,4.573,15.895,14.9
00-0040128,2025,12,TE,Tyler Warren,IND,rf,12.04,7.107,18.429,9.5
00-0040187,2025,12,TE,Mitchell Evans,CAR,rf,4.103,0.0,10.492,0.0
00-0040194,2025,12,TE,Jackson Hawes,BUF,rf,4.288,0.0,10.677,4.6
00-0040584,2025,12,TE,Gunnar Helm,TEN,rf,5.712,0.779,12.101,11.100000000000001
00-0040663,2025,12,TE,Harold Fannin Jr.,CLE,rf,9.054,4.121,15.442,8.4
00-0040736,2025,12,TE,Mason Taylor,NYJ,rf,7.029,2.096,13.417,5.1
00-0040737,2025,12,TE,Terrance Ferguson,LA,rf,6.337,1.404,12.726,0.0
00-0040739,2025,12,TE,Elijah Arroyo,SEA,rf,4.316,0.0,10.704,1.5
00-0030061,2025,13,TE,Zach Ertz,WAS,rf,9.237,4.304,15.625,20.6
00-0030506,2025,13,TE,Travis Kelce,KC,rf,10.132,5.199,16.521,15.5
00-0031610,2025,13,TE,Darren Waller,MIA,rf,7.413,2.479,13.801,6.7
00-0033090,2025,13,TE,Hunter Henry,NE,rf,11.1,6.166,17.488,11.3
00-0033288,2025,13,TE,George Kittle,SF,rf,11.99,7.057,18.379,10.7
00-0033357,2025,13,TE,Taysom Hill,NO,rf,4.319,0.0,10.707,1.7000000000000002
00-0033455,2025,13,TE,Anthony Firkser,DET,rf,2.244,0.0,8.633,1.4
00-0033858,2025,13,TE,Jonnu Smith,PIT,rf,5.899,0.966,12.288,1.6
00-0033881,2025,13,TE,Evan Engram,DEN,rf,6.253,1.32,12.642,13.9
00-0033885,2025,13,TE,David Njoku,CLE,rf,8.876,3.942,15.264,2.4
00-0034073,2025,13,TE,Ross Dwelley,DET,rf,0.906,0.0,7.294,1.3
00-0034351,2025,13,TE,Dallas Goedert,PHI,rf,10.247,5.313,16.635,4.7
00-0034365,2025,13,TE,Ian Thomas,LV,rf,3.926,0.0,10.314,1.8
00-0034383,2025,13,TE,Dalton Schultz,HOU,rf,10.934,6.001,17.323,12.5
00-0034613,2025,13,TE,Tanner Hudson,CIN,rf,4.837,0.0,11.225,8.4
00-0034753,2025,13,TE,Mark Andrews,BAL,rf,8.492,3.558,14.88,8.7
00-0034829,2025,13,TE,Mike Gesicki,CIN,rf,6.382,1.449,12.77,3.9000000000000004
00-0034981,2025,13,TE,Foster Moreau,NO,rf,2.797,0.0,9.186,3.3
00-0035229,2025,13,TE,T.J. Hockenson,MIN,rf,6.619,1.686,13.008,11.9
00-0035631,2025,13,TE,Drew Sample,CIN,rf,3.637,0.0,10.025,2.7
00-0035644,2025,13,TE,Noah Fant,CIN,rf,7.182,2.249,13.571,1.3
00-0035689,2025,13,TE,Dawson Knox,BUF,rf,5.519,0.586,11.908,5.800000000000001
00-0036040,2025,13,TE,Juwan Johnson,NO,rf,11.922,6.989,18.31,8.9
00-0036244,2025,13,TE,Colby Parkinson,LA,rf,9.13,4.197,15.519,6.7
00-0036290,2025,13,TE,Cole Kmet,CHI,rf,4.719,0.0,11.107,12.6
00-0036422,2025,13,TE,Adam Trautman,DEN,rf,2.596,0.0,8.985,7.7
00-0036590,2025,13,TE,Quintin Morris,JAX,rf,2.276,0.0,8.664,2.4000000000000004
00-0036628,2025,13,TE,John Bates,WAS,rf,3.977,0.0,10.366,2.9
00-0036887,2025,13,TE,Luke Farrell,SF,rf,2.778,0.0,9.167,0.0
00-0036970,2025,13,TE,Kyle Pitts,ATL,rf,10.891,5.958,17.28,15.200000000000001
00-0037005,2025,13,TE,Tommy Tremble,CAR,rf,4.228,0.0,10.616,1.2
00-0037252,2025,13,TE,Greg Dulcich,MIA,rf,4.945,0.012,11.333,4.4
00-0037292,2025,13,TE,Andrew Ogletree,IND,rf,1.589,0.0,7.977,1.8
00-0037306,2025,13,TE,John FitzPatrick,GB,rf,3.787,0.0,10.176,0.0
00-0037744,2025,13,TE,Trey McBride,ARI,rf,17.306,12.373,23.695,22.200000000000003
00-0037805,2025,13,TE,Jeremy Ruckert,NYJ,rf,3.928,0.0,10.316,3.2
00-0037809,2025,13,TE,Chig Okonkwo,TEN,rf,7.685,2.752,14.074,6.9
00-0037838,2025,13,TE,Isaiah Likely,BAL,rf,5.23,0.297,11.619,12.5
00-0038041,2025,13,TE,Jake Ferguson,DAL,rf,10.363,5.43,16.751,8.6
00-0038046,2025,13,TE,Charlie Kolar,BAL,rf,4.234,0.0,10.623,2.7
00-0038129,2025,13,TE,Cade Otton,TB,rf,9.293,4.36,15.681,2.9
00-0038547,2025,13,TE,Luke Schoonmaker,DAL,rf,4.017,0.0,10.405,1.1
00-0038558,2025,13,TE,Darnell Washington,PIT,rf,6.884,1.95,13.272,6.5
00-0038564,2025,13,TE,Cameron Latu,PHI,rf,1.261,0.0,7.65,0.0
00-0038589,2025,13,TE,Josh Whyle,GB,rf,4.368,0.0,10.757,0.0
00-0038710,2025,13,TE,Blake Whiteheart,CLE,rf,1.628,0.0,8.016,0.0
00-0038720,2025,13,TE,Julian Hill,MIA,rf,4.386,0.0,10.775,0.0
00-0038935,2025,13,TE,Brenton Strange,JAX,rf,10.611,5.677,16.999,13.5
00-0039041,2025,13,TE,Elijah Higgins,ARI,rf,4.056,0.0,10.445,3.7
00-0039050,2025,13,TE,Payne Durham,TB,rf,1.178,0.0,7.567,2.1
00-0039074,2025,13,TE,Davis Allen,LA,rf,4.156,0.0,10.544,1.4
00-0039144,2025,13,TE,Luke Musgrave,GB,rf,4.819,0.0,11.207,3.3000000000000003
00-0039338,2025,13,TE,Brock Bowers,LV,rf,13.402,8.469,19.791,22.3
00-0039356,2025,13,TE,Ja'Tavion Sanders,CAR,rf,4.7,0.0,11.089,0.0
00-0039359,2025,13,TE,Cade Stover,HOU,rf,3.802,0.0,10.191,3.9000000000000004
00-0039530,2025,13,TE,Brevyn Spann-Ford,DAL,rf,1.969,0.0,8.358,0.0
00-0039648,2025,13,TE,David Martin-Robinson,TEN,rf,1.971,0.0,8.359,0.0
00-0039686,2025,13,TE,Colson Yankoff,WAS,rf,1.17,0.0,7.559,2.4000000000000004
00-0039754,2025,13,TE,Devin Culp,TB,rf,3.41,0.0,9.798,0.0
00-0039793,2025,13,TE,AJ Barner,SEA,rf,7.158,2.224,13.546,7.7
00-0039824,2025,13,TE,Jared Wiley,KC,rf,1.469,0.0,7.857,1.4
00-0039847,2025,13,TE,Theo Johnson,NYG,rf,9.6,4.667,15.989,5.9
00-0040058,2025,13,TE,Nick Kallerup,SEA,rf,1.186,0.0,7.574,0.0
00-0040126,2025,13,TE,Colston Loveland,CHI,rf,9.234,4.3,15.622,5.800000000000001
00-0040128,2025,13,TE,Tyler Warren,IND,rf,11.644,6.711,18.033,11.2
00-0040187,2025,13,TE,Mitchell Evans,CAR,rf,3.964,0.0,10.352,5.0
00-0040189,2025,13,TE,Oronde Gadsden II,LAC,rf,11.482,6.548,17.87,3.7
00-0040194,2025,13,TE,Jackson Hawes,BUF,rf,3.641,0.0,10.029,2.0
00-0040584,2025,13,TE,Gunnar Helm,TEN,rf,6.186,1.253,12.575,8.3
00-0040663,2025,13,TE,Harold Fannin Jr.,CLE,rf,9.727,4.794,16.116,11.3
00-0040736,2025,13,TE,Mason Taylor,NYJ,rf,7.44,2.506,13.828,4.1
00-0040737,2025,13,TE,Terrance Ferguson,LA,rf,4.701,0.0,11.089,0.0
00-0040739,2025,13,TE,Elijah Arroyo,SEA,rf,4.157,0.0,10.545,0.0
00-0030061,2025,14,TE,Zach Ertz,WAS,rf,11.795,6.862,18.184,2.1
00-0030506,2025,14,TE,Travis Kelce,KC,rf,10.349,5.415,16.737,1.8
00-0031610,2025,14,TE,Darren Waller,MIA,rf,5.309,0.376,11.698,2.7
00-0033217,2025,14,TE,Mo Alie-Cox,IND,rf,3.209,0.0,9.598,0.0
00-0033357,2025,14,TE,Taysom Hill,NO,rf,3.825,0.0,10.213,-0.1
00-0033439,2025,14,TE,Pharaoh Brown,ARI,rf,0.698,0.0,7.086,0.0
00-0033455,2025,14,TE,Anthony Firkser,DET,rf,2.074,0.0,8.462,1.7000000000000002
00-0033858,2025,14,TE,Jonnu Smith,PIT,rf,5.126,0.193,11.514,0.0
00-0033881,2025,14,TE,Evan Engram,DEN,rf,7.793,2.86,14.181,2.8
00-0033885,2025,14,TE,David Njoku,CLE,rf,8.671,3.737,15.059,7.1
00-0034073,2025,14,TE,Ross Dwelley,DET,rf,2.548,0.0,8.937,1.4
00-0034159,2025,14,TE,Will Dissly,LAC,rf,4.043,0.0,10.432,1.1
00-0034351,2025,14,TE,Dallas Goedert,PHI,rf,10.229,5.295,16.617,15.8
00-0034365,2025,14,TE,Ian Thomas,LV,rf,4.029,0.0,10.417,3.7
00-0034383,2025,14,TE,Dalton Schultz,HOU,rf,10.024,5.091,16.413,5.2
00-0034613,2025,14,TE,Tanner Hudson,CIN,rf,4.892,0.0,11.281,2.1
00-0034753,2025,14,TE,Mark Andrews,BAL,rf,8.544,3.611,14.932,1.9
00-0034798,2025,14,TE,Durham Smythe,CHI,rf,3.049,0.0,9.438,1.2
00-0034829,2025,14,TE,Mike Gesicki,CIN,rf,6.742,1.809,13.131,20.6
00-0034981,2025,14,TE,Foster Moreau,NO,rf,3.219,0.0,9.608,2.6
00-0035229,2025,14,TE,T.J. Hockenson,MIN,rf,8.719,3.786,15.108,9.2
00-0035249,2025,14,TE,Josh Oliver,MIN,rf,3.844,0.0,10.233,16.4
00-0035644,2025,14,TE,Noah Fant,CIN,rf,5.684,0.751,12.073,2.5
00-0035689,2025,14,TE,Dawson Knox,BUF,rf,6.129,1.195,12.517,17.3
00-0036040,2025,14,TE,Juwan Johnson,NO,rf,11.005,6.072,17.394,7.800000000000001
00-0036244,2025,14,TE,Colby Parkinson,LA,rf,7.507,2.573,13.895,12.2
00-0036290,2025,14,TE,Cole Kmet,CHI,rf,5.933,1.0,12.322,6.2
00-0036332,2025,14,TE,Josiah Deguara,ARI,rf,0.648,0.0,7.036,0.0
00-0036422,2025,14,TE,Adam Trautman,DEN,rf,4.435,0.0,10.824,3.7
00-0036590,2025,14,TE,Quintin Morris,JAX,rf,2.205,0.0,8.593,0.0
00-0036628,2025,14,TE,John Bates,WAS,rf,3.848,0.0,10.236,0.0
00-0036637,2025,14,TE,Noah Gray,KC,rf,4.442,0.0,10.831,2.4000000000000004
00-0036741,2025,14,TE,Jack Stoll,NO,rf,3.747,0.0,10.136,0.0
00-0036825,2025,14,TE,Feleipe Franks,ATL,rf,1.216,0.0,7.605,0.0
00-0036876,2025,14,TE,Kylen Granson,PHI,rf,1.898,0.0,8.286,0.0
00-0036894,2025,14,TE,Pat Freiermuth,PIT,rf,5.514,0.581,11.903,2.9
00-0036970,2025,14,TE,Kyle Pitts,ATL,rf,10.184,5.251,16.573,15.0
00-0037252,2025,14,TE,Greg Dulcich,MIA,rf,4.706,0.0,11.094,7.1000000000000005
00-0037292,2025,14,TE,Andrew Ogletree,IND,rf,1.693,0.0,8.082,0.0
00-0037306,2025,14,TE,John FitzPatrick,GB,rf,1.862,0.0,8.25,3.4000000000000004
00-0037475,2025,14,TE,Stone Smartt,NYJ,rf,3.457,0.0,9.845,0.0
00-0037744,2025,14,TE,Trey McBride,ARI,rf,16.259,11.325,22.647,10.8
00-0037805,2025,14,TE,Jeremy Ruckert,NYJ,rf,3.638,0.0,10.026,3.9000000000000004
00-0037809,2025,14,TE,Chig Okonkwo,TEN,rf,8.636,3.702,15.024,4.0
00-0037838,2025,14,TE,Isaiah Likely,BAL,rf,7.256,2.322,13.644,12.5
00-0038041,2025,14,TE,Jake Ferguson,DAL,rf,10.123,5.19,16.512,10.8
00-0038046,2025,14,TE,Charlie Kolar,BAL,rf,3.923,0.0,10.312,2.9000000000000004
00-0038129,2025,14,TE,Cade Otton,TB,rf,10.557,5.623,16.945,4.9
00-0038547,2025,14,TE,Luke Schoonmaker,DAL,rf,3.017,0.0,9.405,2.2
00-0038558,2025,14,TE,Darnell Washington,PIT,rf,7.654,2.721,14.042,2.2
00-0038564,2025,14,TE,Cameron Latu,PHI,rf,1.216,0.0,7.605,0.0
00-0038589,2025,14,TE,Josh Whyle,GB,rf,3.558,0.0,9.946,3.1
00-0038710,2025,14,TE,Blake Whiteheart,CLE,rf,1.03,0.0,7.418,0.0
00-0038809,2025,14,TE,Ben Sims,MIN,rf,1.632,0.0,8.02,1.9
00-0038933,2025,14,TE,Dalton Kincaid,BUF,rf,11.085,6.152,17.474,14.100000000000001
00-0038935,2025,14,TE,Brenton Strange,JAX,rf,10.428,5.494,16.816,5.7
00-0039041,2025,14,TE,Elijah Higgins,ARI,rf,4.149,0.0,10.537,1.0
00-0039050,2025,14,TE,Payne Durham,TB,rf,1.782,0.0,8.171,0.0
00-0039074,2025,14,TE,Davis Allen,LA,rf,4.353,0.0,10.742,4.1
00-0039144,2025,14,TE,Luke Musgrave,GB,rf,4.721,0.0,11.11,4.2
00-0039338,2025,14,TE,Brock Bowers,LV,rf,12.956,8.023,19.345,14.600000000000001
00-0039530,2025,14,TE,Brevyn Spann-Ford,DAL,rf,1.419,0.0,7.807,1.7000000000000002
00-0039648,2025,14,TE,David Martin-Robinson,TEN,rf,1.456,0.0,7.844,1.6
00-0039686,2025,14,TE,Colson Yankoff,WAS,rf,2.025,0.0,8.413,0.0
00-0039793,2025,14,TE,AJ Barner,SEA,rf,7.75,2.817,14.139,5.7
00-0039912,2025,14,TE,Ben Sinnott,WAS,rf,2.951,0.0,9.339,1.8
00-0040126,2025,14,TE,Colston Loveland,CHI,rf,10.81,5.877,17.199,12.9
00-0040128,2025,14,TE,Tyler Warren,IND,rf,10.29,5.357,16.678,3.7
00-0040189,2025,14,TE,Oronde Gadsden II,LAC,rf,10.885,5.952,17.273,1.7000000000000002
00-0040194,2025,14,TE,Jackson Hawes,BUF,rf,4.055,0.0,10.443,7.3
00-0040584,2025,14,TE,Gunnar Helm,TEN,rf,7.291,2.358,13.68,1.8
00-0040663,2025,14,TE,Harold Fannin Jr.,CLE,rf,10.612,5.679,17.001,25.4
00-0040736,2025,14,TE,Mason Taylor,NYJ,rf,6.043,1.11,12.432,10.100000000000001
00-0040737,2025,14,TE,Terrance Ferguson,LA,rf,5.434,0.5,11.822,0.0
00-0040739,2025,14,TE,Elijah Arroyo,SEA,rf,4.066,0.0,10.454,0.0
00-0030506,2025,15,TE,Travis Kelce,KC,rf,11.407,6.474,17.796,14.0
00-0031610,2025,15,TE,Darren Waller,MIA,rf,5.405,0.471,11.793,25.6
00-0033090,2025,15,TE,Hunter Henry,NE,rf,13.851,8.918,20.24,2.8
00-0033288,2025,15,TE,George Kittle,SF,rf,11.471,6.537,17.859,22.8
00-0033357,2025,15,TE,Taysom Hill,NO,rf,3.765,0.0,10.153,0.2
00-0033439,2025,15,TE,Pharaoh Brown,ARI,rf,0.572,0.0,6.96,2.1
00-0033576,2025,15,TE,Eric Saubert,SEA,rf,2.076,0.0,8.464,1.9
00-0033858,2025,15,TE,Jonnu Smith,PIT,rf,4.256,0.0,10.644,10.6
00-0033881,2025,15,TE,Evan Engram,DEN,rf,7.616,2.682,14.004,2.2
00-0034351,2025,15,TE,Dallas Goedert,PHI,rf,10.494,5.561,16.883,25.0
00-0034383,2025,15,TE,Dalton Schultz,HOU,rf,10.456,5.522,16.844,21.6
00-0034613,2025,15,TE,Tanner Hudson,CIN,rf,4.702,0.0,11.091,4.6
00-0034753,2025,15,TE,Mark Andrews,BAL,rf,7.322,2.388,13.71,3.8
00-0034798,2025,15,TE,Durham Smythe,CHI,rf,2.891,0.0,9.28,0.0
00-0034829,2025,15,TE,Mike Gesicki,CIN,rf,7.349,2.416,13.737,2.1
00-0035229,2025,15,TE,T.J. Hockenson,MIN,rf,8.025,3.091,14.413,10.600000000000001
00-0035249,2025,15,TE,Josh Oliver,MIN,rf,4.303,0.0,10.691,2.8
00-0035631,2025,15,TE,Drew Sample,CIN,rf,2.513,0.0,8.901,3.2
00-0035689,2025,15,TE,Dawson Knox,BUF,rf,6.15,1.216,12.538,18.7
00-0035956,2025,15,TE,Giovanni Ricci,DET,rf,0.675,0.0,7.063,0.0
00-0036040,2025,15,TE,Juwan Johnson,NO,rf,10.031,5.098,16.42,7.0
00-0036244,2025,15,TE,Colby Parkinson,LA,rf,8.324,3.39,14.712,24.5
00-0036290,2025,15,TE,Cole Kmet,CHI,rf,6.226,1.293,12.615,4.800000000000001
00-0036429,2025,15,TE,Charlie Woerner,ATL,rf,2.32,0.0,8.708,3.2
00-0036590,2025,15,TE,Quintin Morris,JAX,rf,1.512,0.0,7.901,4.0
00-0036628,2025,15,TE,John Bates,WAS,rf,2.75,0.0,9.138,2.9000000000000004
00-0036741,2025,15,TE,Jack Stoll,NO,rf,3.07,0.0,9.459,1.7000000000000002
00-0036876,2025,15,TE,Kylen Granson,PHI,rf,1.225,0.0,7.614,0.0
00-0036894,2025,15,TE,Pat Freiermuth,PIT,rf,5.248,0.315,11.636,7.5
00-0036970,2025,15,TE,Kyle Pitts,ATL,rf,9.817,4.884,16.206,45.6
00-0037005,2025,15,TE,Tommy Tremble,CAR,rf,3.991,0.0,10.38,3.3
00-0037086,2025,15,TE,Grant Calcaterra,PHI,rf,3.02,0.0,9.409,1.4
00-0037252,2025,15,TE,Greg Dulcich,MIA,rf,5.803,0.87,12.192,6.6000000000000005
00-0037306,2025,15,TE,John FitzPatrick,GB,rf,2.16,0.0,8.548,4.8
00-0037475,2025,15,TE,Stone Smartt,NYJ,rf,2.503,0.0,8.891,0.0
00-0037744,2025,15,TE,Trey McBride,ARI,rf,18.318,13.385,24.707,37.4
00-0037805,2025,15,TE,Jeremy Ruckert,NYJ,rf,4.157,0.0,10.545,3.3
00-0037809,2025,15,TE,Chig Okonkwo,TEN,rf,7.529,2.595,13.917,7.300000000000001
00-0038041,2025,15,TE,Jake Ferguson,DAL,rf,12.103,7.169,18.491,3.6
00-0038046,2025,15,TE,Charlie Kolar,BAL,rf,3.036,0.0,9.425,0.0
00-0038115,2025,15,TE,Daniel Bellinger,NYG,rf,4.452,0.0,10.84,6.5
00-0038547,2025,15,TE,Luke Schoonmaker,DAL,rf,3.527,0.0,9.915,3.9000000000000004
00-0038558,2025,15,TE,Darnell Washington,PIT,rf,5.475,0.541,11.863,5.5
00-0038720,2025,15,TE,Julian Hill,MIA,rf,4.606,0.0,10.994,4.5
00-0038933,2025,15,TE,Dalton Kincaid,BUF,rf,9.749,4.815,16.137,6.4
00-0038935,2025,15,TE,Brenton Strange,JAX,rf,9.354,4.42,15.742,3.6
00-0039041,2025,15,TE,Elijah Higgins,ARI,rf,4.121,0.0,10.51,1.3
00-0039066,2025,15,TE,Michael Mayer,LV,rf,5.59,0.656,11.978,0.0
00-0039074,2025,15,TE,Davis Allen,LA,rf,4.57,0.0,10.958,4.6
00-0039144,2025,15,TE,Luke Musgrave,GB,rf,5.073,0.14,11.462,9.2
00-0039338,2025,15,TE,Brock Bowers,LV,rf,10.294,5.361,16.683,8.8
00-0039356,2025,15,TE,Ja'Tavion Sanders,CAR,rf,4.516,0.0,10.904,2.5
00-0039359,2025,15,TE,Cade Stover,HOU,rf,4.197,0.0,10.586,5.2
00-0039458,2025,15,TE,Brenden Bates,CLE,rf,3.864,0.0,10.252,0.0
00-0039530,2025,15,TE,Brevyn Spann-Ford,DAL,rf,1.981,0.0,8.369,0.0
00-0039648,2025,15,TE,David Martin-Robinson,TEN,rf,1.44,0.0,7.829,0.0
00-0039686,2025,15,TE,Colson Yankoff,WAS,rf,1.645,0.0,8.033,0.0
00-0039754,2025,15,TE,Devin Culp,TB,rf,1.939,0.0,8.327,7.6
00-0039793,2025,15,TE,AJ Barner,SEA,rf,7.823,2.889,14.211,5.7
00-0039847,2025,15,TE,Theo Johnson,NYG,rf,10.841,5.908,17.229,10.2
00-0039912,2025,15,TE,Ben Sinnott,WAS,rf,2.907,0.0,9.296,4.6
00-0040058,2025,15,TE,Nick Kallerup,SEA,rf,0.685,0.0,7.073,0.0
00-0040126,2025,15,TE,Colston Loveland,CHI,rf,8.081,3.147,14.469,10.100000000000001
00-0040128,2025,15,TE,Tyler Warren,IND,rf,10.945,6.012,17.333,4.9
00-0040187,2025,15,TE,Mitchell Evans,CAR,rf,3.744,0.0,10.132,0.0
00-0040189,2025,15,TE,Oronde Gadsden II,LAC,rf,8.987,4.053,15.375,10.100000000000001
00-0040194,2025,15,TE,Jackson Hawes,BUF,rf,4.089,0.0,10.478,1.9
00-0040584,2025,15,TE,Gunnar Helm,TEN,rf,6.564,1.63,12.952,14.9
00-0040663,2025,15,TE,Harold Fannin Jr.,CLE,rf,11.414,6.481,17.803,12.0
00-0040737,2025,15,TE,Terrance Ferguson,LA,rf,4.495,0.0,10.883,1.6
00-0030506,2025,16,TE,Travis Kelce,KC,rf,11.643,6.71,18.032,1.6
00-0031484,2025,16,TE,Chris Manhertz,NYG,rf,1.443,0.0,7.832,0.0
00-0031610,2025,16,TE,Darren Waller,MIA,rf,8.243,3.31,14.632,7.0
00-0032392,2025,16,TE,Austin Hooper,NE,rf,5.003,0.07,11.391,5.4
00-0033090,2025,16,TE,Hunter Henry,NE,rf,11.034,6.101,17.423,15.5
00-0033217,2025,16,TE,Mo Alie-Cox,IND,rf,3.54,0.0,9.928,3.6
00-0033288,2025,16,TE,George Kittle,SF,rf,15.166,10.233,21.555,24.5
00-0033357,2025,16,TE,Taysom Hill,NO,rf,2.284,0.0,8.672,15.32
00-0033455,2025,16,TE,Anthony Firkser,DET,rf,2.577,0.0,8.966,8.0
00-0033576,2025,16,TE,Eric Saubert,SEA,rf,1.329,0.0,7.717,2.0
00-0033858,2025,16,TE,Jonnu Smith,PIT,rf,4.759,0.0,11.148,2.8000000000000003
00-0033881,2025,16,TE,Evan Engram,DEN,rf,7.631,2.698,14.019,5.6
00-0034159,2025,16,TE,Will Dissly,LAC,rf,1.785,0.0,8.174,5.800000000000001
00-0034351,2025,16,TE,Dallas Goedert,PHI,rf,9.967,5.033,16.355,12.2
00-0034383,2025,16,TE,Dalton Schultz,HOU,rf,11.097,6.163,17.485,14.5
00-0034613,2025,16,TE,Tanner Hudson,CIN,rf,5.244,0.311,11.633,1.4
00-0034753,2025,16,TE,Mark Andrews,BAL,rf,6.427,1.494,12.816,4.4
00-0034829,2025,16,TE,Mike Gesicki,CIN,rf,6.783,1.85,13.172,12.5
00-0034981,2025,16,TE,Foster Moreau,NO,rf,2.765,0.0,9.153,1.5
00-0035229,2025,16,TE,T.J. Hockenson,MIN,rf,8.758,3.825,15.146,1.2
00-0035249,2025,16,TE,Josh Oliver,MIN,rf,4.132,0.0,10.52,3.9000000000000004
00-0035631,2025,16,TE,Drew Sample,CIN,rf,2.861,0.0,9.25,5.1
00-0035689,2025,16,TE,Dawson Knox,BUF,rf,6.497,1.564,12.885,2.0
00-0036040,2025,16,TE,Juwan Johnson,NO,rf,10.105,5.172,16.494,16.9
00-0036244,2025,16,TE,Colby Parkinson,LA,rf,7.592,2.658,13.98,4.1
00-0036290,2025,16,TE,Cole Kmet,CHI,rf,5.936,1.002,12.324,3.4000000000000004
00-0036332,2025,16,TE,Josiah Deguara,ARI,rf,1.21,0.0,7.598,0.0
00-0036422,2025,16,TE,Adam Trautman,DEN,rf,4.084,0.0,10.473,3.4000000000000004
00-0036429,2025,16,TE,Charlie Woerner,ATL,rf,3.374,0.0,9.763,1.3
00-0036534,2025,16,TE,Shane Zylstra,DET,rf,3.564,0.0,9.953,5.0
00-0036590,2025,16,TE,Quintin Morris,JAX,rf,2.761,0.0,9.149,1.5
00-0036628,2025,16,TE,John Bates,WAS,rf,3.768,0.0,10.157,0.0
00-0036637,2025,16,TE,Noah Gray,KC,rf,4.464,0.0,10.852,0.0
00-0036741,2025,16,TE,Jack Stoll,NO,rf,2.187,0.0,8.576,1.4
00-0036876,2025,16,TE,Kylen Granson,PHI,rf,1.147,0.0,7.535,0.0
00-0036887,2025,16,TE,Luke Farrell,SF,rf,3.549,0.0,9.937,0.0
00-0036894,2025,16,TE,Pat Freiermuth,PIT,rf,5.862,0.929,12.251,6.0
00-0036970,2025,16,TE,Kyle Pitts,ATL,rf,13.148,8.215,19.537,18.7
00-0037005,2025,16,TE,Tommy Tremble,CAR,rf,4.775,0.0,11.163,1.6
00-0037112,2025,16,TE,Jake Tonges,SF,rf,8.862,3.929,15.25,1.7000000000000002
00-0037252,2025,16,TE,Greg Dulcich,MIA,rf,4.957,0.023,11.345,5.6000000000000005
00-0037292,2025,16,TE,Andrew Ogletree,IND,rf,1.67,0.0,8.059,2.1
00-0037306,2025,16,TE,John FitzPatrick,GB,rf,3.729,0.0,10.117,0.0
00-0037475,2025,16,TE,Stone Smartt,NYJ,rf,1.071,0.0,7.46,8.4
00-0037744,2025,16,TE,Trey McBride,ARI,rf,16.404,11.47,22.792,6.7
00-0037755,2025,16,TE,Jelani Woods,NYJ,rf,5.325,0.392,11.714,0.0
00-0037805,2025,16,TE,Jeremy Ruckert,NYJ,rf,4.15,0.0,10.539,3.4000000000000004
00-0037809,2025,16,TE,Chig Okonkwo,TEN,rf,9.323,4.39,15.712,16.4
00-0037838,2025,16,TE,Isaiah Likely,BAL,rf,6.114,1.181,12.503,0.0
00-0038041,2025,16,TE,Jake Ferguson,DAL,rf,9.629,4.695,16.017,4.9
00-0038046,2025,16,TE,Charlie Kolar,BAL,rf,2.487,0.0,8.876,2.8
00-0038129,2025,16,TE,Cade Otton,TB,rf,9.736,4.802,16.124,3.5
00-0038558,2025,16,TE,Darnell Washington,PIT,rf,6.423,1.49,12.811,4.6
00-0038783,2025,16,TE,Nate Adkins,DEN,rf,3.888,0.0,10.276,0.0
00-0038933,2025,16,TE,Dalton Kincaid,BUF,rf,11.659,6.725,18.047,0.0
00-0038935,2025,16,TE,Brenton Strange,JAX,rf,10.072,5.139,16.46,14.9
00-0039041,2025,16,TE,Elijah Higgins,ARI,rf,3.457,0.0,9.846,16.1
00-0039066,2025,16,TE,Michael Mayer,LV,rf,5.126,0.193,11.514,2.0
00-0039074,2025,16,TE,Davis Allen,LA,rf,4.692,0.0,11.081,5.4
00-0039144,2025,16,TE,Luke Musgrave,GB,rf,6.117,1.183,12.505,6.800000000000001
00-0039338,2025,16,TE,Brock Bowers,LV,rf,11.757,6.824,18.146,14.3
00-0039356,2025,16,TE,Ja'Tavion Sanders,CAR,rf,4.115,0.0,10.503,8.9
00-0039359,2025,16,TE,Cade Stover,HOU,rf,4.057,0.0,10.445,2.7
00-0039458,2025,16,TE,Brenden Bates,CLE,rf,1.812,0.0,8.2,0.0
00-0039530,2025,16,TE,Brevyn Spann-Ford,DAL,rf,2.073,0.0,8.461,0.0
00-0039631,2025,16,TE,Cam Grandy,CIN,rf,2.159,0.0,8.547,1.1
00-0039648,2025,16,TE,David Martin-Robinson,TEN,rf,1.367,0.0,7.755,0.0
00-0039793,2025,16,TE,AJ Barner,SEA,rf,8.844,3.911,15.233,15.0
00-0039847,2025,16,TE,Theo Johnson,NYG,rf,10.495,5.561,16.883,0.0
00-0039912,2025,16,TE,Ben Sinnott,WAS,rf,3.018,0.0,9.406,1.5
00-0040126,2025,16,TE,Colston Loveland,CHI,rf,9.798,4.865,16.187,6.0
00-0040128,2025,16,TE,Tyler Warren,IND,rf,11.131,6.198,17.52,6.0
00-0040187,2025,16,TE,Mitchell Evans,CAR,rf,3.561,0.0,9.95,5.300000000000001
00-0040189,2025,16,TE,Oronde Gadsden II,LAC,rf,8.838,3.905,15.227,1.7000000000000002
00-0040194,2025,16,TE,Jackson Hawes,BUF,rf,4.166,0.0,10.555,4.6
00-0040488,2025,16,TE,Carter Runyon,LV,rf,1.638,0.0,8.026,0.0
00-0040584,2025,16,TE,Gunnar Helm,TEN,rf,7.057,2.124,13.446,2.9
00-0040663,2025,16,TE,Harold Fannin Jr.,CLE,rf,11.381,6.448,17.769,19.5
00-0040737,2025,16,TE,Terrance Ferguson,LA,rf,5.113,0.179,11.501,12.3
00-0030506,2025,17,TE,Travis Kelce,KC,rf,11.707,6.774,18.095,8.6
00-0031610,2025,17,TE,Darren Waller,MIA,rf,8.354,3.421,14.742,1.0
00-0032392,2025,17,TE,Austin Hooper,NE,rf,5.522,0.589,11.91,9.1
00-0033090,2025,17,TE,Hunter Henry,NE,rf,10.665,5.731,17.053,13.9
00-0033217,2025,17,TE,Mo Alie-Cox,IND,rf,2.901,0.0,9.29,11.0
00-0033246,2025,17,TE,Johnny Mundt,JAX,rf,4.583,0.0,10.971,0.0
00-0033357,2025,17,TE,Taysom Hill,NO,rf,4.64,0.0,11.028,0.0
00-0033455,2025,17,TE,Anthony Firkser,DET,rf,3.327,0.0,9.715,0.0
00-0033576,2025,17,TE,Eric Saubert,SEA,rf,1.198,0.0,7.586,0.0
00-0033858,2025,17,TE,Jonnu Smith,PIT,rf,4.834,0.0,11.222,7.7
00-0033881,2025,17,TE,Evan Engram,DEN,rf,7.93,2.996,14.318,6.1
00-0034159,2025,17,TE,Will Dissly,LAC,rf,3.971,0.0,10.359,3.9000000000000004
00-0034351,2025,17,TE,Dallas Goedert,PHI,rf,9.134,4.2,15.522,9.8
00-0034383,2025,17,TE,Dalton Schultz,HOU,rf,8.982,4.048,15.37,4.9
00-0034613,2025,17,TE,Tanner Hudson,CIN,rf,4.19,0.0,10.579,5.1
00-0034753,2025,17,TE,Mark Andrews,BAL,rf,6.612,1.679,13.001,6.800000000000001
00-0034798,2025,17,TE,Durham Smythe,CHI,rf,2.111,0.0,8.499,2.1
00-0034829,2025,17,TE,Mike Gesicki,CIN,rf,7.018,2.085,13.407,6.7
00-0035249,2025,17,TE,Josh Oliver,MIN,rf,3.949,0.0,10.337,1.8
00-0035631,2025,17,TE,Drew Sample,CIN,rf,3.158,0.0,9.546,1.8
00-0035644,2025,17,TE,Noah Fant,CIN,rf,6.56,1.627,12.949,0.0
00-0035689,2025,17,TE,Dawson Knox,BUF,rf,6.67,1.737,13.059,8.0
00-0035956,2025,17,TE,Giovanni Ricci,DET,rf,0.632,0.0,7.02,0.0
00-0036040,2025,17,TE,Juwan Johnson,NO,rf,11.706,6.773,18.094,13.5
00-0036244,2025,17,TE,Colby Parkinson,LA,rf,7.589,2.655,13.977,11.3
00-0036290,2025,17,TE,Cole Kmet,CHI,rf,4.992,0.058,11.38,3.6
00-0036332,2025,17,TE,Josiah Deguara,ARI,rf,1.799,0.0,8.188,0.0
00-0036422,2025,17,TE,Adam Trautman,DEN,rf,4.892,0.0,11.281,4.4
00-0036429,2025,17,TE,Charlie Woerner,ATL,rf,3.604,0.0,9.992,0.0
00-0036590,2025,17,TE,Quintin Morris,JAX,rf,2.243,0.0,8.632,0.0
00-0036637,2025,17,TE,Noah Gray,KC,rf,4.743,0.0,11.132,1.2
00-0036876,2025,17,TE,Kylen Granson,PHI,rf,0.726,0.0,7.115,0.0
00-0036894,2025,17,TE,Pat Freiermuth,PIT,rf,5.538,0.604,11.926,9.3
00-0036970,2025,17,TE,Kyle Pitts,ATL,rf,14.698,9.764,21.086,3.6
00-0037005,2025,17,TE,Tommy Tremble,CAR,rf,4.155,0.0,10.544,1.6
00-0037086,2025,17,TE,Grant Calcaterra,PHI,rf,3.478,0.0,9.867,1.3
00-0037112,2025,17,TE,Jake Tonges,SF,rf,7.671,2.738,14.06,19.0
00-0037252,2025,17,TE,Greg Dulcich,MIA,rf,5.707,0.773,12.095,16.1
00-0037277,2025,17,TE,Teagan Quitoriano,ATL,rf,3.157,0.0,9.545,0.0
00-0037475,2025,17,TE,Stone Smartt,NYJ,rf,2.987,0.0,9.376,3.8
00-0037744,2025,17,TE,Trey McBride,ARI,rf,16.949,12.016,23.337,23.6
00-0037755,2025,17,TE,Jelani Woods,NYJ,rf,4.615,0.0,11.003,1.4
00-0037805,2025,17,TE,Jeremy Ruckert,NYJ,rf,4.577,0.0,10.966,1.2
00-0037809,2025,17,TE,Chig Okonkwo,TEN,rf,8.574,3.641,14.962,14.5
00-0037838,2025,17,TE,Isaiah Likely,BAL,rf,6.41,1.477,12.798,5.7
00-0038041,2025,17,TE,Jake Ferguson,DAL,rf,9.192,4.259,15.581,7.6
00-0038046,2025,17,TE,Charlie Kolar,BAL,rf,2.651,0.0,9.04,0.0
00-0038115,2025,17,TE,Daniel Bellinger,NYG,rf,4.615,0.0,11.004,3.1
00-0038129,2025,17,TE,Cade Otton,TB,rf,6.978,2.045,13.367,7.300000000000001
00-0038394,2025,17,TE,Will Mallory,IND,rf,2.083,0.0,8.471,2.6
00-0038547,2025,17,TE,Luke Schoonmaker,DAL,rf,3.231,0.0,9.619,3.5
00-0038558,2025,17,TE,Darnell Washington,PIT,rf,5.478,0.544,11.866,3.5
00-0038589,2025,17,TE,Josh Whyle,GB,rf,4.127,0.0,10.515,1.8
00-0038643,2025,17,TE,Brayden Willis,SF,rf,1.153,0.0,7.541,0.0
00-0038710,2025,17,TE,Blake Whiteheart,CLE,rf,0.83,0.0,7.219,0.0
00-0038720,2025,17,TE,Julian Hill,MIA,rf,3.281,0.0,9.669,2.6
00-0038809,2025,17,TE,Ben Sims,MIN,rf,2.309,0.0,8.697,1.3
00-0038935,2025,17,TE,Brenton Strange,JAX,rf,9.898,4.965,16.287,8.4
00-0039041,2025,17,TE,Elijah Higgins,ARI,rf,4.917,0.0,11.306,0.0
00-0039066,2025,17,TE,Michael Mayer,LV,rf,4.729,0.0,11.117,17.9
00-0039458,2025,17,TE,Brenden Bates,CLE,rf,2.594,0.0,8.983,2.9000000000000004
00-0039530,2025,17,TE,Brevyn Spann-Ford,DAL,rf,1.791,0.0,8.18,4.1
00-0039648,2025,17,TE,David Martin-Robinson,TEN,rf,1.376,0.0,7.764,1.9
00-0039793,2025,17,TE,AJ Barner,SEA,rf,7.895,2.961,14.283,13.3
00-0039912,2025,17,TE,Ben Sinnott,WAS,rf,3.546,0.0,9.934,5.9
00-0040126,2025,17,TE,Colston Loveland,CHI,rf,9.385,4.451,15.773,21.4
00-0040128,2025,17,TE,Tyler Warren,IND,rf,11.275,6.342,17.664,9.3
00-0040187,2025,17,TE,Mitchell Evans,CAR,rf,3.667,0.0,10.055,1.6
00-0040189,2025,17,TE,Oronde Gadsden II,LAC,rf,7.861,2.927,14.249,12.2
00-0040363,2025,17,TE,Keleki Latu,BUF,rf,2.401,0.0,8.789,0.0
00-0040584,2025,17,TE,Gunnar Helm,TEN,rf,7.124,2.191,13.513,1.1
00-0040663,2025,17,TE,Harold Fannin Jr.,CLE,rf,10.867,5.933,17.255,11.0
00-0040737,2025,17,TE,Terrance Ferguson,LA,rf,6.506,1.572,12.894,13.4
00-0030506,2025,18,TE,Travis Kelce,KC,rf,9.647,4.713,16.035,4.2
00-0031484,2025,18,TE,Chris Manhertz,NYG,rf,0.77,0.0,7.158,0.0
00-0032392,2025,18,TE,Austin Hooper,NE,rf,4.636,0.0,11.024,1.5
00-0033090,2025,18,TE,Hunter Henry,NE,rf,10.387,5.453,16.775,10.600000000000001
00-0033110,2025,18,TE,Tyler Higbee,LA,rf,5.989,1.056,12.377,20.1
00-0033217,2025,18,TE,Mo Alie-Cox,IND,rf,4.699,0.0,11.088,5.2
00-0033246,2025,18,TE,Johnny Mundt,JAX,rf,5.012,0.078,11.4,2.6
00-0033288,2025,18,TE,George Kittle,SF,rf,12.977,8.044,19.366,7.9
00-0033357,2025,18,TE,Taysom Hill,NO,rf,4.255,0.0,10.643,6.2
00-0033439,2025,18,TE,Pharaoh Brown,ARI,rf,1.825,0.0,8.213,0.0
00-0033455,2025,18,TE,Anthony Firkser,DET,rf,3.621,0.0,10.009,2.2
00-0033576,2025,18,TE,Eric Saubert,SEA,rf,2.062,0.0,8.45,3.0
00-0033858,2025,18,TE,Jonnu Smith,PIT,rf,5.151,0.217,11.539,1.4
00-0033881,2025,18,TE,Evan Engram,DEN,rf,7.057,2.123,13.445,7.5
00-0034159,2025,18,TE,Will Dissly,LAC,rf,3.611,0.0,10.0,1.6
00-0034270,2025,18,TE,Tyler Conklin,LAC,rf,3.795,0.0,10.184,1.6
00-0034383,2025,18,TE,Dalton Schultz,HOU,rf,9.537,4.603,15.925,11.3
00-0034753,2025,18,TE,Mark Andrews,BAL,rf,7.39,2.457,13.778,3.4000000000000004
00-0034798,2025,18,TE,Durham Smythe,CHI,rf,2.393,0.0,8.781,0.0
00-0034829,2025,18,TE,Mike Gesicki,CIN,rf,6.85,1.917,13.238,3.3
00-0035249,2025,18,TE,Josh Oliver,MIN,rf,4.685,0.0,11.073,4.9
00-0035631,2025,18,TE,Drew Sample,CIN,rf,3.631,0.0,10.019,4.7
00-0035644,2025,18,TE,Noah Fant,CIN,rf,4.365,0.0,10.753,-0.5
00-0035689,2025,18,TE,Dawson Knox,BUF,rf,6.337,1.403,12.725,10.4
00-0036040,2025,18,TE,Juwan Johnson,NO,rf,12.005,7.072,18.393,7.1000000000000005
00-0036244,2025,18,TE,Colby Parkinson,LA,rf,7.894,2.961,14.283,19.6
00-0036290,2025,18,TE,Cole Kmet,CHI,rf,5.994,1.061,12.383,5.6
00-0036332,2025,18,TE,Josiah Deguara,ARI,rf,0.73,0.0,7.118,9.5
00-0036590,2025,18,TE,Quintin Morris,JAX,rf,2.115,0.0,8.504,7.5
00-0036628,2025,18,TE,John Bates,WAS,rf,2.373,0.0,8.762,9.3
00-0036637,2025,18,TE,Noah Gray,KC,rf,4.446,0.0,10.834,6.0
00-0036825,2025,18,TE,Feleipe Franks,ATL,rf,1.372,0.0,7.76,0.0
00-0036876,2025,18,TE,Kylen Granson,PHI,rf,0.694,0.0,7.082,7.0
00-0036894,2025,18,TE,Pat Freiermuth,PIT,rf,6.278,1.345,12.667,8.100000000000001
00-0036970,2025,18,TE,Kyle Pitts,ATL,rf,13.227,8.294,19.616,11.8
00-0037005,2025,18,TE,Tommy Tremble,CAR,rf,4.193,0.0,10.581,12.8
00-0037015,2025,18,TE,Sal Cannella,CLE,rf,5.504,0.571,11.893,0.0
00-0037031,2025,18,TE,Nikola Kalinic,CHI,rf,1.073,0.0,7.462,0.0
00-0037086,2025,18,TE,Grant Calcaterra,PHI,rf,2.588,0.0,8.977,10.1
00-0037252,2025,18,TE,Greg Dulcich,MIA,rf,7.515,2.582,13.903,6.1
00-0037744,2025,18,TE,Trey McBride,ARI,rf,16.701,11.768,23.09,13.5
00-0037809,2025,18,TE,Chig Okonkwo,TEN,rf,8.314,3.381,14.702,2.2
00-0037838,2025,18,TE,Isaiah Likely,BAL,rf,6.18,1.247,12.568,5.2
00-0038041,2025,18,TE,Jake Ferguson,DAL,rf,10.387,5.454,16.776,1.5
00-0038115,2025,18,TE,Daniel Bellinger,NYG,rf,4.688,0.0,11.076,11.8
00-0038129,2025,18,TE,Cade Otton,TB,rf,7.349,2.416,13.738,22.4
00-0038547,2025,18,TE,Luke Schoonmaker,DAL,rf,3.177,0.0,9.566,2.2
00-0038564,2025,18,TE,Cameron Latu,PHI,rf,1.372,0.0,7.76,0.0
00-0038589,2025,18,TE,Josh Whyle,GB,rf,3.834,0.0,10.223,1.4
00-0038710,2025,18,TE,Blake Whiteheart,CLE,rf,1.013,0.0,7.401,0.0
00-0038720,2025,18,TE,Julian Hill,MIA,rf,3.715,0.0,10.103,1.8
00-0038809,2025,18,TE,Ben Sims,MIN,rf,2.486,0.0,8.874,2.8
00-0038933,2025,18,TE,Dalton Kincaid,BUF,rf,10.91,5.976,17.298,7.800000000000001
00-0038935,2025,18,TE,Brenton Strange,JAX,rf,9.047,4.114,15.436,17.2
00-0039041,2025,18,TE,Elijah Higgins,ARI,rf,4.317,0.0,10.705,5.800000000000001
00-0039050,2025,18,TE,Payne Durham,TB,rf,2.032,0.0,8.421,0.0
00-0039066,2025,18,TE,Michael Mayer,LV,rf,6.261,1.328,12.65,7.7
00-0039074,2025,18,TE,Davis Allen,LA,rf,4.522,0.0,10.91,0.0
00-0039305,2025,18,TE,Jack Westover,NE,rf,0.968,0.0,7.356,1.0
00-0039359,2025,18,TE,Cade Stover,HOU,rf,4.513,0.0,10.902,1.9
00-0039458,2025,18,TE,Brenden Bates,CLE,rf,2.508,0.0,8.896,1.6
00-0039530,2025,18,TE,Brevyn Spann-Ford,DAL,rf,1.818,0.0,8.206,5.0
00-0039648,2025,18,TE,David Martin-Robinson,TEN,rf,1.429,0.0,7.817,2.4000000000000004
00-0039793,2025,18,TE,AJ Barner,SEA,rf,7.856,2.922,14.244,3.4000000000000004
00-0039824,2025,18,TE,Jared Wiley,KC,rf,3.186,0.0,9.574,0.0
00-0039912,2025,18,TE,Ben Sinnott,WAS,rf,4.225,0.0,10.614,2.3
00-0040126,2025,18,TE,Colston Loveland,CHI,rf,9.944,5.011,16.332,25.1
00-0040128,2025,18,TE,Tyler Warren,IND,rf,10.684,5.751,17.072,7.6
00-0040187,2025,18,TE,Mitchell Evans,CAR,rf,4.03,0.0,10.418,1.5
00-0040189,2025,18,TE,Oronde Gadsden II,LAC,rf,9.399,4.465,15.787,4.300000000000001
00-0040194,2025,18,TE,Jackson Hawes,BUF,rf,3.893,0.0,10.282,1.0
00-0040363,2025,18,TE,Keleki Latu,BUF,rf,1.22,0.0,7.609,6.1
00-0040509,2025,18,TE,Ben Yurosek,MIN,rf,0.789,0.0,7.177,1.9
00-0030035,2025,1,WR,Adam Thielen,MIN,rf,13.607,7.011,21.68,2.0
00-0030279,2025,1,WR,Keenan Allen,LAC,rf,12.681,6.085,20.754,19.8
00-0030564,2025,1,WR,DeAndre Hopkins,BAL,rf,9.327,2.73,17.4,11.5
00-0031236,2025,1,WR,Brandin Cooks,NO,rf,8.196,1.6,16.269,5.6
00-0031381,2025,1,WR,Davante Adams,LA,rf,16.829,10.232,24.902,9.100000000000001
00-0031408,2025,1,WR,Mike Evans,TB,rf,14.848,8.251,22.921,10.100000000000001
00-0031588,2025,1,WR,Stefon Diggs,NE,rf,12.601,6.004,20.674,11.7
00-0031763,2025,1,WR,DeAndre Carter,CLE,rf,1.505,0.0,9.578,0.0
00-0032211,2025,1,WR,Tyler Lockett,TEN,rf,4.277,0.0,12.35,0.0
00-0032385,2025,1,WR,Sterling Shepard,TB,rf,4.179,0.0,12.252,6.9
00-0032398,2025,1,WR,Chris Moore,WAS,rf,4.045,0.0,12.118,4.4
00-0032464,2025,1,WR,Kalif Raymond,DET,rf,3.089,0.0,11.162,3.6
00-0033040,2025,1,WR,Tyreek Hill,MIA,rf,12.591,5.995,20.664,8.0
00-0033555,2025,1,WR,Mack Hollins,NE,rf,4.638,0.0,12.711,1.3
00-0033572,2025,1,WR,Jamal Agnew,ATL,rf,5.111,0.0,13.184,0.0
00-0033589,2025,1,WR,David Moore,CAR,rf,4.619,0.0,12.692,0.0
00-0033591,2025,1,WR,Noah Brown,WAS,rf,8.595,1.999,16.668,4.7
00-0033857,2025,1,WR,JuJu Smith-Schuster,KC,rf,4.351,0.0,12.424,10.5
00-0033891,2025,1,WR,Zay Jones,ARI,rf,4.29,0.0,12.363,1.4
00-0033908,2025,1,WR,Cooper Kupp,SEA,rf,6.367,0.0,14.44,3.5
00-0033943,2025,1,WR,Josh Reynolds,NYJ,rf,4.285,0.0,12.358,3.8
00-0034348,2025,1,WR,Courtland Sutton,DEN,rf,12.509,5.913,20.582,18.1
00-0034386,2025,1,WR,Justin Watson,HOU,rf,4.482,0.0,12.555,4.7
00-0034407,2025,1,WR,Ray-Ray McCloud,ATL,rf,8.187,1.591,16.26,8.100000000000001
00-0034487,2025,1,WR,Trent Sherfield,DEN,rf,1.598,0.0,9.671,1.3
00-0034827,2025,1,WR,DJ Moore,CHI,rf,13.249,6.653,21.322,10.600000000000001
00-0034837,2025,1,WR,Calvin Ridley,TEN,rf,11.577,4.981,19.65,6.7
00-0034854,2025,1,WR,KhaDarel Hodge,ATL,rf,4.202,0.0,12.275,0.0
00-0034960,2025,1,WR,Jakobi Meyers,LV,rf,11.409,4.813,19.482,17.700000000000003
00-0034983,2025,1,WR,Hunter Renfrow,CAR,rf,4.416,0.0,12.489,3.1
00-0035021,2025,1,WR,Ashton Dulin,IND,rf,2.288,0.0,10.361,1.5
00-0035208,2025,1,WR,Olamide Zaccheaus,CHI,rf,12.654,6.058,20.728,8.2
00-0035500,2025,1,WR,Greg Dortch,ARI,rf,5.15,0.0,13.224,0.8
00-0035535,2025,1,WR,Darius Slayton,NYG,rf,3.432,0.0,11.505,0.0
00-0035602,2025,1,WR,Alex Bachman,LV,rf,2.272,0.0,10.345,0.0
00-0035640,2025,1,WR,DK Metcalf,PIT,rf,9.788,3.192,17.861,12.3
00-0035645,2025,1,WR,Gunner Olszewski,NYG,rf,1.694,0.0,9.767,0.0
00-0035659,2025,1,WR,Terry McLaurin,WAS,rf,13.295,6.698,21.368,4.7
00-0035662,2025,1,WR,Marquise Brown,KC,rf,8.959,2.363,17.033,19.9
00-0035676,2025,1,WR,A.J. Brown,PHI,rf,14.398,7.802,22.471,1.8
00-0035719,2025,1,WR,Deebo Samuel Sr.,WAS,rf,6.752,0.155,14.825,22.6
00-0035891,2025,1,WR,Cody White,SEA,rf,2.826,0.0,10.9,0.0
00-0036182,2025,1,WR,Nick Westbrook-Ikhine,MIA,rf,7.03,0.434,15.103,1.7000000000000002
00-0036252,2025,1,WR,Michael Pittman,IND,rf,12.006,5.409,20.079,20.0
00-0036259,2025,1,WR,Jauan Jennings,SF,rf,13.583,6.986,21.656,3.6
00-0036322,2025,1,WR,Justin Jefferson,MIN,rf,17.399,10.802,25.472,14.8
00-0036331,2025,1,WR,Devin Duvernay,CHI,rf,3.657,0.0,11.73,0.0
00-0036358,2025,1,WR,CeeDee Lamb,DAL,rf,15.547,8.95,23.62,18.0
00-0036407,2025,1,WR,Jerry Jeudy,CLE,rf,15.519,8.923,23.592,11.600000000000001
00-0036410,2025,1,WR,Tee Higgins,CIN,rf,15.173,8.576,23.246,6.300000000000001
00-0036427,2025,1,WR,Tyler Johnson,NYJ,rf,4.486,0.0,12.559,5.1
00-0036550,2025,1,WR,Rashod Bateman,BAL,rf,6.169,0.0,14.242,3.0
00-0036554,2025,1,WR,Nico Collins,HOU,rf,12.854,6.258,20.927,5.5
00-0036613,2025,1,WR,Jaylen Waddle,MIA,rf,13.23,6.633,21.303,7.0
00-0036620,2025,1,WR,Dee Eskridge,MIA,rf,2.522,0.0,10.596,1.9
00-0036626,2025,1,WR,Dyami Brown,JAX,rf,5.715,0.0,13.788,8.8
00-0036630,2025,1,WR,Tylan Wallace,BAL,rf,3.499,0.0,11.572,0.0
00-0036849,2025,1,WR,Tutu Atwell,LA,rf,5.324,0.0,13.397,1.4
00-0036862,2025,1,WR,Ben Skowronek,PIT,rf,2.973,0.0,11.046,9.2
00-0036900,2025,1,WR,Ja'Marr Chase,CIN,rf,18.727,12.131,26.801,4.6
00-0036912,2025,1,WR,DeVonta Smith,PHI,rf,15.381,8.785,23.454,4.6
00-0036963,2025,1,WR,Amon-Ra St. Brown,DET,rf,13.713,7.117,21.786,8.5
00-0036980,2025,1,WR,Elijah Moore,BUF,rf,7.135,0.538,15.208,2.1
00-0036988,2025,1,WR,Josh Palmer,BUF,rf,8.068,1.472,16.141,11.100000000000001
00-0037091,2025,1,WR,Bo Melton,GB,rf,3.793,0.0,11.866,0.0
00-0037238,2025,1,WR,Drake London,ATL,rf,17.364,10.768,25.437,13.5
00-0037239,2025,1,WR,Chris Olave,NO,rf,9.406,2.81,17.479,12.4
00-0037240,2025,1,WR,Jameson Williams,DET,rf,13.154,6.558,21.227,6.6
00-0037247,2025,1,WR,George Pickens,DAL,rf,10.172,3.575,18.245,6.0
00-0037261,2025,1,WR,Khalil Shakir,BUF,rf,8.899,2.303,16.972,12.4
00-0037291,2025,1,WR,Jalen Nailor,MIN,rf,5.088,0.0,13.161,3.8000000000000003
00-0037545,2025,1,WR,Rashid Shaheed,NO,rf,13.08,6.483,21.153,9.3
00-0037614,2025,1,WR,John Metchie III,PHI,rf,5.453,0.0,13.526,0.0
00-0037664,2025,1,WR,Alec Pierce,IND,rf,7.959,1.362,16.032,4.6
00-0037666,2025,1,WR,Jalen Tolbert,DAL,rf,3.394,0.0,11.468,1.0
00-0037740,2025,1,WR,Garrett Wilson,NYJ,rf,13.538,6.942,21.611,22.5
00-0037741,2025,1,WR,Jahan Dotson,PHI,rf,5.337,0.0,13.41,8.9
00-0037745,2025,1,WR,Velus Jones Jr.,NO,rf,2.041,0.0,10.114,0.0
00-0037801,2025,1,WR,KaVontae Turpin,DAL,rf,5.311,0.0,13.384,4.7
00-0037816,2025,1,WR,Romeo Doubs,GB,rf,10.279,3.683,18.352,8.8
00-0037837,2025,1,WR,Calvin Austin III,PIT,rf,6.213,0.0,14.286,17.0
00-0038090,2025,1,WR,Skyy Moore,SF,rf,3.385,0.0,11.458,0.0
00-0038104,2025,1,WR,Tyquan Thornton,KC,rf,4.372,0.0,12.445,6.1000000000000005
00-0038117,2025,1,WR,Wan'Dale Robinson,NYG,rf,14.3,7.704,22.373,11.5
00-0038359,2025,1,WR,Xavier Smith,LA,rf,1.588,0.0,9.661,4.6
00-0038393,2025,1,WR,Dontayvion Wicks,GB,rf,7.212,0.615,15.285,5.0
00-0038492,2025,1,WR,Jason Brownlee,KC,rf,3.441,0.0,11.514,0.0
00-0038496,2025,1,WR,Xavier Gipson,NYJ,rf,1.566,0.0,9.639,0.0
00-0038519,2025,1,WR,Nikko Remigio,KC,rf,4.004,0.0,12.077,0.0
00-0038543,2025,1,WR,Jaxon Smith-Njigba,SEA,rf,12.692,6.096,20.765,19.4
00-0038544,2025,1,WR,Quentin Johnston,LAC,rf,13.788,7.192,21.861,24.9
00-0038559,2025,1,WR,Michael Wilson,ARI,rf,7.09,0.493,15.163,1.5
00-0038563,2025,1,WR,Tre Tucker,LV,rf,6.957,0.36,15.03,13.4
00-0038573,2025,1,WR,Derius Davis,LAC,rf,4.813,0.0,12.886,0.30000000000000004
00-0038576,2025,1,WR,Charlie Jones,CIN,rf,1.694,0.0,9.767,0.0
00-0038606,2025,1,WR,Parker Washington,JAX,rf,6.007,0.0,14.08,0.0
00-0038608,2025,1,WR,Kayshon Boutte,NE,rf,11.848,5.251,19.921,16.3
00-0038618,2025,1,WR,Xavier Hutchinson,HOU,rf,3.941,0.0,12.014,5.5
00-0038621,2025,1,WR,DeMario Douglas,NE,rf,5.24,0.0,13.314,8.2
00-0038824,2025,1,WR,Ryan Miller,TB,rf,4.076,0.0,12.149,0.0
00-0038840,2025,1,WR,Brycen Tremayne,CAR,rf,1.942,0.0,10.015,0.0
00-0038976,2025,1,WR,Marvin Mims Jr.,DEN,rf,11.863,5.267,19.936,4.2
00-0038979,2025,1,WR,Cedric Tillman,CLE,rf,13.245,6.649,21.318,16.2
00-0038997,2025,1,WR,Josh Downs,IND,rf,11.021,4.425,19.094,3.2
00-0039064,2025,1,WR,Zay Flowers,BAL,rf,8.99,2.393,17.063,28.1
00-0039075,2025,1,WR,Puka Nacua,LA,rf,15.942,9.346,24.016,23.1
00-0039146,2025,1,WR,Jayden Reed,GB,rf,5.891,0.0,13.964,13.5
00-0039337,2025,1,WR,Malik Nabers,NYG,rf,18.697,12.1,26.77,12.100000000000001
00-0039342,2025,1,WR,Xavier Legette,CAR,rf,8.275,1.679,16.349,4.0
00-0039355,2025,1,WR,Luke McCaffrey,WAS,rf,4.063,0.0,12.136,0.0
00-0039379,2025,1,WR,Jamari Thrash,CLE,rf,3.503,0.0,11.576,1.6
00-0039394,2025,1,WR,Casey Washington,ATL,rf,3.336,0.0,11.409,6.300000000000001
00-0039424,2025,1,WR,Devaughn Vele,NO,rf,3.855,0.0,11.928,2.3
00-0039589,2025,1,WR,Kameron Johnson,TB,rf,1.708,0.0,9.782,0.0
00-0039650,2025,1,WR,Bryce Oliver,TEN,rf,3.601,0.0,11.674,1.8
00-0039751,2025,1,WR,Jordan Whittington,LA,rf,4.369,0.0,12.442,0.5
00-0039816,2025,1,WR,Anthony Gould,IND,rf,1.857,0.0,9.931,0.0
00-0039849,2025,1,WR,Marvin Harrison Jr.,ARI,rf,10.282,3.685,18.355,18.1
00-0039868,2025,1,WR,Troy Franklin,DEN,rf,4.797,0.0,12.87,8.4
00-0039880,2025,1,WR,Malik Washington,MIA,rf,5.881,0.0,13.954,4.9
00-0039890,2025,1,WR,Adonai Mitchell,IND,rf,3.379,0.0,11.452,4.1
00-0039893,2025,1,WR,Brian Thomas Jr.,JAX,rf,18.641,12.044,26.714,9.0
00-0039894,2025,1,WR,Xavier Worthy,KC,rf,13.503,6.906,21.576,0.0
00-0039901,2025,1,WR,Keon Coleman,BUF,rf,8.162,1.566,16.235,25.200000000000003
00-0039915,2025,1,WR,Ladd McConkey,LAC,rf,13.528,6.931,21.601,13.4
00-0039916,2025,1,WR,Ricky Pearsall,SF,rf,11.317,4.721,19.391,14.8
00-0039919,2025,1,WR,Rome Odunze,CHI,rf,8.347,1.751,16.42,15.7
00-0030035,2025,2,WR,Adam Thielen,MIN,rf,9.377,2.78,17.45,4.6
00-0030279,2025,2,WR,Keenan Allen,LAC,rf,14.66,8.064,22.734,17.1
00-0030564,2025,2,WR,DeAndre Hopkins,BAL,rf,8.088,1.492,16.161,14.4
00-0031236,2025,2,WR,Brandin Cooks,NO,rf,7.514,0.917,15.587,4.6
00-0031381,2025,2,WR,Davante Adams,LA,rf,15.907,9.311,23.98,22.6
00-0031408,2025,2,WR,Mike Evans,TB,rf,15.245,8.648,23.318,10.600000000000001
00-0031588,2025,2,WR,Stefon Diggs,NE,rf,12.241,5.644,20.314,7.2
00-0031763,2025,2,WR,DeAndre Carter,CLE,rf,1.223,0.0,9.296,0.0
00-0032211,2025,2,WR,Tyler Lockett,TEN,rf,2.866,0.0,10.939,2.9
00-0032385,2025,2,WR,Sterling Shepard,TB,rf,8.702,2.106,16.775,7.4
00-0032464,2025,2,WR,Kalif Raymond,DET,rf,5.026,0.0,13.099,3.3000000000000003
00-0033040,2025,2,WR,Tyreek Hill,MIA,rf,10.008,3.411,18.081,16.9
00-0033307,2025,2,WR,Kendrick Bourne,SF,rf,3.887,0.0,11.96,6.2
00-0033375,2025,2,WR,Tim Patrick,JAX,rf,4.268,0.0,12.341,0.0
00-0033555,2025,2,WR,Mack Hollins,NE,rf,4.07,0.0,12.143,7.8
00-0033591,2025,2,WR,Noah Brown,WAS,rf,7.722,1.125,15.795,1.9
00-0033857,2025,2,WR,JuJu Smith-Schuster,KC,rf,8.535,1.938,16.608,1.5
00-0033908,2025,2,WR,Cooper Kupp,SEA,rf,6.698,0.101,14.771,16.0
00-0034272,2025,2,WR,Marquez Valdes-Scantling,SF,rf,8.454,1.858,16.528,0.0
00-0034348,2025,2,WR,Courtland Sutton,DEN,rf,14.025,7.429,22.099,1.6
00-0034386,2025,2,WR,Justin Watson,HOU,rf,5.983,0.0,14.056,1.3
00-0034407,2025,2,WR,Ray-Ray McCloud,ATL,rf,8.266,1.669,16.339,0.0
00-0034487,2025,2,WR,Trent Sherfield,DEN,rf,2.973,0.0,11.046,1.3
00-0034827,2025,2,WR,DJ Moore,CHI,rf,14.037,7.441,22.111,9.600000000000001
00-0034837,2025,2,WR,Calvin Ridley,TEN,rf,10.137,3.541,18.21,8.7
00-0034960,2025,2,WR,Jakobi Meyers,LV,rf,16.527,9.93,24.6,12.8
00-0034983,2025,2,WR,Hunter Renfrow,CAR,rf,6.833,0.237,14.906,23.8
00-0035021,2025,2,WR,Ashton Dulin,IND,rf,2.017,0.0,10.09,0.0
00-0035208,2025,2,WR,Olamide Zaccheaus,CHI,rf,13.288,6.692,21.361,4.1
00-0035500,2025,2,WR,Greg Dortch,ARI,rf,4.606,0.0,12.679,2.1
00-0035535,2025,2,WR,Darius Slayton,NYG,rf,3.23,0.0,11.303,8.100000000000001
00-0035640,2025,2,WR,DK Metcalf,PIT,rf,9.579,2.983,17.652,11.0
00-0035645,2025,2,WR,Gunner Olszewski,NYG,rf,1.584,0.0,9.657,0.0
00-0035659,2025,2,WR,Terry McLaurin,WAS,rf,12.318,5.721,20.391,9.8
00-0035662,2025,2,WR,Marquise Brown,KC,rf,14.469,7.873,22.542,8.0
00-0035676,2025,2,WR,A.J. Brown,PHI,rf,10.948,4.352,19.022,7.7
00-0035719,2025,2,WR,Deebo Samuel Sr.,WAS,rf,13.737,7.141,21.81,17.4
00-0036182,2025,2,WR,Nick Westbrook-Ikhine,MIA,rf,5.629,0.0,13.702,3.8
00-0036252,2025,2,WR,Michael Pittman,IND,rf,12.512,5.915,20.585,8.0
00-0036259,2025,2,WR,Jauan Jennings,SF,rf,11.456,4.86,19.529,19.9
00-0036309,2025,2,WR,Darnell Mooney,ATL,rf,7.341,0.744,15.414,4.0
00-0036322,2025,2,WR,Justin Jefferson,MIN,rf,17.796,11.2,25.869,11.1
00-0036331,2025,2,WR,Devin Duvernay,CHI,rf,1.927,0.0,10.0,0.0
00-0036358,2025,2,WR,CeeDee Lamb,DAL,rf,15.035,8.439,23.108,20.200000000000003
00-0036407,2025,2,WR,Jerry Jeudy,CLE,rf,16.141,9.545,24.215,9.100000000000001
00-0036410,2025,2,WR,Tee Higgins,CIN,rf,13.372,6.776,21.445,14.600000000000001
00-0036415,2025,2,WR,Van Jefferson,TEN,rf,3.106,0.0,11.179,3.0
00-0036427,2025,2,WR,Tyler Johnson,NYJ,rf,4.638,0.0,12.711,0.0
00-0036550,2025,2,WR,Rashod Bateman,BAL,rf,8.47,1.874,16.544,3.5
00-0036554,2025,2,WR,Nico Collins,HOU,rf,11.017,4.42,19.09,14.2
00-0036613,2025,2,WR,Jaylen Waddle,MIA,rf,8.703,2.106,16.776,17.8
00-0036620,2025,2,WR,Dee Eskridge,MIA,rf,3.188,0.0,11.261,1.8
00-0036626,2025,2,WR,Dyami Brown,JAX,rf,7.656,1.06,15.73,17.6
00-0036630,2025,2,WR,Tylan Wallace,BAL,rf,2.626,0.0,10.699,10.5
00-0036849,2025,2,WR,Tutu Atwell,LA,rf,3.625,0.0,11.698,0.0
00-0036862,2025,2,WR,Ben Skowronek,PIT,rf,4.139,0.0,12.212,0.0
00-0036900,2025,2,WR,Ja'Marr Chase,CIN,rf,16.385,9.788,24.458,36.5
00-0036912,2025,2,WR,DeVonta Smith,PHI,rf,13.519,6.923,21.592,9.3
00-0036963,2025,2,WR,Amon-Ra St. Brown,DET,rf,14.025,7.428,22.098,39.2
00-0036980,2025,2,WR,Elijah Moore,BUF,rf,4.387,0.0,12.46,10.7
00-0036988,2025,2,WR,Josh Palmer,BUF,rf,11.232,4.636,19.305,6.7
00-0037093,2025,2,WR,Dareke Young,SEA,rf,1.371,0.0,9.444,0.0
00-0037238,2025,2,WR,Drake London,ATL,rf,16.431,9.834,24.504,5.9
00-0037239,2025,2,WR,Chris Olave,NO,rf,11.796,5.2,19.869,11.4
00-0037240,2025,2,WR,Jameson Williams,DET,rf,13.758,7.161,21.831,18.8
00-0037247,2025,2,WR,George Pickens,DAL,rf,7.985,1.389,16.058,17.8
00-0037261,2025,2,WR,Khalil Shakir,BUF,rf,11.069,4.473,19.142,2.2
00-0037291,2025,2,WR,Jalen Nailor,MIN,rf,5.843,0.0,13.916,6.1
00-0037545,2025,2,WR,Rashid Shaheed,NO,rf,11.638,5.042,19.711,15.2
00-0037614,2025,2,WR,John Metchie III,PHI,rf,3.317,0.0,11.39,1.0
00-0037664,2025,2,WR,Alec Pierce,IND,rf,8.065,1.469,16.138,10.8
00-0037666,2025,2,WR,Jalen Tolbert,DAL,rf,5.338,0.0,13.411,3.6
00-0037740,2025,2,WR,Garrett Wilson,NYJ,rf,15.319,8.723,23.392,9.0
00-0037741,2025,2,WR,Jahan Dotson,PHI,rf,6.644,0.048,14.717,1.4
00-0037801,2025,2,WR,KaVontae Turpin,DAL,rf,5.54,0.0,13.613,15.3
00-0037816,2025,2,WR,Romeo Doubs,GB,rf,9.822,3.225,17.895,11.8
00-0037837,2025,2,WR,Calvin Austin III,PIT,rf,9.368,2.771,17.441,3.2
00-0038090,2025,2,WR,Skyy Moore,SF,rf,1.407,0.0,9.48,0.0
00-0038104,2025,2,WR,Tyquan Thornton,KC,rf,6.996,0.4,15.069,13.9
00-0038117,2025,2,WR,Wan'Dale Robinson,NYG,rf,11.898,5.302,19.971,28.200000000000003
00-0038359,2025,2,WR,Xavier Smith,LA,rf,4.161,0.0,12.234,0.0
00-0038393,2025,2,WR,Dontayvion Wicks,GB,rf,7.435,0.839,15.508,8.4
00-0038465,2025,2,WR,Malik Heath,GB,rf,4.122,0.0,12.195,4.7
00-0038519,2025,2,WR,Nikko Remigio,KC,rf,2.511,0.0,10.584,3.1
00-0038543,2025,2,WR,Jaxon Smith-Njigba,SEA,rf,16.909,10.312,24.982,18.3
00-0038544,2025,2,WR,Quentin Johnston,LAC,rf,13.384,6.787,21.457,15.9
00-0038559,2025,2,WR,Michael Wilson,ARI,rf,5.998,0.0,14.071,8.1
00-0038563,2025,2,WR,Tre Tucker,LV,rf,8.055,1.458,16.128,4.9
00-0038573,2025,2,WR,Derius Davis,LAC,rf,3.389,0.0,11.462,0.0
00-0038576,2025,2,WR,Charlie Jones,CIN,rf,1.584,0.0,9.657,0.0
00-0038606,2025,2,WR,Parker Washington,JAX,rf,3.516,0.0,11.589,12.600000000000001
00-0038608,2025,2,WR,Kayshon Boutte,NE,rf,13.427,6.83,21.5,8.6
00-0038618,2025,2,WR,Xavier Hutchinson,HOU,rf,4.678,0.0,12.751,4.9
00-0038619,2025,2,WR,Andrei Iosivas,CIN,rf,4.002,0.0,12.075,2.2
00-0038621,2025,2,WR,DeMario Douglas,NE,rf,9.392,2.796,17.465,1.8
00-0038679,2025,2,WR,Tyrell Shavers,BUF,rf,5.543,0.0,13.616,0.0
00-0038824,2025,2,WR,Ryan Miller,TB,rf,3.009,0.0,11.082,9.0
00-0038840,2025,2,WR,Brycen Tremayne,CAR,rf,1.436,0.0,9.509,7.800000000000001
00-0038976,2025,2,WR,Marvin Mims Jr.,DEN,rf,13.145,6.549,21.218,10.4
00-0038979,2025,2,WR,Cedric Tillman,CLE,rf,14.815,8.219,22.888,10.2
00-0038997,2025,2,WR,Josh Downs,IND,rf,9.575,2.978,17.648,11.100000000000001
00-0039064,2025,2,WR,Zay Flowers,BAL,rf,12.831,6.235,20.904,14.9
00-0039075,2025,2,WR,Puka Nacua,LA,rf,19.776,13.179,27.849,27.6
00-0039337,2025,2,WR,Malik Nabers,NYG,rf,16.254,9.658,24.327,37.7
00-0039342,2025,2,WR,Xavier Legette,CAR,rf,7.813,1.217,15.886,0.8
00-0039355,2025,2,WR,Luke McCaffrey,WAS,rf,2.978,0.0,11.051,4.9
00-0039379,2025,2,WR,Jamari Thrash,CLE,rf,2.944,0.0,11.017,1.5
00-0039410,2025,2,WR,Ryan Flournoy,DAL,rf,3.519,0.0,11.592,0.0
00-0039424,2025,2,WR,Devaughn Vele,NO,rf,4.435,0.0,12.509,7.3
00-0039451,2025,2,WR,Isaiah Williams,NYJ,rf,1.371,0.0,9.444,0.0
00-0039589,2025,2,WR,Kameron Johnson,TB,rf,1.389,0.0,9.462,0.0
00-0039650,2025,2,WR,Bryce Oliver,TEN,rf,3.5,0.0,11.573,0.0
00-0039751,2025,2,WR,Jordan Whittington,LA,rf,3.185,0.0,11.258,6.2
00-0039792,2025,2,WR,Devontez Walker,BAL,rf,2.778,0.0,10.851,16.6
00-0039816,2025,2,WR,Anthony Gould,IND,rf,1.656,0.0,9.729,0.0
00-0039849,2025,2,WR,Marvin Harrison Jr.,ARI,rf,11.791,5.195,19.864,4.7
00-0039868,2025,2,WR,Troy Franklin,DEN,rf,6.45,0.0,14.524,24.0
00-0039880,2025,2,WR,Malik Washington,MIA,rf,8.338,1.741,16.411,9.5
00-0039890,2025,2,WR,Adonai Mitchell,IND,rf,5.396,0.0,13.469,4.0
00-0039893,2025,2,WR,Brian Thomas Jr.,JAX,rf,15.672,9.076,23.745,8.9
00-0039901,2025,2,WR,Keon Coleman,BUF,rf,12.747,6.151,20.82,5.6
00-0039915,2025,2,WR,Ladd McConkey,LAC,rf,13.316,6.72,21.389,9.8
00-0039916,2025,2,WR,Ricky Pearsall,SF,rf,13.811,7.215,21.885,9.2
00-0039919,2025,2,WR,Rome Odunze,CHI,rf,10.928,4.331,19.001,31.8
00-0040009,2025,2,WR,Savion Williams,GB,rf,4.881,0.0,12.954,2.4000000000000004
00-0040075,2025,2,WR,LaJohntay Wester,BAL,rf,1.223,0.0,9.296,0.0
00-0040124,2025,2,WR,Tetairoa McMillan,CAR,rf,11.892,5.295,19.965,16.0
00-0040129,2025,2,WR,Emeka Egbuka,TB,rf,13.99,7.393,22.063,12.9
00-0040130,2025,2,WR,Jayden Higgins,HOU,rf,5.753,0.0,13.826,3.8000000000000003
00-0040138,2025,2,WR,Jaylin Noel,HOU,rf,5.096,0.0,13.169,0.0
00-0040164,2025,2,WR,Jaylin Lane,WAS,rf,3.6,0.0,11.673,1.2
00-0040170,2025,2,WR,Elic Ayomanor,TEN,rf,7.408,0.812,15.481,15.600000000000001
00-0040184,2025,2,WR,KeAndre Lambert-Smith,LAC,rf,3.124,0.0,11.197,0.0
00-0040506,2025,2,WR,Myles Price,MIN,rf,1.223,0.0,9.296,0.0
00-0040581,2025,2,WR,Dont'e Thornton Jr.,LV,rf,9.12,2.524,17.194,3.0
00-0040582,2025,2,WR,Arian Smith,NYJ,rf,1.223,0.0,9.296,0.8
00-0040648,2025,2,WR,Tory Horton,SEA,rf,1.223,0.0,9.296,11.2
00-0040667,2025,2,WR,Matthew Golden,GB,rf,4.968,0.0,13.042,1.5
00-0040669,2025,2,WR,Isaac TeSlaa,DET,rf,4.311,0.0,12.385,3.9000000000000004
00-0040705,2025,2,WR,Chimere Dike,TEN,rf,3.333,0.0,11.406,2.8
00-0040727,2025,2,WR,Tre Harris,LAC,rf,3.442,0.0,11.515,5.4
00-0040735,2025,2,WR,Luther Burden III,CHI,rf,4.935,0.0,13.008,1.5
00-0040782,2025,2,WR,Isaiah Bond,CLE,rf,3.646,0.0,11.719,2.5
00-0030035,2025,3,WR,Adam Thielen,MIN,rf,7.205,0.609,15.278,0.0
00-0030279,2025,3,WR,Keenan Allen,LAC,rf,14.842,8.246,22.916,19.5
00-0030564,2025,3,WR,DeAndre Hopkins,BAL,rf,7.552,0.956,15.626,2.3
00-0031236,2025,3,WR,Brandin Cooks,NO,rf,6.603,0.006,14.676,5.4
00-0031381,2025,3,WR,Davante Adams,LA,rf,16.776,10.179,24.849,14.600000000000001
00-0031408,2025,3,WR,Mike Evans,TB,rf,14.891,8.295,22.964,13.3
00-0031588,2025,3,WR,Stefon Diggs,NE,rf,10.333,3.737,18.406,5.300000000000001
00-0031763,2025,3,WR,DeAndre Carter,CLE,rf,1.392,0.0,9.465,0.0
00-0032211,2025,3,WR,Tyler Lockett,TEN,rf,3.771,0.0,11.844,7.7
00-0032385,2025,3,WR,Sterling Shepard,TB,rf,7.141,0.544,15.214,12.0
00-0032398,2025,3,WR,Chris Moore,WAS,rf,3.958,0.0,12.031,4.5
00-0032464,2025,3,WR,Kalif Raymond,DET,rf,4.639,0.0,12.712,1.4
00-0033040,2025,3,WR,Tyreek Hill,MIA,rf,11.563,4.967,19.636,15.9
00-0033307,2025,3,WR,Kendrick Bourne,SF,rf,6.684,0.087,14.757,7.800000000000001
00-0033375,2025,3,WR,Tim Patrick,JAX,rf,3.347,0.0,11.42,2.6
00-0033555,2025,3,WR,Mack Hollins,NE,rf,4.577,0.0,12.65,6.7
00-0033589,2025,3,WR,David Moore,CAR,rf,2.896,0.0,10.969,1.5
00-0033857,2025,3,WR,JuJu Smith-Schuster,KC,rf,5.067,0.0,13.14,9.5
00-0033891,2025,3,WR,Zay Jones,ARI,rf,3.28,0.0,11.353,4.5
00-0033908,2025,3,WR,Cooper Kupp,SEA,rf,9.909,3.313,17.982,5.1
00-0034272,2025,3,WR,Marquez Valdes-Scantling,SF,rf,6.375,0.0,14.448,1.9
00-0034348,2025,3,WR,Courtland Sutton,DEN,rf,11.29,4.694,19.363,23.8
00-0034407,2025,3,WR,Ray-Ray McCloud,ATL,rf,5.386,0.0,13.459,4.0
00-0034521,2025,3,WR,Allen Lazard,NYJ,rf,4.019,0.0,12.092,9.3
00-0034775,2025,3,WR,Christian Kirk,HOU,rf,9.446,2.85,17.519,5.5
00-0034827,2025,3,WR,DJ Moore,CHI,rf,12.677,6.08,20.75,12.8
00-0034837,2025,3,WR,Calvin Ridley,TEN,rf,9.52,2.924,17.593,3.7
00-0034960,2025,3,WR,Jakobi Meyers,LV,rf,14.459,7.862,22.532,9.3
00-0034983,2025,3,WR,Hunter Renfrow,CAR,rf,10.29,3.694,18.363,2.6
00-0035021,2025,3,WR,Ashton Dulin,IND,rf,1.83,0.0,9.903,0.0
00-0035208,2025,3,WR,Olamide Zaccheaus,CHI,rf,11.805,5.208,19.878,6.6
00-0035359,2025,3,WR,David Sills,ATL,rf,3.036,0.0,11.11,1.9
00-0035500,2025,3,WR,Greg Dortch,ARI,rf,4.209,0.0,12.282,2.8
00-0035535,2025,3,WR,Darius Slayton,NYG,rf,3.872,0.0,11.945,7.0
00-0035640,2025,3,WR,DK Metcalf,PIT,rf,10.645,4.048,18.718,12.2
00-0035645,2025,3,WR,Gunner Olszewski,NYG,rf,1.41,0.0,9.483,0.0
00-0035659,2025,3,WR,Terry McLaurin,WAS,rf,10.789,4.192,18.862,10.4
00-0035662,2025,3,WR,Marquise Brown,KC,rf,13.385,6.789,21.458,8.2
00-0035676,2025,3,WR,A.J. Brown,PHI,rf,12.17,5.573,20.243,22.9
00-0035719,2025,3,WR,Deebo Samuel Sr.,WAS,rf,13.378,6.781,21.451,4.9
00-0036182,2025,3,WR,Nick Westbrook-Ikhine,MIA,rf,6.122,0.0,14.195,0.0
00-0036252,2025,3,WR,Michael Pittman,IND,rf,14.41,7.813,22.483,19.3
00-0036309,2025,3,WR,Darnell Mooney,ATL,rf,8.651,2.055,16.724,8.4
00-0036322,2025,3,WR,Justin Jefferson,MIN,rf,14.849,8.252,22.922,12.5
00-0036331,2025,3,WR,Devin Duvernay,CHI,rf,1.439,0.0,9.512,0.0
00-0036407,2025,3,WR,Jerry Jeudy,CLE,rf,12.098,5.501,20.171,2.7
00-0036410,2025,3,WR,Tee Higgins,CIN,rf,13.569,6.973,21.643,2.5
00-0036415,2025,3,WR,Van Jefferson,TEN,rf,4.898,0.0,12.971,1.8
00-0036427,2025,3,WR,Tyler Johnson,NYJ,rf,4.055,0.0,12.128,5.2
00-0036550,2025,3,WR,Rashod Bateman,BAL,rf,7.411,0.815,15.484,17.3
00-0036554,2025,3,WR,Nico Collins,HOU,rf,9.936,3.34,18.009,22.4
00-0036613,2025,3,WR,Jaylen Waddle,MIA,rf,10.921,4.324,18.994,14.9
00-0036620,2025,3,WR,Dee Eskridge,MIA,rf,3.314,0.0,11.387,0.0
00-0036626,2025,3,WR,Dyami Brown,JAX,rf,10.625,4.028,18.698,2.7
00-0036630,2025,3,WR,Tylan Wallace,BAL,rf,4.53,0.0,12.604,0.0
00-0036646,2025,3,WR,Simi Fehoko,ARI,rf,2.854,0.0,10.928,0.0
00-0036849,2025,3,WR,Tutu Atwell,LA,rf,2.838,0.0,10.911,0.0
00-0036862,2025,3,WR,Ben Skowronek,PIT,rf,3.223,0.0,11.296,0.0
00-0036900,2025,3,WR,Ja'Marr Chase,CIN,rf,17.48,10.883,25.553,8.9
00-0036912,2025,3,WR,DeVonta Smith,PHI,rf,13.65,7.054,21.723,20.0
00-0036963,2025,3,WR,Amon-Ra St. Brown,DET,rf,14.722,8.126,22.795,20.7
00-0036980,2025,3,WR,Elijah Moore,BUF,rf,4.489,0.0,12.562,6.1000000000000005
00-0036988,2025,3,WR,Josh Palmer,BUF,rf,8.077,1.481,16.15,1.5
00-0037093,2025,3,WR,Dareke Young,SEA,rf,1.274,0.0,9.347,2.2
00-0037231,2025,3,WR,Kevin Austin Jr.,NO,rf,2.92,0.0,10.994,0.0
00-0037238,2025,3,WR,Drake London,ATL,rf,16.794,10.198,24.867,10.5
00-0037239,2025,3,WR,Chris Olave,NO,rf,11.382,4.785,19.455,15.7
00-0037240,2025,3,WR,Jameson Williams,DET,rf,12.799,6.203,20.872,6.3
00-0037247,2025,3,WR,George Pickens,DAL,rf,10.29,3.693,18.363,17.8
00-0037261,2025,3,WR,Khalil Shakir,BUF,rf,7.692,1.095,15.765,14.5
00-0037291,2025,3,WR,Jalen Nailor,MIN,rf,8.521,1.924,16.594,6.7
00-0037380,2025,3,WR,Kaden Davis,CLE,rf,1.389,0.0,9.462,0.0
00-0037545,2025,3,WR,Rashid Shaheed,NO,rf,12.28,5.684,20.354,8.2
00-0037614,2025,3,WR,John Metchie III,PHI,rf,3.267,0.0,11.341,1.8
00-0037664,2025,3,WR,Alec Pierce,IND,rf,8.654,2.058,16.727,10.7
00-0037666,2025,3,WR,Jalen Tolbert,DAL,rf,7.346,0.75,15.419,7.4
00-0037740,2025,3,WR,Garrett Wilson,NYJ,rf,14.418,7.822,22.491,24.4
00-0037741,2025,3,WR,Jahan Dotson,PHI,rf,5.632,0.0,13.705,1.7000000000000002
00-0037745,2025,3,WR,Velus Jones Jr.,NO,rf,1.392,0.0,9.465,0.0
00-0037801,2025,3,WR,KaVontae Turpin,DAL,rf,6.786,0.19,14.859,8.8
00-0037816,2025,3,WR,Romeo Doubs,GB,rf,10.732,4.136,18.805,4.5
00-0037837,2025,3,WR,Calvin Austin III,PIT,rf,9.075,2.479,17.148,12.4
00-0038090,2025,3,WR,Skyy Moore,SF,rf,1.413,0.0,9.486,2.0
00-0038104,2025,3,WR,Tyquan Thornton,KC,rf,8.066,1.469,16.139,18.1
00-0038117,2025,3,WR,Wan'Dale Robinson,NYG,rf,16.003,9.406,24.076,3.6
00-0038359,2025,3,WR,Xavier Smith,LA,rf,2.27,0.0,10.343,0.0
00-0038393,2025,3,WR,Dontayvion Wicks,GB,rf,9.019,2.422,17.092,4.1
00-0038465,2025,3,WR,Malik Heath,GB,rf,4.307,0.0,12.38,0.0
00-0038519,2025,3,WR,Nikko Remigio,KC,rf,2.907,0.0,10.98,1.1
00-0038543,2025,3,WR,Jaxon Smith-Njigba,SEA,rf,18.116,11.52,26.189,20.6
00-0038544,2025,3,WR,Quentin Johnston,LAC,rf,13.934,7.337,22.007,14.9
00-0038559,2025,3,WR,Michael Wilson,ARI,rf,4.842,0.0,12.915,1.5
00-0038563,2025,3,WR,Tre Tucker,LV,rf,9.433,2.837,17.506,40.9
00-0038573,2025,3,WR,Derius Davis,LAC,rf,2.319,0.0,10.392,0.2
00-0038576,2025,3,WR,Charlie Jones,CIN,rf,1.41,0.0,9.483,0.0
00-0038606,2025,3,WR,Parker Washington,JAX,rf,7.916,1.319,15.989,7.4
00-0038608,2025,3,WR,Kayshon Boutte,NE,rf,12.387,5.791,20.461,4.800000000000001
00-0038618,2025,3,WR,Xavier Hutchinson,HOU,rf,4.63,0.0,12.703,4.6
00-0038621,2025,3,WR,DeMario Douglas,NE,rf,6.155,0.0,14.228,2.7
00-0038679,2025,3,WR,Tyrell Shavers,BUF,rf,3.802,0.0,11.875,4.4
00-0038824,2025,3,WR,Ryan Miller,TB,rf,4.052,0.0,12.125,0.0
00-0038839,2025,3,WR,Mitchell Tinsley,CIN,rf,4.305,0.0,12.378,0.0
00-0038840,2025,3,WR,Brycen Tremayne,CAR,rf,5.016,0.0,13.089,3.5
00-0038976,2025,3,WR,Marvin Mims Jr.,DEN,rf,10.619,4.022,18.692,1.4
00-0038979,2025,3,WR,Cedric Tillman,CLE,rf,11.105,4.508,19.178,5.6
00-0038997,2025,3,WR,Josh Downs,IND,rf,9.635,3.039,17.709,5.4
00-0039064,2025,3,WR,Zay Flowers,BAL,rf,16.305,9.708,24.378,3.3
00-0039075,2025,3,WR,Puka Nacua,LA,rf,19.07,12.474,27.143,22.8
00-0039337,2025,3,WR,Malik Nabers,NYG,rf,14.933,8.336,23.006,3.3
00-0039355,2025,3,WR,Luke McCaffrey,WAS,rf,3.083,0.0,11.156,14.600000000000001
00-0039379,2025,3,WR,Jamari Thrash,CLE,rf,2.959,0.0,11.032,2.7
00-0039410,2025,3,WR,Ryan Flournoy,DAL,rf,2.807,0.0,10.88,4.1
00-0039451,2025,3,WR,Isaiah Williams,NYJ,rf,1.274,0.0,9.347,0.0
00-0039589,2025,3,WR,Kameron Johnson,TB,rf,1.395,0.0,9.468,0.0
00-0039751,2025,3,WR,Jordan Whittington,LA,rf,4.022,0.0,12.095,3.4000000000000004
00-0039792,2025,3,WR,Devontez Walker,BAL,rf,6.669,0.073,14.742,4.4
00-0039816,2025,3,WR,Anthony Gould,IND,rf,1.392,0.0,9.465,0.0
00-0039849,2025,3,WR,Marvin Harrison Jr.,ARI,rf,10.967,4.37,19.04,7.4
00-0039868,2025,3,WR,Troy Franklin,DEN,rf,10.649,4.053,18.722,2.8
00-0039880,2025,3,WR,Malik Washington,MIA,rf,7.327,0.731,15.401,6.2
00-0039890,2025,3,WR,Adonai Mitchell,IND,rf,7.008,0.411,15.081,0.0
00-0039893,2025,3,WR,Brian Thomas Jr.,JAX,rf,14.516,7.919,22.589,7.5
00-0039901,2025,3,WR,Keon Coleman,BUF,rf,12.37,5.773,20.443,5.0
00-0039915,2025,3,WR,Ladd McConkey,LAC,rf,14.455,7.858,22.528,8.100000000000001
00-0039916,2025,3,WR,Ricky Pearsall,SF,rf,15.156,8.559,23.229,19.700000000000003
00-0039919,2025,3,WR,Rome Odunze,CHI,rf,12.415,5.818,20.488,15.2
00-0040009,2025,3,WR,Savion Williams,GB,rf,2.835,0.0,10.908,-0.1
00-0040075,2025,3,WR,LaJohntay Wester,BAL,rf,1.392,0.0,9.465,0.0
00-0040124,2025,3,WR,Tetairoa McMillan,CAR,rf,15.606,9.01,23.679,7.800000000000001
00-0040129,2025,3,WR,Emeka Egbuka,TB,rf,13.917,7.321,21.991,14.5
00-0040130,2025,3,WR,Jayden Higgins,HOU,rf,4.821,0.0,12.894,1.5
00-0040131,2025,3,WR,Kyle Williams,NE,rf,2.799,0.0,10.872,1.8
00-0040138,2025,3,WR,Jaylin Noel,HOU,rf,2.909,0.0,10.982,1.4
00-0040154,2025,3,WR,Tai Felton,MIN,rf,1.274,0.0,9.347,1.9
00-0040164,2025,3,WR,Jaylin Lane,WAS,rf,4.48,0.0,12.553,6.8
00-0040170,2025,3,WR,Elic Ayomanor,TEN,rf,10.647,4.051,18.721,13.8
00-0040237,2025,3,WR,Tez Johnson,TB,rf,3.787,0.0,11.86,0.0
00-0040506,2025,3,WR,Myles Price,MIN,rf,1.392,0.0,9.465,0.0
00-0040581,2025,3,WR,Dont'e Thornton Jr.,LV,rf,7.558,0.962,15.631,4.9
00-0040582,2025,3,WR,Arian Smith,NYJ,rf,2.704,0.0,10.777,2.2
00-0040648,2025,3,WR,Tory Horton,SEA,rf,4.449,0.0,12.522,18.2
00-0040667,2025,3,WR,Matthew Golden,GB,rf,4.423,0.0,12.496,10.100000000000001
00-0040669,2025,3,WR,Isaac TeSlaa,DET,rf,3.523,0.0,11.596,0.0
00-0040705,2025,3,WR,Chimere Dike,TEN,rf,5.055,0.0,13.128,3.5
00-0040727,2025,3,WR,Tre Harris,LAC,rf,5.329,0.0,13.402,0.0
00-0040729,2025,3,WR,Jack Bech,LV,rf,3.386,0.0,11.459,2.0
00-0040735,2025,3,WR,Luther Burden III,CHI,rf,4.893,0.0,12.966,19.8
00-0040782,2025,3,WR,Isaiah Bond,CLE,rf,4.31,0.0,12.383,3.6
00-0030035,2025,4,WR,Adam Thielen,MIN,rf,3.977,0.0,12.05,3.1
00-0030279,2025,4,WR,Keenan Allen,LAC,rf,12.849,6.253,20.922,8.7
00-0030564,2025,4,WR,DeAndre Hopkins,BAL,rf,6.879,0.282,14.952,0.0
00-0031236,2025,4,WR,Brandin Cooks,NO,rf,7.312,0.716,15.385,5.2
00-0031381,2025,4,WR,Davante Adams,LA,rf,15.555,8.959,23.628,15.600000000000001
00-0031588,2025,4,WR,Stefon Diggs,NE,rf,8.285,1.688,16.358,16.1
00-0031763,2025,4,WR,DeAndre Carter,CLE,rf,1.071,0.0,9.144,0.0
00-0032211,2025,4,WR,Tyler Lockett,TEN,rf,5.08,0.0,13.153,0.0
00-0032385,2025,4,WR,Sterling Shepard,TB,rf,7.901,1.304,15.974,4.0
00-0032398,2025,4,WR,Chris Moore,WAS,rf,4.207,0.0,12.28,0.9
00-0032464,2025,4,WR,Kalif Raymond,DET,rf,3.86,0.0,11.933,9.3
00-0032775,2025,4,WR,Demarcus Robinson,SF,rf,3.632,0.0,11.705,3.0
00-0033040,2025,4,WR,Tyreek Hill,MIA,rf,13.615,7.019,21.688,12.7
00-0033282,2025,4,WR,Curtis Samuel,BUF,rf,4.812,0.0,12.885,1.9
00-0033307,2025,4,WR,Kendrick Bourne,SF,rf,6.711,0.115,14.784,2.7
00-0033375,2025,4,WR,Tim Patrick,JAX,rf,3.228,0.0,11.301,0.9
00-0033555,2025,4,WR,Mack Hollins,NE,rf,5.565,0.0,13.638,7.4
00-0033572,2025,4,WR,Jamal Agnew,ATL,rf,2.528,0.0,10.601,0.0
00-0033589,2025,4,WR,David Moore,CAR,rf,3.757,0.0,11.83,1.2000000000000002
00-0033857,2025,4,WR,JuJu Smith-Schuster,KC,rf,6.791,0.194,14.864,13.6
00-0033908,2025,4,WR,Cooper Kupp,SEA,rf,9.075,2.479,17.148,6.6
00-0033921,2025,4,WR,Chris Godwin Jr.,TB,rf,13.861,7.265,21.934,5.6
00-0033943,2025,4,WR,Josh Reynolds,NYJ,rf,5.131,0.0,13.204,0.0
00-0034348,2025,4,WR,Courtland Sutton,DEN,rf,14.765,8.168,22.838,19.1
00-0034407,2025,4,WR,Ray-Ray McCloud,ATL,rf,6.058,0.0,14.131,0.29999999999999993
00-0034521,2025,4,WR,Allen Lazard,NYJ,rf,6.328,0.0,14.401,1.8
00-0034775,2025,4,WR,Christian Kirk,HOU,rf,8.92,2.324,16.993,5.0
00-0034827,2025,4,WR,DJ Moore,CHI,rf,11.232,4.635,19.305,7.800000000000001
00-0034837,2025,4,WR,Calvin Ridley,TEN,rf,8.774,2.178,16.847,5.0
00-0034960,2025,4,WR,Jakobi Meyers,LV,rf,14.341,7.744,22.414,7.0
00-0034983,2025,4,WR,Hunter Renfrow,CAR,rf,7.521,0.925,15.594,3.0
00-0035021,2025,4,WR,Ashton Dulin,IND,rf,1.156,0.0,9.229,2.8
00-0035208,2025,4,WR,Olamide Zaccheaus,CHI,rf,8.314,1.718,16.388,9.100000000000001
00-0035298,2025,4,WR,Scott Miller,PIT,rf,2.896,0.0,10.969,0.0
00-0035500,2025,4,WR,Greg Dortch,ARI,rf,4.341,0.0,12.414,7.9
00-0035535,2025,4,WR,Darius Slayton,NYG,rf,4.754,0.0,12.827,7.4
00-0035640,2025,4,WR,DK Metcalf,PIT,rf,9.948,3.352,18.021,23.6
00-0035645,2025,4,WR,Gunner Olszewski,NYG,rf,0.941,0.0,9.014,0.0
00-0035662,2025,4,WR,Marquise Brown,KC,rf,11.781,5.184,19.854,12.8
00-0035676,2025,4,WR,A.J. Brown,PHI,rf,12.429,5.832,20.502,2.7
00-0035719,2025,4,WR,Deebo Samuel Sr.,WAS,rf,13.637,7.04,21.71,20.1
00-0036182,2025,4,WR,Nick Westbrook-Ikhine,MIA,rf,2.79,0.0,10.863,1.1
00-0036252,2025,4,WR,Michael Pittman,IND,rf,14.005,7.408,22.078,15.100000000000001
00-0036259,2025,4,WR,Jauan Jennings,SF,rf,12.464,5.867,20.537,6.4
00-0036309,2025,4,WR,Darnell Mooney,ATL,rf,9.718,3.122,17.791,2.5
00-0036322,2025,4,WR,Justin Jefferson,MIN,rf,12.528,5.932,20.601,22.6
00-0036331,2025,4,WR,Devin Duvernay,CHI,rf,0.935,0.0,9.008,0.0
00-0036407,2025,4,WR,Jerry Jeudy,CLE,rf,10.531,3.934,18.604,7.800000000000001
00-0036410,2025,4,WR,Tee Higgins,CIN,rf,11.854,5.257,19.927,6.2
00-0036415,2025,4,WR,Van Jefferson,TEN,rf,4.244,0.0,12.317,1.6
00-0036550,2025,4,WR,Rashod Bateman,BAL,rf,8.28,1.683,16.353,3.4000000000000004
00-0036554,2025,4,WR,Nico Collins,HOU,rf,12.742,6.146,20.815,11.9
00-0036613,2025,4,WR,Jaylen Waddle,MIA,rf,11.61,5.014,19.683,7.800000000000001
00-0036630,2025,4,WR,Tylan Wallace,BAL,rf,3.829,0.0,11.902,2.4000000000000004
00-0036646,2025,4,WR,Simi Fehoko,ARI,rf,4.123,0.0,12.196,0.0
00-0036849,2025,4,WR,Tutu Atwell,LA,rf,3.105,0.0,11.178,15.8
00-0036862,2025,4,WR,Ben Skowronek,PIT,rf,2.191,0.0,10.264,0.0
00-0036900,2025,4,WR,Ja'Marr Chase,CIN,rf,15.739,9.143,23.812,7.300000000000001
00-0036912,2025,4,WR,DeVonta Smith,PHI,rf,11.896,5.3,19.969,4.9
00-0036963,2025,4,WR,Amon-Ra St. Brown,DET,rf,14.027,7.43,22.1,26.0
00-0036980,2025,4,WR,Elijah Moore,BUF,rf,5.031,0.0,13.104,0.0
00-0036988,2025,4,WR,Josh Palmer,BUF,rf,8.16,1.564,16.234,4.5
00-0037091,2025,4,WR,Bo Melton,GB,rf,2.519,0.0,10.592,0.0
00-0037093,2025,4,WR,Dareke Young,SEA,rf,2.014,0.0,10.087,0.0
00-0037238,2025,4,WR,Drake London,ATL,rf,15.172,8.576,23.245,25.0
00-0037239,2025,4,WR,Chris Olave,NO,rf,14.734,8.138,22.807,9.0
00-0037240,2025,4,WR,Jameson Williams,DET,rf,9.338,2.741,17.411,5.7
00-0037247,2025,4,WR,George Pickens,DAL,rf,13.072,6.475,21.145,33.4
00-0037261,2025,4,WR,Khalil Shakir,BUF,rf,10.38,3.784,18.453,17.9
00-0037291,2025,4,WR,Jalen Nailor,MIN,rf,8.483,1.887,16.556,9.2
00-0037524,2025,4,WR,Tay Martin,WAS,rf,3.684,0.0,11.757,2.4000000000000004
00-0037545,2025,4,WR,Rashid Shaheed,NO,rf,11.264,4.668,19.337,9.2
00-0037614,2025,4,WR,John Metchie III,PHI,rf,2.959,0.0,11.032,3.0
00-0037666,2025,4,WR,Jalen Tolbert,DAL,rf,7.765,1.169,15.838,10.100000000000001
00-0037740,2025,4,WR,Garrett Wilson,NYJ,rf,14.314,7.717,22.387,20.200000000000003
00-0037741,2025,4,WR,Jahan Dotson,PHI,rf,5.173,0.0,13.246,0.0
00-0037745,2025,4,WR,Velus Jones Jr.,NO,rf,1.147,0.0,9.22,0.0
00-0037801,2025,4,WR,KaVontae Turpin,DAL,rf,7.431,0.835,15.504,6.4
00-0037816,2025,4,WR,Romeo Doubs,GB,rf,9.029,2.433,17.102,29.8
00-0037837,2025,4,WR,Calvin Austin III,PIT,rf,8.017,1.42,16.09,3.3
00-0038090,2025,4,WR,Skyy Moore,SF,rf,1.615,0.0,9.688,0.0
00-0038104,2025,4,WR,Tyquan Thornton,KC,rf,8.607,2.01,16.68,8.1
00-0038117,2025,4,WR,Wan'Dale Robinson,NYG,rf,15.28,8.683,23.353,4.4
00-0038359,2025,4,WR,Xavier Smith,LA,rf,1.629,0.0,9.702,0.0
00-0038393,2025,4,WR,Dontayvion Wicks,GB,rf,8.025,1.428,16.098,3.9000000000000004
00-0038465,2025,4,WR,Malik Heath,GB,rf,3.049,0.0,11.122,1.9
00-0038519,2025,4,WR,Nikko Remigio,KC,rf,2.45,0.0,10.523,0.0
00-0038543,2025,4,WR,Jaxon Smith-Njigba,SEA,rf,17.632,11.036,25.705,13.0
00-0038544,2025,4,WR,Quentin Johnston,LAC,rf,13.664,7.067,21.737,23.8
00-0038559,2025,4,WR,Michael Wilson,ARI,rf,3.945,0.0,12.018,4.5
00-0038563,2025,4,WR,Tre Tucker,LV,rf,15.03,8.434,23.103,4.2
00-0038576,2025,4,WR,Charlie Jones,CIN,rf,0.941,0.0,9.014,0.0
00-0038606,2025,4,WR,Parker Washington,JAX,rf,8.306,1.71,16.379,5.9
00-0038608,2025,4,WR,Kayshon Boutte,NE,rf,9.459,2.862,17.532,2.8
00-0038618,2025,4,WR,Xavier Hutchinson,HOU,rf,5.175,0.0,13.248,3.7
00-0038619,2025,4,WR,Andrei Iosivas,CIN,rf,5.566,0.0,13.639,3.7
00-0038679,2025,4,WR,Tyrell Shavers,BUF,rf,4.572,0.0,12.645,0.0
00-0038752,2025,4,WR,Jake Bobo,SEA,rf,2.707,0.0,10.781,2.7
00-0038839,2025,4,WR,Mitchell Tinsley,CIN,rf,3.305,0.0,11.378,1.9
00-0038840,2025,4,WR,Brycen Tremayne,CAR,rf,5.367,0.0,13.44,6.6
00-0038976,2025,4,WR,Marvin Mims Jr.,DEN,rf,9.579,2.983,17.652,20.5
00-0038979,2025,4,WR,Cedric Tillman,CLE,rf,9.063,2.467,17.136,1.6
00-0038994,2025,4,WR,Jordan Addison,MIN,rf,12.215,5.619,20.288,15.4
00-0038997,2025,4,WR,Josh Downs,IND,rf,7.704,1.107,15.777,6.4
00-0039064,2025,4,WR,Zay Flowers,BAL,rf,12.129,5.533,20.202,14.4
00-0039075,2025,4,WR,Puka Nacua,LA,rf,19.66,13.063,27.733,36.0
00-0039337,2025,4,WR,Malik Nabers,NYG,rf,14.434,7.838,22.508,4.0
00-0039355,2025,4,WR,Luke McCaffrey,WAS,rf,5.01,0.0,13.083,10.1
00-0039394,2025,4,WR,Casey Washington,ATL,rf,6.839,0.242,14.912,2.9000000000000004
00-0039410,2025,4,WR,Ryan Flournoy,DAL,rf,3.37,0.0,11.443,4.6
00-0039451,2025,4,WR,Isaiah Williams,NYJ,rf,1.287,0.0,9.36,0.0
00-0039521,2025,4,WR,Xavier Weaver,ARI,rf,4.398,0.0,12.471,0.0
00-0039589,2025,4,WR,Kameron Johnson,TB,rf,0.958,0.0,9.031,0.0
00-0039751,2025,4,WR,Jordan Whittington,LA,rf,4.417,0.0,12.49,1.7000000000000002
00-0039792,2025,4,WR,Devontez Walker,BAL,rf,5.58,0.0,13.654,0.0
00-0039816,2025,4,WR,Anthony Gould,IND,rf,1.071,0.0,9.144,0.0
00-0039849,2025,4,WR,Marvin Harrison Jr.,ARI,rf,9.91,3.313,17.983,18.6
00-0039868,2025,4,WR,Troy Franklin,DEN,rf,10.595,3.998,18.668,9.5
00-0039880,2025,4,WR,Malik Washington,MIA,rf,7.096,0.499,15.169,4.1
00-0039890,2025,4,WR,Adonai Mitchell,IND,rf,3.554,0.0,11.627,10.600000000000001
00-0039893,2025,4,WR,Brian Thomas Jr.,JAX,rf,11.577,4.98,19.65,10.600000000000001
00-0039894,2025,4,WR,Xavier Worthy,KC,rf,11.12,4.524,19.193,17.1
00-0039901,2025,4,WR,Keon Coleman,BUF,rf,10.359,3.762,18.432,7.5
00-0039915,2025,4,WR,Ladd McConkey,LAC,rf,12.603,6.006,20.676,2.1
00-0039916,2025,4,WR,Ricky Pearsall,SF,rf,13.107,6.51,21.18,8.600000000000001
00-0039919,2025,4,WR,Rome Odunze,CHI,rf,13.968,7.372,22.041,16.9
00-0040009,2025,4,WR,Savion Williams,GB,rf,1.263,0.0,9.336,5.300000000000001
00-0040124,2025,4,WR,Tetairoa McMillan,CAR,rf,13.212,6.616,21.285,10.2
00-0040129,2025,4,WR,Emeka Egbuka,TB,rf,15.329,8.732,23.402,20.1
00-0040130,2025,4,WR,Jayden Higgins,HOU,rf,4.253,0.0,12.326,9.4
00-0040131,2025,4,WR,Kyle Williams,NE,rf,3.153,0.0,11.226,-0.2
00-0040134,2025,4,WR,Pat Bryant,DEN,rf,5.189,0.0,13.262,0.0
00-0040138,2025,4,WR,Jaylin Noel,HOU,rf,3.315,0.0,11.388,1.0
00-0040154,2025,4,WR,Tai Felton,MIN,rf,1.99,0.0,10.063,0.0
00-0040164,2025,4,WR,Jaylin Lane,WAS,rf,4.24,0.0,12.313,3.8
00-0040170,2025,4,WR,Elic Ayomanor,TEN,rf,9.927,3.33,18.0,6.4
00-0040184,2025,4,WR,KeAndre Lambert-Smith,LAC,rf,2.094,0.0,10.168,0.0
00-0040237,2025,4,WR,Tez Johnson,TB,rf,3.235,0.0,11.308,2.3
00-0040506,2025,4,WR,Myles Price,MIN,rf,1.071,0.0,9.144,0.0
00-0040581,2025,4,WR,Dont'e Thornton Jr.,LV,rf,6.84,0.243,14.913,0.0
00-0040648,2025,4,WR,Tory Horton,SEA,rf,6.118,0.0,14.191,2.0
00-0040667,2025,4,WR,Matthew Golden,GB,rf,4.915,0.0,12.989,11.3
00-0040705,2025,4,WR,Chimere Dike,TEN,rf,4.919,0.0,12.992,-0.4
00-0040727,2025,4,WR,Tre Harris,LAC,rf,3.253,0.0,11.326,0.0
00-0040729,2025,4,WR,Jack Bech,LV,rf,3.219,0.0,11.292,0.0
00-0040735,2025,4,WR,Luther Burden III,CHI,rf,6.238,0.0,14.311,1.6
00-0040782,2025,4,WR,Isaiah Bond,CLE,rf,4.419,0.0,12.492,8.8
00-0030279,2025,5,WR,Keenan Allen,LAC,rf,12.459,5.862,20.532,10.8
00-0030564,2025,5,WR,DeAndre Hopkins,BAL,rf,3.815,0.0,11.889,6.6000000000000005
00-0031236,2025,5,WR,Brandin Cooks,NO,rf,5.936,0.0,14.009,1.5
00-0031381,2025,5,WR,Davante Adams,LA,rf,13.419,6.823,21.492,13.8
00-0031588,2025,5,WR,Stefon Diggs,NE,rf,11.093,4.496,19.166,24.6
00-0032211,2025,5,WR,Tyler Lockett,TEN,rf,4.428,0.0,12.501,1.6
00-0032385,2025,5,WR,Sterling Shepard,TB,rf,8.172,1.575,16.245,11.9
00-0032398,2025,5,WR,Chris Moore,WAS,rf,3.923,0.0,11.996,0.0
00-0032464,2025,5,WR,Kalif Raymond,DET,rf,5.067,0.0,13.14,0.0
00-0032775,2025,5,WR,Demarcus Robinson,SF,rf,4.249,0.0,12.323,6.9
00-0033282,2025,5,WR,Curtis Samuel,BUF,rf,5.098,0.0,13.171,10.6
00-0033307,2025,5,WR,Kendrick Bourne,SF,rf,6.243,0.0,14.316,24.200000000000003
00-0033375,2025,5,WR,Tim Patrick,JAX,rf,2.982,0.0,11.056,0.0
00-0033857,2025,5,WR,JuJu Smith-Schuster,KC,rf,8.443,1.847,16.516,3.7
00-0033891,2025,5,WR,Zay Jones,ARI,rf,4.725,0.0,12.798,2.8
00-0033908,2025,5,WR,Cooper Kupp,SEA,rf,8.944,2.348,17.018,11.9
00-0033921,2025,5,WR,Chris Godwin Jr.,TB,rf,13.17,6.574,21.243,5.6
00-0033943,2025,5,WR,Josh Reynolds,NYJ,rf,3.692,0.0,11.765,7.9
00-0034272,2025,5,WR,Marquez Valdes-Scantling,SF,rf,3.514,0.0,11.587,1.9
00-0034348,2025,5,WR,Courtland Sutton,DEN,rf,16.336,9.74,24.41,17.9
00-0034487,2025,5,WR,Trent Sherfield,DEN,rf,3.299,0.0,11.372,2.5
00-0034521,2025,5,WR,Allen Lazard,NYJ,rf,5.665,0.0,13.738,1.3
00-0034775,2025,5,WR,Christian Kirk,HOU,rf,8.264,1.668,16.337,10.4
00-0034837,2025,5,WR,Calvin Ridley,TEN,rf,9.499,2.902,17.572,18.1
00-0034867,2025,5,WR,Malik Turner,SF,rf,2.611,0.0,10.684,0.0
00-0034960,2025,5,WR,Jakobi Meyers,LV,rf,12.834,6.238,20.907,7.2
00-0034983,2025,5,WR,Hunter Renfrow,CAR,rf,6.402,0.0,14.475,1.7000000000000002
00-0035021,2025,5,WR,Ashton Dulin,IND,rf,1.714,0.0,9.787,7.5
00-0035500,2025,5,WR,Greg Dortch,ARI,rf,6.922,0.326,14.995,3.2
00-0035535,2025,5,WR,Darius Slayton,NYG,rf,6.997,0.4,15.07,4.1
00-0035602,2025,5,WR,Alex Bachman,LV,rf,3.201,0.0,11.274,1.9
00-0035645,2025,5,WR,Gunner Olszewski,NYG,rf,0.865,0.0,8.939,0.0
00-0035662,2025,5,WR,Marquise Brown,KC,rf,11.307,4.71,19.38,8.8
00-0035676,2025,5,WR,A.J. Brown,PHI,rf,11.154,4.558,19.227,9.3
00-0035719,2025,5,WR,Deebo Samuel Sr.,WAS,rf,12.895,6.299,20.968,23.6
00-0036252,2025,5,WR,Michael Pittman,IND,rf,14.898,8.301,22.971,14.9
00-0036322,2025,5,WR,Justin Jefferson,MIN,rf,13.396,6.8,21.469,19.3
00-0036407,2025,5,WR,Jerry Jeudy,CLE,rf,10.263,3.666,18.336,3.5
00-0036410,2025,5,WR,Tee Higgins,CIN,rf,7.509,0.912,15.582,11.2
00-0036550,2025,5,WR,Rashod Bateman,BAL,rf,7.564,0.968,15.637,0.0
00-0036554,2025,5,WR,Nico Collins,HOU,rf,13.201,6.605,21.274,16.0
00-0036613,2025,5,WR,Jaylen Waddle,MIA,rf,9.732,3.135,17.805,23.0
00-0036620,2025,5,WR,Dee Eskridge,MIA,rf,2.079,0.0,10.152,0.0
00-0036626,2025,5,WR,Dyami Brown,JAX,rf,9.058,2.461,17.131,3.5
00-0036646,2025,5,WR,Simi Fehoko,ARI,rf,2.723,0.0,10.796,0.0
00-0036849,2025,5,WR,Tutu Atwell,LA,rf,4.782,0.0,12.855,9.2
00-0036900,2025,5,WR,Ja'Marr Chase,CIN,rf,15.053,8.457,23.126,29.0
00-0036912,2025,5,WR,DeVonta Smith,PHI,rf,10.851,4.255,18.925,19.4
00-0036963,2025,5,WR,Amon-Ra St. Brown,DET,rf,14.64,8.044,22.714,18.0
00-0036988,2025,5,WR,Josh Palmer,BUF,rf,7.072,0.475,15.145,5.6
00-0037093,2025,5,WR,Dareke Young,SEA,rf,1.517,0.0,9.59,4.6
00-0037239,2025,5,WR,Chris Olave,NO,rf,12.449,5.853,20.522,12.9
00-0037240,2025,5,WR,Jameson Williams,DET,rf,10.411,3.815,18.484,2.0
00-0037247,2025,5,WR,George Pickens,DAL,rf,13.924,7.327,21.997,13.7
00-0037261,2025,5,WR,Khalil Shakir,BUF,rf,11.961,5.364,20.034,11.0
00-0037291,2025,5,WR,Jalen Nailor,MIN,rf,7.204,0.607,15.277,7.2
00-0037524,2025,5,WR,Tay Martin,WAS,rf,3.445,0.0,11.518,1.9
00-0037545,2025,5,WR,Rashid Shaheed,NO,rf,9.971,3.375,18.045,21.4
00-0037666,2025,5,WR,Jalen Tolbert,DAL,rf,8.086,1.489,16.159,0.0
00-0037740,2025,5,WR,Garrett Wilson,NYJ,rf,14.189,7.592,22.262,19.1
00-0037741,2025,5,WR,Jahan Dotson,PHI,rf,3.074,0.0,11.147,3.4000000000000004
00-0037745,2025,5,WR,Velus Jones Jr.,NO,rf,1.025,0.0,9.098,0.0
00-0038090,2025,5,WR,Skyy Moore,SF,rf,1.785,0.0,9.858,0.1
00-0038104,2025,5,WR,Tyquan Thornton,KC,rf,10.989,4.392,19.062,12.0
00-0038117,2025,5,WR,Wan'Dale Robinson,NYG,rf,11.173,4.576,19.246,8.2
00-0038359,2025,5,WR,Xavier Smith,LA,rf,0.916,0.0,8.989,0.0
00-0038492,2025,5,WR,Jason Brownlee,KC,rf,2.893,0.0,10.966,0.0
00-0038519,2025,5,WR,Nikko Remigio,KC,rf,1.582,0.0,9.655,0.0
00-0038543,2025,5,WR,Jaxon Smith-Njigba,SEA,rf,16.242,9.646,24.315,27.200000000000003
00-0038544,2025,5,WR,Quentin Johnston,LAC,rf,12.751,6.154,20.824,6.9
00-0038559,2025,5,WR,Michael Wilson,ARI,rf,6.068,0.0,14.141,3.6
00-0038563,2025,5,WR,Tre Tucker,LV,rf,11.351,4.754,19.424,11.100000000000001
00-0038576,2025,5,WR,Charlie Jones,CIN,rf,0.865,0.0,8.939,0.0
00-0038606,2025,5,WR,Parker Washington,JAX,rf,6.928,0.332,15.001,9.6
00-0038608,2025,5,WR,Kayshon Boutte,NE,rf,8.683,2.087,16.756,7.3
00-0038618,2025,5,WR,Xavier Hutchinson,HOU,rf,5.118,0.0,13.191,16.8
00-0038619,2025,5,WR,Andrei Iosivas,CIN,rf,3.835,0.0,11.908,13.200000000000001
00-0038621,2025,5,WR,DeMario Douglas,NE,rf,6.828,0.232,14.901,3.7
00-0038640,2025,5,WR,Jalen Brooks,DAL,rf,2.806,0.0,10.88,0.0
00-0038679,2025,5,WR,Tyrell Shavers,BUF,rf,3.124,0.0,11.198,0.0
00-0038752,2025,5,WR,Jake Bobo,SEA,rf,3.967,0.0,12.04,0.0
00-0038840,2025,5,WR,Brycen Tremayne,CAR,rf,4.624,0.0,12.697,1.9
00-0038938,2025,5,WR,Jalin Hyatt,NYG,rf,3.18,0.0,11.253,0.0
00-0038976,2025,5,WR,Marvin Mims Jr.,DEN,rf,8.064,1.467,16.137,3.9000000000000004
00-0038994,2025,5,WR,Jordan Addison,MIN,rf,12.389,5.792,20.462,15.100000000000001
00-0038997,2025,5,WR,Josh Downs,IND,rf,8.274,1.678,16.347,11.4
00-0039064,2025,5,WR,Zay Flowers,BAL,rf,13.582,6.985,21.655,12.2
00-0039075,2025,5,WR,Puka Nacua,LA,rf,15.583,8.986,23.656,24.5
00-0039342,2025,5,WR,Xavier Legette,CAR,rf,7.71,1.114,15.783,11.1
00-0039355,2025,5,WR,Luke McCaffrey,WAS,rf,5.226,0.0,13.299,6.0
00-0039379,2025,5,WR,Jamari Thrash,CLE,rf,3.484,0.0,11.557,3.2
00-0039410,2025,5,WR,Ryan Flournoy,DAL,rf,3.753,0.0,11.826,18.4
00-0039424,2025,5,WR,Devaughn Vele,NO,rf,4.667,0.0,12.74,3.3
00-0039589,2025,5,WR,Kameron Johnson,TB,rf,0.778,0.0,8.851,0.2
00-0039751,2025,5,WR,Jordan Whittington,LA,rf,3.995,0.0,12.068,5.300000000000001
00-0039792,2025,5,WR,Devontez Walker,BAL,rf,3.717,0.0,11.79,0.0
00-0039816,2025,5,WR,Anthony Gould,IND,rf,0.865,0.0,8.939,0.0
00-0039849,2025,5,WR,Marvin Harrison Jr.,ARI,rf,11.997,5.4,20.07,13.8
00-0039868,2025,5,WR,Troy Franklin,DEN,rf,10.736,4.14,18.809,8.5
00-0039880,2025,5,WR,Malik Washington,MIA,rf,4.978,0.0,13.051,4.0
00-0039890,2025,5,WR,Adonai Mitchell,IND,rf,6.276,0.0,14.349,0.0
00-0039893,2025,5,WR,Brian Thomas Jr.,JAX,rf,11.492,4.896,19.565,12.0
00-0039894,2025,5,WR,Xavier Worthy,KC,rf,12.004,5.407,20.077,11.100000000000001
00-0039901,2025,5,WR,Keon Coleman,BUF,rf,9.568,2.972,17.641,10.3
00-0039915,2025,5,WR,Ladd McConkey,LAC,rf,11.003,4.406,19.076,14.9
00-0039920,2025,5,WR,Malachi Corley,CLE,rf,3.045,0.0,11.118,1.1
00-0040075,2025,5,WR,LaJohntay Wester,BAL,rf,1.239,0.0,9.312,0.0
00-0040124,2025,5,WR,Tetairoa McMillan,CAR,rf,12.141,5.545,20.214,13.3
00-0040129,2025,5,WR,Emeka Egbuka,TB,rf,15.515,8.919,23.588,31.3
00-0040130,2025,5,WR,Jayden Higgins,HOU,rf,4.15,0.0,12.223,7.2
00-0040134,2025,5,WR,Pat Bryant,DEN,rf,3.347,0.0,11.42,0.0
00-0040138,2025,5,WR,Jaylin Noel,HOU,rf,3.595,0.0,11.668,9.8
00-0040154,2025,5,WR,Tai Felton,MIN,rf,1.34,0.0,9.413,0.0
00-0040164,2025,5,WR,Jaylin Lane,WAS,rf,3.858,0.0,11.931,2.6
00-0040170,2025,5,WR,Elic Ayomanor,TEN,rf,10.252,3.656,18.326,3.8
00-0040184,2025,5,WR,KeAndre Lambert-Smith,LAC,rf,1.547,0.0,9.62,0.0
00-0040237,2025,5,WR,Tez Johnson,TB,rf,2.822,0.0,10.895,9.9
00-0040432,2025,5,WR,Beaux Collins,NYG,rf,2.185,0.0,10.259,1.7000000000000002
00-0040506,2025,5,WR,Myles Price,MIN,rf,0.865,0.0,8.939,0.0
00-0040581,2025,5,WR,Dont'e Thornton Jr.,LV,rf,3.529,0.0,11.602,0.0
00-0040582,2025,5,WR,Arian Smith,NYJ,rf,3.732,0.0,11.805,2.4000000000000004
00-0040648,2025,5,WR,Tory Horton,SEA,rf,5.833,0.0,13.906,12.9
00-0040669,2025,5,WR,Isaac TeSlaa,DET,rf,3.028,0.0,11.101,8.2
00-0040705,2025,5,WR,Chimere Dike,TEN,rf,3.566,0.0,11.639,3.7
00-0040729,2025,5,WR,Jack Bech,LV,rf,2.995,0.0,11.068,5.7
00-0040782,2025,5,WR,Isaiah Bond,CLE,rf,5.95,0.0,14.023,4.9
00-0030279,2025,6,WR,Keenan Allen,LAC,rf,13.692,7.095,21.765,6.7
00-0030564,2025,6,WR,DeAndre Hopkins,BAL,rf,4.983,0.0,13.056,4.0
00-0031236,2025,6,WR,Brandin Cooks,NO,rf,4.699,0.0,12.772,3.1
00-0031381,2025,6,WR,Davante Adams,LA,rf,14.131,7.534,22.204,7.9
00-0031588,2025,6,WR,Stefon Diggs,NE,rf,13.114,6.518,21.187,5.800000000000001
00-0032211,2025,6,WR,Tyler Lockett,TEN,rf,3.755,0.0,11.828,1.0
00-0032385,2025,6,WR,Sterling Shepard,TB,rf,8.29,1.694,16.363,7.1000000000000005
00-0032398,2025,6,WR,Chris Moore,WAS,rf,3.15,0.0,11.223,13.600000000000001
00-0032464,2025,6,WR,Kalif Raymond,DET,rf,2.902,0.0,10.975,0.0
00-0032775,2025,6,WR,Demarcus Robinson,SF,rf,7.934,1.338,16.008,6.4
00-0033307,2025,6,WR,Kendrick Bourne,SF,rf,10.058,3.462,18.131,19.200000000000003
00-0033375,2025,6,WR,Tim Patrick,JAX,rf,3.1,0.0,11.173,9.6
00-0033555,2025,6,WR,Mack Hollins,NE,rf,4.94,0.0,13.013,4.800000000000001
00-0033572,2025,6,WR,Jamal Agnew,ATL,rf,2.618,0.0,10.691,0.0
00-0033857,2025,6,WR,JuJu Smith-Schuster,KC,rf,7.287,0.69,15.36,8.7
00-0033891,2025,6,WR,Zay Jones,ARI,rf,5.476,0.0,13.55,12.9
00-0033908,2025,6,WR,Cooper Kupp,SEA,rf,8.696,2.099,16.769,12.0
00-0033943,2025,6,WR,Josh Reynolds,NYJ,rf,5.284,0.0,13.357,5.5
00-0034272,2025,6,WR,Marquez Valdes-Scantling,SF,rf,3.17,0.0,11.243,4.2
00-0034348,2025,6,WR,Courtland Sutton,DEN,rf,13.398,6.802,21.471,2.7
00-0034827,2025,6,WR,DJ Moore,CHI,rf,9.967,3.37,18.04,8.2
00-0034837,2025,6,WR,Calvin Ridley,TEN,rf,10.458,3.861,18.531,2.8
00-0034854,2025,6,WR,KhaDarel Hodge,ATL,rf,3.528,0.0,11.601,0.0
00-0034960,2025,6,WR,Jakobi Meyers,LV,rf,11.39,4.794,19.463,7.9
00-0034983,2025,6,WR,Hunter Renfrow,CAR,rf,6.77,0.173,14.843,1.7000000000000002
00-0035021,2025,6,WR,Ashton Dulin,IND,rf,3.808,0.0,11.881,0.0
00-0035208,2025,6,WR,Olamide Zaccheaus,CHI,rf,7.563,0.966,15.636,4.800000000000001
00-0035406,2025,6,WR,Lil'Jordan Humphrey,NYG,rf,3.483,0.0,11.556,9.5
00-0035500,2025,6,WR,Greg Dortch,ARI,rf,5.902,0.0,13.975,9.9
00-0035602,2025,6,WR,Alex Bachman,LV,rf,2.514,0.0,10.587,0.0
00-0035639,2025,6,WR,Parris Campbell,DAL,rf,2.649,0.0,10.722,0.0
00-0035640,2025,6,WR,DK Metcalf,PIT,rf,11.428,4.832,19.501,19.5
00-0035645,2025,6,WR,Gunner Olszewski,NYG,rf,0.69,0.0,8.763,0.0
00-0035662,2025,6,WR,Marquise Brown,KC,rf,10.972,4.376,19.045,20.5
00-0035676,2025,6,WR,A.J. Brown,PHI,rf,9.965,3.369,18.038,14.0
00-0035719,2025,6,WR,Deebo Samuel Sr.,WAS,rf,14.038,7.442,22.111,5.4
00-0036182,2025,6,WR,Nick Westbrook-Ikhine,MIA,rf,2.823,0.0,10.896,0.0
00-0036252,2025,6,WR,Michael Pittman,IND,rf,13.444,6.847,21.517,4.0
00-0036259,2025,6,WR,Jauan Jennings,SF,rf,9.625,3.029,17.698,1.7000000000000002
00-0036331,2025,6,WR,Devin Duvernay,CHI,rf,0.717,0.0,8.79,0.0
00-0036407,2025,6,WR,Jerry Jeudy,CLE,rf,8.317,1.721,16.39,9.3
00-0036410,2025,6,WR,Tee Higgins,CIN,rf,8.071,1.474,16.144,11.2
00-0036415,2025,6,WR,Van Jefferson,TEN,rf,3.231,0.0,11.304,11.5
00-0036427,2025,6,WR,Tyler Johnson,NYJ,rf,4.122,0.0,12.195,0.0
00-0036550,2025,6,WR,Rashod Bateman,BAL,rf,5.509,0.0,13.582,1.8
00-0036613,2025,6,WR,Jaylen Waddle,MIA,rf,13.416,6.819,21.489,15.82
00-0036620,2025,6,WR,Dee Eskridge,MIA,rf,0.867,0.0,8.94,0.0
00-0036626,2025,6,WR,Dyami Brown,JAX,rf,7.455,0.859,15.528,4.0
00-0036630,2025,6,WR,Tylan Wallace,BAL,rf,3.305,0.0,11.378,0.0
00-0036646,2025,6,WR,Simi Fehoko,ARI,rf,1.258,0.0,9.331,0.0
00-0036862,2025,6,WR,Ben Skowronek,PIT,rf,3.241,0.0,11.314,0.0
00-0036900,2025,6,WR,Ja'Marr Chase,CIN,rf,15.027,8.431,23.1,25.1
00-0036912,2025,6,WR,DeVonta Smith,PHI,rf,11.19,4.594,19.263,8.9
00-0036963,2025,6,WR,Amon-Ra St. Brown,DET,rf,14.005,7.409,22.078,13.7
00-0036980,2025,6,WR,Elijah Moore,BUF,rf,3.008,0.0,11.081,0.0
00-0036988,2025,6,WR,Josh Palmer,BUF,rf,6.327,0.0,14.4,8.0
00-0037091,2025,6,WR,Bo Melton,GB,rf,1.331,0.0,9.404,0.30000000000000004
00-0037093,2025,6,WR,Dareke Young,SEA,rf,2.603,0.0,10.676,0.0
00-0037238,2025,6,WR,Drake London,ATL,rf,16.207,9.611,24.28,31.8
00-0037239,2025,6,WR,Chris Olave,NO,rf,13.506,6.909,21.579,15.8
00-0037240,2025,6,WR,Jameson Williams,DET,rf,8.642,2.046,16.715,18.6
00-0037247,2025,6,WR,George Pickens,DAL,rf,14.327,7.73,22.4,31.8
00-0037261,2025,6,WR,Khalil Shakir,BUF,rf,10.416,3.819,18.489,6.300000000000001
00-0037487,2025,6,WR,Deven Thompkins,ATL,rf,1.981,0.0,10.054,0.0
00-0037545,2025,6,WR,Rashid Shaheed,NO,rf,11.087,4.49,19.16,6.800000000000001
00-0037664,2025,6,WR,Alec Pierce,IND,rf,8.312,1.716,16.385,6.800000000000001
00-0037666,2025,6,WR,Jalen Tolbert,DAL,rf,4.649,0.0,12.722,1.8
00-0037740,2025,6,WR,Garrett Wilson,NYJ,rf,13.642,7.045,21.715,4.3
00-0037741,2025,6,WR,Jahan Dotson,PHI,rf,4.874,0.0,12.947,2.7
00-0037816,2025,6,WR,Romeo Doubs,GB,rf,12.932,6.335,21.005,10.5
00-0038090,2025,6,WR,Skyy Moore,SF,rf,1.335,0.0,9.408,0.0
00-0038117,2025,6,WR,Wan'Dale Robinson,NYG,rf,10.472,3.875,18.545,20.4
00-0038359,2025,6,WR,Xavier Smith,LA,rf,0.832,0.0,8.906,0.0
00-0038393,2025,6,WR,Dontayvion Wicks,GB,rf,7.208,0.611,15.281,3.5
00-0038492,2025,6,WR,Jason Brownlee,KC,rf,2.324,0.0,10.397,0.0
00-0038519,2025,6,WR,Nikko Remigio,KC,rf,0.705,0.0,8.778,0.0
00-0038543,2025,6,WR,Jaxon Smith-Njigba,SEA,rf,13.935,7.338,22.008,30.2
00-0038559,2025,6,WR,Michael Wilson,ARI,rf,6.347,0.0,14.42,8.4
00-0038563,2025,6,WR,Tre Tucker,LV,rf,13.611,7.015,21.684,12.0
00-0038576,2025,6,WR,Charlie Jones,CIN,rf,0.69,0.0,8.763,0.0
00-0038606,2025,6,WR,Parker Washington,JAX,rf,7.063,0.467,15.137,4.9
00-0038608,2025,6,WR,Kayshon Boutte,NE,rf,7.489,0.893,15.563,26.3
00-0038619,2025,6,WR,Andrei Iosivas,CIN,rf,9.311,2.715,17.385,1.5
00-0038621,2025,6,WR,DeMario Douglas,NE,rf,6.251,0.0,14.324,16.1
00-0038679,2025,6,WR,Tyrell Shavers,BUF,rf,2.504,0.0,10.577,5.7
00-0038740,2025,6,WR,Jalen Moreno-Cropper,DAL,rf,1.922,0.0,9.995,0.0
00-0038824,2025,6,WR,Ryan Miller,TB,rf,3.55,0.0,11.623,0.0
00-0038938,2025,6,WR,Jalin Hyatt,NYG,rf,4.249,0.0,12.322,4.7
00-0038976,2025,6,WR,Marvin Mims Jr.,DEN,rf,6.67,0.073,14.743,4.800000000000001
00-0038997,2025,6,WR,Josh Downs,IND,rf,9.019,2.422,17.092,16.2
00-0039064,2025,6,WR,Zay Flowers,BAL,rf,15.027,8.431,23.1,8.600000000000001
00-0039075,2025,6,WR,Puka Nacua,LA,rf,18.022,11.426,26.095,4.800000000000001
00-0039342,2025,6,WR,Xavier Legette,CAR,rf,7.619,1.022,15.692,3.1
00-0039355,2025,6,WR,Luke McCaffrey,WAS,rf,5.977,0.0,14.05,10.3
00-0039379,2025,6,WR,Jamari Thrash,CLE,rf,3.204,0.0,11.277,3.3
00-0039394,2025,6,WR,Casey Washington,ATL,rf,5.837,0.0,13.91,0.0
00-0039410,2025,6,WR,Ryan Flournoy,DAL,rf,7.656,1.059,15.729,6.300000000000001
00-0039451,2025,6,WR,Isaiah Williams,NYJ,rf,1.064,0.0,9.137,0.0
00-0039589,2025,6,WR,Kameron Johnson,TB,rf,1.258,0.0,9.331,16.4
00-0039623,2025,6,WR,Mason Tipton,NO,rf,2.794,0.0,10.867,0.0
00-0039739,2025,6,WR,Roman Wilson,PIT,rf,3.227,0.0,11.3,2.2
00-0039751,2025,6,WR,Jordan Whittington,LA,rf,4.107,0.0,12.181,5.300000000000001
00-0039816,2025,6,WR,Anthony Gould,IND,rf,0.69,0.0,8.763,0.0
00-0039849,2025,6,WR,Marvin Harrison Jr.,ARI,rf,10.972,4.376,19.045,5.2
00-0039868,2025,6,WR,Troy Franklin,DEN,rf,9.909,3.313,17.982,3.1
00-0039880,2025,6,WR,Malik Washington,MIA,rf,5.963,0.0,14.036,6.300000000000001
00-0039893,2025,6,WR,Brian Thomas Jr.,JAX,rf,11.684,5.088,19.757,23.0
00-0039894,2025,6,WR,Xavier Worthy,KC,rf,11.763,5.167,19.836,10.6
00-0039901,2025,6,WR,Keon Coleman,BUF,rf,9.42,2.824,17.494,4.1
00-0039915,2025,6,WR,Ladd McConkey,LAC,rf,11.263,4.667,19.336,23.0
00-0039919,2025,6,WR,Rome Odunze,CHI,rf,13.111,6.515,21.184,5.2
00-0040009,2025,6,WR,Savion Williams,GB,rf,3.059,0.0,11.132,0.30000000000000004
00-0040075,2025,6,WR,LaJohntay Wester,BAL,rf,0.717,0.0,8.79,0.0
00-0040124,2025,6,WR,Tetairoa McMillan,CAR,rf,11.907,5.31,19.98,17.9
00-0040129,2025,6,WR,Emeka Egbuka,TB,rf,11.874,5.278,19.947,4.4
00-0040131,2025,6,WR,Kyle Williams,NE,rf,1.973,0.0,10.046,0.0
00-0040134,2025,6,WR,Pat Bryant,DEN,rf,2.325,0.0,10.398,4.2
00-0040164,2025,6,WR,Jaylin Lane,WAS,rf,3.897,0.0,11.97,5.4
00-0040170,2025,6,WR,Elic Ayomanor,TEN,rf,8.981,2.385,17.054,5.7
00-0040184,2025,6,WR,KeAndre Lambert-Smith,LAC,rf,0.953,0.0,9.026,1.1
00-0040218,2025,6,WR,Jimmy Horn Jr.,CAR,rf,4.584,0.0,12.657,6.7
00-0040237,2025,6,WR,Tez Johnson,TB,rf,4.669,0.0,12.742,11.5
00-0040259,2025,6,WR,Gage Larvadain,CLE,rf,1.922,0.0,9.995,4.2
00-0040582,2025,6,WR,Arian Smith,NYJ,rf,2.628,0.0,10.701,0.0
00-0040648,2025,6,WR,Tory Horton,SEA,rf,5.699,0.0,13.772,0.0
00-0040667,2025,6,WR,Matthew Golden,GB,rf,6.963,0.366,15.036,13.200000000000001
00-0040705,2025,6,WR,Chimere Dike,TEN,rf,5.777,0.0,13.85,2.8
00-0040727,2025,6,WR,Tre Harris,LAC,rf,2.988,0.0,11.061,6.7
00-0040729,2025,6,WR,Jack Bech,LV,rf,3.814,0.0,11.887,0.0
00-0040735,2025,6,WR,Luther Burden III,CHI,rf,5.904,0.0,13.977,9.100000000000001
00-0040782,2025,6,WR,Isaiah Bond,CLE,rf,6.555,0.0,14.628,2.9
00-0030035,2025,7,WR,Adam Thielen,MIN,rf,3.469,0.0,11.542,2.0
00-0030279,2025,7,WR,Keenan Allen,LAC,rf,12.871,6.275,20.944,28.9
00-0031236,2025,7,WR,Brandin Cooks,NO,rf,4.974,0.0,13.047,1.3
00-0031381,2025,7,WR,Davante Adams,LA,rf,14.006,7.41,22.079,26.5
00-0031408,2025,7,WR,Mike Evans,TB,rf,13.086,6.489,21.159,0.0
00-0031588,2025,7,WR,Stefon Diggs,NE,rf,11.152,4.555,19.225,13.9
00-0032211,2025,7,WR,Tyler Lockett,TEN,rf,3.933,0.0,12.007,3.8
00-0032385,2025,7,WR,Sterling Shepard,TB,rf,7.66,1.063,15.733,7.5
00-0032398,2025,7,WR,Chris Moore,WAS,rf,4.455,0.0,12.528,7.9
00-0032464,2025,7,WR,Kalif Raymond,DET,rf,2.407,0.0,10.48,4.7
00-0032688,2025,7,WR,Robbie Chosen,WAS,rf,3.166,0.0,11.239,7.6
00-0032775,2025,7,WR,Demarcus Robinson,SF,rf,5.948,0.0,14.021,0.0
00-0032951,2025,7,WR,Laquon Treadwell,IND,rf,2.928,0.0,11.001,0.0
00-0033307,2025,7,WR,Kendrick Bourne,SF,rf,12.296,5.699,20.369,3.4000000000000004
00-0033375,2025,7,WR,Tim Patrick,JAX,rf,4.672,0.0,12.745,3.2
00-0033555,2025,7,WR,Mack Hollins,NE,rf,5.406,0.0,13.48,7.300000000000001
00-0033572,2025,7,WR,Jamal Agnew,ATL,rf,2.079,0.0,10.152,0.0
00-0033857,2025,7,WR,JuJu Smith-Schuster,KC,rf,7.042,0.445,15.115,6.5
00-0033891,2025,7,WR,Zay Jones,ARI,rf,8.087,1.491,16.16,8.7
00-0033908,2025,7,WR,Cooper Kupp,SEA,rf,8.811,2.214,16.884,2.2
00-0033943,2025,7,WR,Josh Reynolds,NYJ,rf,4.509,0.0,12.582,5.9
00-0034348,2025,7,WR,Courtland Sutton,DEN,rf,12.474,5.878,20.547,16.700000000000003
00-0034419,2025,7,WR,Braxton Berrios,HOU,rf,1.552,0.0,9.626,0.9
00-0034521,2025,7,WR,Allen Lazard,NYJ,rf,4.089,0.0,12.162,3.6
00-0034827,2025,7,WR,DJ Moore,CHI,rf,9.111,2.514,17.184,8.2
00-0034854,2025,7,WR,KhaDarel Hodge,ATL,rf,1.889,0.0,9.962,0.0
00-0034867,2025,7,WR,Malik Turner,SF,rf,2.974,0.0,11.048,0.0
00-0035208,2025,7,WR,Olamide Zaccheaus,CHI,rf,8.11,1.513,16.183,2.9
00-0035298,2025,7,WR,Scott Miller,PIT,rf,3.661,0.0,11.734,1.9
00-0035406,2025,7,WR,Lil'Jordan Humphrey,NYG,rf,9.137,2.54,17.21,0.0
00-0035500,2025,7,WR,Greg Dortch,ARI,rf,6.479,0.0,14.552,2.5
00-0035602,2025,7,WR,Alex Bachman,LV,rf,1.632,0.0,9.705,0.0
00-0035640,2025,7,WR,DK Metcalf,PIT,rf,13.938,7.342,22.011,8.0
00-0035645,2025,7,WR,Gunner Olszewski,NYG,rf,0.657,0.0,8.73,0.0
00-0035662,2025,7,WR,Marquise Brown,KC,rf,11.223,4.627,19.296,9.4
00-0035676,2025,7,WR,A.J. Brown,PHI,rf,11.48,4.884,19.553,28.1
00-0036176,2025,7,WR,Mason Kinsey,TEN,rf,1.523,0.0,9.596,0.0
00-0036182,2025,7,WR,Nick Westbrook-Ikhine,MIA,rf,2.582,0.0,10.655,4.6
00-0036252,2025,7,WR,Michael Pittman,IND,rf,9.814,3.218,17.887,20.8
00-0036259,2025,7,WR,Jauan Jennings,SF,rf,10.179,3.582,18.252,7.1
00-0036309,2025,7,WR,Darnell Mooney,ATL,rf,8.026,1.43,16.099,9.8
00-0036322,2025,7,WR,Justin Jefferson,MIN,rf,14.443,7.847,22.516,12.9
00-0036331,2025,7,WR,Devin Duvernay,CHI,rf,0.709,0.0,8.782,0.0
00-0036358,2025,7,WR,CeeDee Lamb,DAL,rf,18.178,11.582,26.251,22.0
00-0036407,2025,7,WR,Jerry Jeudy,CLE,rf,9.986,3.39,18.059,3.7
00-0036410,2025,7,WR,Tee Higgins,CIN,rf,8.978,2.382,17.051,21.6
00-0036415,2025,7,WR,Van Jefferson,TEN,rf,5.638,0.0,13.711,8.100000000000001
00-0036427,2025,7,WR,Tyler Johnson,NYJ,rf,3.277,0.0,11.35,9.0
00-0036554,2025,7,WR,Nico Collins,HOU,rf,13.767,7.171,21.84,6.7
00-0036613,2025,7,WR,Jaylen Waddle,MIA,rf,15.609,9.013,23.682,2.5
00-0036620,2025,7,WR,Dee Eskridge,MIA,rf,2.385,0.0,10.458,6.5
00-0036626,2025,7,WR,Dyami Brown,JAX,rf,7.255,0.658,15.328,7.0
00-0036646,2025,7,WR,Simi Fehoko,ARI,rf,0.77,0.0,8.843,0.0
00-0036862,2025,7,WR,Ben Skowronek,PIT,rf,1.291,0.0,9.364,0.0
00-0036900,2025,7,WR,Ja'Marr Chase,CIN,rf,15.384,8.787,23.457,38.1
00-0036912,2025,7,WR,DeVonta Smith,PHI,rf,10.781,4.185,18.854,33.3
00-0036963,2025,7,WR,Amon-Ra St. Brown,DET,rf,15.295,8.699,23.368,20.6
00-0037091,2025,7,WR,Bo Melton,GB,rf,1.525,0.0,9.598,0.0
00-0037093,2025,7,WR,Dareke Young,SEA,rf,1.052,0.0,9.125,0.0
00-0037238,2025,7,WR,Drake London,ATL,rf,15.393,8.797,23.466,8.2
00-0037239,2025,7,WR,Chris Olave,NO,rf,14.548,7.951,22.621,26.8
00-0037240,2025,7,WR,Jameson Williams,DET,rf,8.466,1.869,16.539,0.0
00-0037247,2025,7,WR,George Pickens,DAL,rf,12.825,6.228,20.898,12.200000000000001
00-0037291,2025,7,WR,Jalen Nailor,MIN,rf,6.975,0.379,15.048,5.7
00-0037545,2025,7,WR,Rashid Shaheed,NO,rf,9.999,3.403,18.072,8.0
00-0037664,2025,7,WR,Alec Pierce,IND,rf,7.232,0.636,15.305,14.8
00-0037666,2025,7,WR,Jalen Tolbert,DAL,rf,5.395,0.0,13.468,2.6
00-0037801,2025,7,WR,KaVontae Turpin,DAL,rf,7.071,0.475,15.144,2.7
00-0037816,2025,7,WR,Romeo Doubs,GB,rf,11.758,5.161,19.831,13.2
00-0038090,2025,7,WR,Skyy Moore,SF,rf,0.581,0.0,8.654,2.5
00-0038104,2025,7,WR,Tyquan Thornton,KC,rf,8.113,1.516,16.186,4.9
00-0038117,2025,7,WR,Wan'Dale Robinson,NYG,rf,12.66,6.063,20.733,15.5
00-0038359,2025,7,WR,Xavier Smith,LA,rf,0.925,0.0,8.998,3.5
00-0038393,2025,7,WR,Dontayvion Wicks,GB,rf,5.293,0.0,13.366,1.5
00-0038465,2025,7,WR,Malik Heath,GB,rf,3.372,0.0,11.445,0.0
00-0038496,2025,7,WR,Xavier Gipson,PHI,rf,1.367,0.0,9.44,0.0
00-0038519,2025,7,WR,Nikko Remigio,KC,rf,0.676,0.0,8.75,0.0
00-0038543,2025,7,WR,Jaxon Smith-Njigba,SEA,rf,13.077,6.481,21.15,26.3
00-0038544,2025,7,WR,Quentin Johnston,LAC,rf,14.936,8.339,23.009,11.0
00-0038559,2025,7,WR,Michael Wilson,ARI,rf,4.719,0.0,12.792,7.0
00-0038563,2025,7,WR,Tre Tucker,LV,rf,12.11,5.513,20.183,8.3
00-0038573,2025,7,WR,Derius Davis,LAC,rf,1.698,0.0,9.771,0.0
00-0038576,2025,7,WR,Charlie Jones,CIN,rf,0.657,0.0,8.73,0.0
00-0038606,2025,7,WR,Parker Washington,JAX,rf,7.517,0.921,15.59,10.2
00-0038608,2025,7,WR,Kayshon Boutte,NE,rf,7.073,0.476,15.146,13.5
00-0038618,2025,7,WR,Xavier Hutchinson,HOU,rf,5.15,0.0,13.223,2.3
00-0038619,2025,7,WR,Andrei Iosivas,CIN,rf,5.699,0.0,13.772,7.9
00-0038621,2025,7,WR,DeMario Douglas,NE,rf,5.904,0.0,13.977,4.7
00-0038752,2025,7,WR,Jake Bobo,SEA,rf,2.639,0.0,10.712,1.3
00-0038824,2025,7,WR,Ryan Miller,TB,rf,2.672,0.0,10.745,2.4000000000000004
00-0038840,2025,7,WR,Brycen Tremayne,CAR,rf,4.9,0.0,12.974,0.0
00-0038938,2025,7,WR,Jalin Hyatt,NYG,rf,5.081,0.0,13.154,0.0
00-0038976,2025,7,WR,Marvin Mims Jr.,DEN,rf,7.495,0.898,15.568,15.8
00-0038994,2025,7,WR,Jordan Addison,MIN,rf,12.549,5.953,20.622,21.8
00-0039067,2025,7,WR,Rashee Rice,KC,rf,11.484,4.887,19.557,23.2
00-0039342,2025,7,WR,Xavier Legette,CAR,rf,6.483,0.0,14.556,24.200000000000003
00-0039355,2025,7,WR,Luke McCaffrey,WAS,rf,5.005,0.0,13.078,0.0
00-0039379,2025,7,WR,Jamari Thrash,CLE,rf,3.694,0.0,11.767,3.3000000000000003
00-0039394,2025,7,WR,Casey Washington,ATL,rf,3.772,0.0,11.845,2.7
00-0039410,2025,7,WR,Ryan Flournoy,DAL,rf,8.772,2.175,16.845,0.0
00-0039451,2025,7,WR,Isaiah Williams,NYJ,rf,0.767,0.0,8.84,0.0
00-0039491,2025,7,WR,Jalen Coker,CAR,rf,8.777,2.181,16.85,0.0
00-0039521,2025,7,WR,Xavier Weaver,ARI,rf,3.498,0.0,11.571,0.0
00-0039589,2025,7,WR,Kameron Johnson,TB,rf,4.659,0.0,12.732,0.0
00-0039623,2025,7,WR,Mason Tipton,NO,rf,2.834,0.0,10.907,0.0
00-0039739,2025,7,WR,Roman Wilson,PIT,rf,2.725,0.0,10.798,3.7
00-0039751,2025,7,WR,Jordan Whittington,LA,rf,4.817,0.0,12.89,2.9
00-0039816,2025,7,WR,Anthony Gould,IND,rf,0.657,0.0,8.73,1.3
00-0039849,2025,7,WR,Marvin Harrison Jr.,ARI,rf,9.696,3.099,17.769,7.800000000000001
00-0039868,2025,7,WR,Troy Franklin,DEN,rf,9.235,2.638,17.308,12.9
00-0039880,2025,7,WR,Malik Washington,MIA,rf,6.407,0.0,14.48,8.0
00-0039890,2025,7,WR,Adonai Mitchell,IND,rf,3.416,0.0,11.489,1.8
00-0039893,2025,7,WR,Brian Thomas Jr.,JAX,rf,13.062,6.466,21.135,6.1
00-0039894,2025,7,WR,Xavier Worthy,KC,rf,10.673,4.076,18.746,7.800000000000001
00-0039915,2025,7,WR,Ladd McConkey,LAC,rf,12.235,5.638,20.308,15.7
00-0039919,2025,7,WR,Rome Odunze,CHI,rf,13.94,7.344,22.014,5.1
00-0039920,2025,7,WR,Malachi Corley,CLE,rf,1.935,0.0,10.008,3.7
00-0040009,2025,7,WR,Savion Williams,GB,rf,2.731,0.0,10.804,0.0
00-0040124,2025,7,WR,Tetairoa McMillan,CAR,rf,12.216,5.62,20.289,6.300000000000001
00-0040129,2025,7,WR,Emeka Egbuka,TB,rf,15.574,8.978,23.647,9.8
00-0040130,2025,7,WR,Jayden Higgins,HOU,rf,4.773,0.0,12.846,0.0
00-0040131,2025,7,WR,Kyle Williams,NE,rf,2.219,0.0,10.292,0.0
00-0040134,2025,7,WR,Pat Bryant,DEN,rf,2.854,0.0,10.927,1.6
00-0040138,2025,7,WR,Jaylin Noel,HOU,rf,3.408,0.0,11.481,11.7
00-0040154,2025,7,WR,Tai Felton,MIN,rf,0.736,0.0,8.809,0.0
00-0040164,2025,7,WR,Jaylin Lane,WAS,rf,4.169,0.0,12.242,9.0
00-0040170,2025,7,WR,Elic Ayomanor,TEN,rf,7.817,1.22,15.89,4.9
00-0040218,2025,7,WR,Jimmy Horn Jr.,CAR,rf,5.822,0.0,13.895,2.5
00-0040237,2025,7,WR,Tez Johnson,TB,rf,4.8,0.0,12.873,15.8
00-0040259,2025,7,WR,Gage Larvadain,CLE,rf,3.093,0.0,11.166,0.0
00-0040432,2025,7,WR,Beaux Collins,NYG,rf,3.549,0.0,11.622,0.0
00-0040506,2025,7,WR,Myles Price,MIN,rf,0.709,0.0,8.782,0.0
00-0040534,2025,7,WR,Ke'Shawn Williams,PIT,rf,1.49,0.0,9.563,0.0
00-0040563,2025,7,WR,Efton Chism III,NE,rf,1.49,0.0,9.563,0.0
00-0040581,2025,7,WR,Dont'e Thornton Jr.,LV,rf,4.387,0.0,12.46,0.0
00-0040582,2025,7,WR,Arian Smith,NYJ,rf,2.596,0.0,10.669,1.0
00-0040590,2025,7,WR,Konata Mumpfield,LA,rf,3.217,0.0,11.291,7.5
00-0040648,2025,7,WR,Tory Horton,SEA,rf,5.826,0.0,13.899,0.0
00-0040667,2025,7,WR,Matthew Golden,GB,rf,7.803,1.206,15.876,7.7
00-0040669,2025,7,WR,Isaac TeSlaa,DET,rf,4.093,0.0,12.166,0.0
00-0040705,2025,7,WR,Chimere Dike,TEN,rf,5.004,0.0,13.077,16.9
00-0040727,2025,7,WR,Tre Harris,LAC,rf,4.382,0.0,12.455,4.300000000000001
00-0040729,2025,7,WR,Jack Bech,LV,rf,2.863,0.0,10.936,3.3
00-0040735,2025,7,WR,Luther Burden III,CHI,rf,6.077,0.0,14.15,3.1
00-0030035,2025,8,WR,Adam Thielen,MIN,rf,3.443,0.0,11.516,0.0
00-0030279,2025,8,WR,Keenan Allen,LAC,rf,14.125,7.529,22.198,8.4
00-0030564,2025,8,WR,DeAndre Hopkins,BAL,rf,5.384,0.0,13.457,2.4000000000000004
00-0031236,2025,8,WR,Brandin Cooks,NO,rf,4.36,0.0,12.433,5.2
00-0031588,2025,8,WR,Stefon Diggs,NE,rf,12.927,6.33,21.0,10.4
00-0032385,2025,8,WR,Sterling Shepard,TB,rf,7.045,0.449,15.118,1.8
00-0032775,2025,8,WR,Demarcus Robinson,SF,rf,4.153,0.0,12.227,4.5
00-0033282,2025,8,WR,Curtis Samuel,BUF,rf,4.358,0.0,12.431,0.0
00-0033307,2025,8,WR,Kendrick Bourne,SF,rf,10.212,3.616,18.285,7.4
00-0033555,2025,8,WR,Mack Hollins,NE,rf,5.533,0.0,13.606,15.9
00-0033572,2025,8,WR,Jamal Agnew,ATL,rf,0.972,0.0,9.045,0.0
00-0033857,2025,8,WR,JuJu Smith-Schuster,KC,rf,6.998,0.401,15.071,4.9
00-0034348,2025,8,WR,Courtland Sutton,DEN,rf,16.29,9.694,24.363,10.7
00-0034418,2025,8,WR,Cedrick Wilson Jr.,MIA,rf,2.862,0.0,10.935,1.2
00-0034419,2025,8,WR,Braxton Berrios,HOU,rf,3.722,0.0,11.795,8.8
00-0034521,2025,8,WR,Allen Lazard,NYJ,rf,5.694,0.0,13.767,1.5
00-0034827,2025,8,WR,DJ Moore,CHI,rf,8.256,1.659,16.329,11.600000000000001
00-0034854,2025,8,WR,KhaDarel Hodge,ATL,rf,1.67,0.0,9.743,6.1
00-0035021,2025,8,WR,Ashton Dulin,IND,rf,2.747,0.0,10.82,0.19999999999999996
00-0035208,2025,8,WR,Olamide Zaccheaus,CHI,rf,6.5,0.0,14.573,10.3
00-0035359,2025,8,WR,David Sills,ATL,rf,3.425,0.0,11.498,3.4000000000000004
00-0035535,2025,8,WR,Darius Slayton,NYG,rf,6.416,0.0,14.489,4.6
00-0035640,2025,8,WR,DK Metcalf,PIT,rf,14.054,7.458,22.127,16.5
00-0035645,2025,8,WR,Gunner Olszewski,NYG,rf,0.728,0.0,8.801,0.0
00-0035659,2025,8,WR,Terry McLaurin,WAS,rf,9.717,3.12,17.79,14.4
00-0035662,2025,8,WR,Marquise Brown,KC,rf,11.296,4.7,19.369,0.0
00-0035719,2025,8,WR,Deebo Samuel Sr.,WAS,rf,13.817,7.22,21.89,4.2
00-0036182,2025,8,WR,Nick Westbrook-Ikhine,MIA,rf,2.745,0.0,10.818,2.8
00-0036252,2025,8,WR,Michael Pittman,IND,rf,14.228,7.631,22.301,23.5
00-0036259,2025,8,WR,Jauan Jennings,SF,rf,7.96,1.364,16.033,8.5
00-0036309,2025,8,WR,Darnell Mooney,ATL,rf,9.552,2.956,17.625,2.1
00-0036322,2025,8,WR,Justin Jefferson,MIN,rf,14.112,7.516,22.185,14.4
00-0036331,2025,8,WR,Devin Duvernay,CHI,rf,0.64,0.0,8.714,1.2
00-0036358,2025,8,WR,CeeDee Lamb,DAL,rf,15.832,9.235,23.905,14.600000000000001
00-0036407,2025,8,WR,Jerry Jeudy,CLE,rf,7.63,1.034,15.703,0.0
00-0036410,2025,8,WR,Tee Higgins,CIN,rf,13.28,6.683,21.353,11.4
00-0036415,2025,8,WR,Van Jefferson,TEN,rf,5.984,0.0,14.057,1.6
00-0036427,2025,8,WR,Tyler Johnson,NYJ,rf,4.572,0.0,12.645,15.4
00-0036550,2025,8,WR,Rashod Bateman,BAL,rf,5.128,0.0,13.201,7.1000000000000005
00-0036613,2025,8,WR,Jaylen Waddle,MIA,rf,11.597,5.0,19.67,20.9
00-0036620,2025,8,WR,Dee Eskridge,MIA,rf,3.166,0.0,11.24,0.0
00-0036630,2025,8,WR,Tylan Wallace,BAL,rf,2.649,0.0,10.722,1.6
00-0036862,2025,8,WR,Ben Skowronek,PIT,rf,0.847,0.0,8.92,2.3
00-0036900,2025,8,WR,Ja'Marr Chase,CIN,rf,16.927,10.33,25.0,21.1
00-0036912,2025,8,WR,DeVonta Smith,PHI,rf,12.18,5.584,20.253,14.4
00-0036980,2025,8,WR,Elijah Moore,BUF,rf,3.059,0.0,11.132,2.4000000000000004
00-0037091,2025,8,WR,Bo Melton,GB,rf,0.781,0.0,8.854,0.0
00-0037239,2025,8,WR,Chris Olave,NO,rf,14.67,8.073,22.743,14.0
00-0037247,2025,8,WR,George Pickens,DAL,rf,14.266,7.67,22.339,14.8
00-0037261,2025,8,WR,Khalil Shakir,BUF,rf,9.679,3.083,17.752,20.8
00-0037291,2025,8,WR,Jalen Nailor,MIN,rf,7.51,0.914,15.583,0.0
00-0037545,2025,8,WR,Rashid Shaheed,NO,rf,11.611,5.014,19.684,14.5
00-0037664,2025,8,WR,Alec Pierce,IND,rf,9.34,2.743,17.413,8.9
00-0037666,2025,8,WR,Jalen Tolbert,DAL,rf,6.122,0.0,14.195,12.7
00-0037741,2025,8,WR,Jahan Dotson,PHI,rf,3.992,0.0,12.065,11.0
00-0037801,2025,8,WR,KaVontae Turpin,DAL,rf,7.121,0.524,15.194,0.8
00-0037816,2025,8,WR,Romeo Doubs,GB,rf,12.798,6.201,20.871,9.4
00-0037837,2025,8,WR,Calvin Austin III,PIT,rf,7.395,0.799,15.468,6.800000000000001
00-0038090,2025,8,WR,Skyy Moore,SF,rf,1.241,0.0,9.314,0.0
00-0038117,2025,8,WR,Wan'Dale Robinson,NYG,rf,12.57,5.974,20.643,7.800000000000001
00-0038124,2025,8,WR,Christian Watson,GB,rf,3.592,0.0,11.665,12.5
00-0038465,2025,8,WR,Malik Heath,GB,rf,2.26,0.0,10.333,5.9
00-0038496,2025,8,WR,Xavier Gipson,PHI,rf,1.293,0.0,9.366,1.3
00-0038519,2025,8,WR,Nikko Remigio,KC,rf,1.146,0.0,9.219,0.0
00-0038573,2025,8,WR,Derius Davis,LAC,rf,0.825,0.0,8.898,0.0
00-0038576,2025,8,WR,Charlie Jones,CIN,rf,0.728,0.0,8.801,0.0
00-0038608,2025,8,WR,Kayshon Boutte,NE,rf,7.728,1.132,15.801,16.5
00-0038618,2025,8,WR,Xavier Hutchinson,HOU,rf,5.357,0.0,13.43,17.9
00-0038619,2025,8,WR,Andrei Iosivas,CIN,rf,7.871,1.275,15.944,0.0
00-0038621,2025,8,WR,DeMario Douglas,NE,rf,5.909,0.0,13.982,5.7
00-0038840,2025,8,WR,Brycen Tremayne,CAR,rf,3.247,0.0,11.32,0.0
00-0038976,2025,8,WR,Marvin Mims Jr.,DEN,rf,8.946,2.35,17.019,1.8
00-0038994,2025,8,WR,Jordan Addison,MIN,rf,13.414,6.818,21.487,11.6
00-0038997,2025,8,WR,Josh Downs,IND,rf,10.02,3.423,18.093,12.9
00-0039064,2025,8,WR,Zay Flowers,BAL,rf,12.995,6.398,21.068,14.100000000000001
00-0039067,2025,8,WR,Rashee Rice,KC,rf,12.607,6.01,20.68,25.5
00-0039342,2025,8,WR,Xavier Legette,CAR,rf,11.021,4.424,19.094,3.7
00-0039355,2025,8,WR,Luke McCaffrey,WAS,rf,4.172,0.0,12.246,5.4
00-0039379,2025,8,WR,Jamari Thrash,CLE,rf,3.998,0.0,12.071,5.1
00-0039394,2025,8,WR,Casey Washington,ATL,rf,4.424,0.0,12.498,3.5
00-0039410,2025,8,WR,Ryan Flournoy,DAL,rf,5.944,0.0,14.018,1.7000000000000002
00-0039424,2025,8,WR,Devaughn Vele,NO,rf,4.544,0.0,12.617,2.0
00-0039451,2025,8,WR,Isaiah Williams,NYJ,rf,0.692,0.0,8.766,8.600000000000001
00-0039491,2025,8,WR,Jalen Coker,CAR,rf,5.479,0.0,13.552,6.6
00-0039589,2025,8,WR,Kameron Johnson,TB,rf,2.975,0.0,11.048,0.0
00-0039623,2025,8,WR,Mason Tipton,NO,rf,3.213,0.0,11.286,0.0
00-0039739,2025,8,WR,Roman Wilson,PIT,rf,3.417,0.0,11.49,17.4
00-0039816,2025,8,WR,Anthony Gould,IND,rf,1.727,0.0,9.8,0.0
00-0039868,2025,8,WR,Troy Franklin,DEN,rf,9.759,3.162,17.832,26.9
00-0039880,2025,8,WR,Malik Washington,MIA,rf,6.31,0.0,14.383,13.6
00-0039890,2025,8,WR,Adonai Mitchell,IND,rf,4.215,0.0,12.288,0.0
00-0039894,2025,8,WR,Xavier Worthy,KC,rf,8.58,1.984,16.653,10.3
00-0039901,2025,8,WR,Keon Coleman,BUF,rf,8.542,1.945,16.615,6.0
00-0039915,2025,8,WR,Ladd McConkey,LAC,rf,12.805,6.209,20.878,20.8
00-0039919,2025,8,WR,Rome Odunze,CHI,rf,13.372,6.775,21.445,18.4
00-0039920,2025,8,WR,Malachi Corley,CLE,rf,3.023,0.0,11.096,3.1
00-0040009,2025,8,WR,Savion Williams,GB,rf,2.162,0.0,10.236,7.9
00-0040124,2025,8,WR,Tetairoa McMillan,CAR,rf,11.24,4.644,19.313,16.9
00-0040129,2025,8,WR,Emeka Egbuka,TB,rf,16.337,9.741,24.41,6.5
00-0040130,2025,8,WR,Jayden Higgins,HOU,rf,4.94,0.0,13.013,13.4
00-0040134,2025,8,WR,Pat Bryant,DEN,rf,3.073,0.0,11.146,12.0
00-0040138,2025,8,WR,Jaylin Noel,HOU,rf,5.5,0.0,13.573,11.3
00-0040164,2025,8,WR,Jaylin Lane,WAS,rf,6.042,0.0,14.116,1.0
00-0040170,2025,8,WR,Elic Ayomanor,TEN,rf,8.058,1.461,16.131,9.2
00-0040218,2025,8,WR,Jimmy Horn Jr.,CAR,rf,4.544,0.0,12.617,0.9
00-0040237,2025,8,WR,Tez Johnson,TB,rf,6.499,0.0,14.572,9.3
00-0040259,2025,8,WR,Gage Larvadain,CLE,rf,2.768,0.0,10.841,0.30000000000000004
00-0040277,2025,8,WR,Jahdae Walker,CHI,rf,1.404,0.0,9.477,0.0
00-0040432,2025,8,WR,Beaux Collins,NYG,rf,3.158,0.0,11.231,2.8
00-0040506,2025,8,WR,Myles Price,MIN,rf,0.64,0.0,8.714,0.0
00-0040534,2025,8,WR,Ke'Shawn Williams,PIT,rf,1.331,0.0,9.404,0.0
00-0040582,2025,8,WR,Arian Smith,NYJ,rf,3.871,0.0,11.944,3.3000000000000003
00-0040667,2025,8,WR,Matthew Golden,GB,rf,8.295,1.698,16.368,3.4
00-0040705,2025,8,WR,Chimere Dike,TEN,rf,5.579,0.0,13.652,16.4
00-0040727,2025,8,WR,Tre Harris,LAC,rf,4.612,0.0,12.685,8.8
00-0040735,2025,8,WR,Luther Burden III,CHI,rf,6.235,0.0,14.308,0.9
00-0040782,2025,8,WR,Isaiah Bond,CLE,rf,6.312,0.0,14.385,0.0
00-0030279,2025,9,WR,Keenan Allen,LAC,rf,13.706,7.11,21.779,6.1000000000000005
00-0030564,2025,9,WR,DeAndre Hopkins,BAL,rf,4.644,0.0,12.717,0.0
00-0031236,2025,9,WR,Brandin Cooks,NO,rf,4.8,0.0,12.873,3.6
00-0031381,2025,9,WR,Davante Adams,LA,rf,13.485,6.889,21.558,23.0
00-0031588,2025,9,WR,Stefon Diggs,NE,rf,11.834,5.237,19.907,12.8
00-0032211,2025,9,WR,Tyler Lockett,LV,rf,4.416,0.0,12.489,0.0
00-0032464,2025,9,WR,Kalif Raymond,DET,rf,3.407,0.0,11.48,0.0
00-0032775,2025,9,WR,Demarcus Robinson,SF,rf,4.62,0.0,12.693,0.0
00-0033282,2025,9,WR,Curtis Samuel,BUF,rf,2.878,0.0,10.951,1.6
00-0033307,2025,9,WR,Kendrick Bourne,SF,rf,9.202,2.605,17.275,5.4
00-0033555,2025,9,WR,Mack Hollins,NE,rf,7.684,1.087,15.757,2.9
00-0033572,2025,9,WR,Jamal Agnew,ATL,rf,0.775,0.0,8.848,0.0
00-0033857,2025,9,WR,JuJu Smith-Schuster,KC,rf,7.16,0.563,15.233,1.2
00-0034348,2025,9,WR,Courtland Sutton,DEN,rf,13.819,7.223,21.893,10.0
00-0034407,2025,9,WR,Ray-Ray McCloud,NYG,rf,4.938,0.0,13.011,1.5
00-0034418,2025,9,WR,Cedrick Wilson Jr.,MIA,rf,3.076,0.0,11.149,1.7000000000000002
00-0034419,2025,9,WR,Braxton Berrios,HOU,rf,5.051,0.0,13.124,0.0
00-0034775,2025,9,WR,Christian Kirk,HOU,rf,8.031,1.434,16.104,6.6
00-0034827,2025,9,WR,DJ Moore,CHI,rf,9.188,2.592,17.261,22.98
00-0034854,2025,9,WR,KhaDarel Hodge,ATL,rf,4.421,0.0,12.494,0.0
00-0034960,2025,9,WR,Jakobi Meyers,LV,rf,11.309,4.712,19.382,6.300000000000001
00-0035021,2025,9,WR,Ashton Dulin,IND,rf,2.72,0.0,10.793,0.0
00-0035208,2025,9,WR,Olamide Zaccheaus,CHI,rf,7.371,0.775,15.444,17.8
00-0035359,2025,9,WR,David Sills,ATL,rf,4.35,0.0,12.423,0.0
00-0035500,2025,9,WR,Greg Dortch,ARI,rf,5.76,0.0,13.833,0.9
00-0035535,2025,9,WR,Darius Slayton,NYG,rf,6.853,0.256,14.926,11.2
00-0035602,2025,9,WR,Alex Bachman,LV,rf,0.799,0.0,8.872,0.0
00-0035640,2025,9,WR,DK Metcalf,PIT,rf,14.236,7.639,22.309,2.6
00-0035645,2025,9,WR,Gunner Olszewski,NYG,rf,0.707,0.0,8.78,9.4
00-0035662,2025,9,WR,Marquise Brown,KC,rf,8.441,1.844,16.514,9.3
00-0035719,2025,9,WR,Deebo Samuel Sr.,WAS,rf,11.666,5.07,19.739,9.4
00-0035891,2025,9,WR,Cody White,SEA,rf,1.866,0.0,9.939,13.0
00-0036176,2025,9,WR,Mason Kinsey,TEN,rf,2.105,0.0,10.178,0.0
00-0036182,2025,9,WR,Nick Westbrook-Ikhine,MIA,rf,2.905,0.0,10.978,4.2
00-0036252,2025,9,WR,Michael Pittman,IND,rf,13.521,6.924,21.594,20.5
00-0036259,2025,9,WR,Jauan Jennings,SF,rf,7.652,1.055,15.725,14.100000000000001
00-0036309,2025,9,WR,Darnell Mooney,ATL,rf,8.463,1.867,16.536,2.5
00-0036322,2025,9,WR,Justin Jefferson,MIN,rf,15.264,8.667,23.337,16.7
00-0036331,2025,9,WR,Devin Duvernay,CHI,rf,1.605,0.0,9.678,0.0
00-0036358,2025,9,WR,CeeDee Lamb,DAL,rf,15.999,9.403,24.072,15.5
00-0036410,2025,9,WR,Tee Higgins,CIN,rf,9.971,3.374,18.044,33.1
00-0036415,2025,9,WR,Van Jefferson,TEN,rf,6.429,0.0,14.502,3.1
00-0036497,2025,9,WR,Tim Jones,JAX,rf,2.034,0.0,10.107,2.5
00-0036550,2025,9,WR,Rashod Bateman,BAL,rf,5.354,0.0,13.427,9.3
00-0036554,2025,9,WR,Nico Collins,HOU,rf,12.93,6.333,21.003,14.5
00-0036613,2025,9,WR,Jaylen Waddle,MIA,rf,13.654,7.057,21.727,14.200000000000001
00-0036620,2025,9,WR,Dee Eskridge,MIA,rf,1.987,0.0,10.06,0.0
00-0036626,2025,9,WR,Dyami Brown,JAX,rf,7.608,1.011,15.681,5.9
00-0036630,2025,9,WR,Tylan Wallace,BAL,rf,3.412,0.0,11.485,0.0
00-0036646,2025,9,WR,Simi Fehoko,ARI,rf,0.775,0.0,8.848,0.0
00-0036841,2025,9,WR,Austin Trammell,JAX,rf,2.558,0.0,10.631,0.0
00-0036862,2025,9,WR,Ben Skowronek,PIT,rf,1.835,0.0,9.908,0.0
00-0036900,2025,9,WR,Ja'Marr Chase,CIN,rf,14.941,8.345,23.014,17.1
00-0036959,2025,9,WR,Michael Bandy,DEN,rf,2.153,0.0,10.226,2.6
00-0036963,2025,9,WR,Amon-Ra St. Brown,DET,rf,14.313,7.717,22.386,18.700000000000003
00-0036980,2025,9,WR,Elijah Moore,BUF,rf,3.51,0.0,11.583,3.8000000000000003
00-0037238,2025,9,WR,Drake London,ATL,rf,14.766,8.17,22.839,38.8
00-0037239,2025,9,WR,Chris Olave,NO,rf,14.991,8.394,23.064,8.7
00-0037240,2025,9,WR,Jameson Williams,DET,rf,8.159,1.563,16.232,16.6
00-0037247,2025,9,WR,George Pickens,DAL,rf,12.9,6.304,20.973,13.9
00-0037261,2025,9,WR,Khalil Shakir,BUF,rf,12.117,5.521,20.19,11.3
00-0037291,2025,9,WR,Jalen Nailor,MIN,rf,4.21,0.0,12.284,2.6
00-0037545,2025,9,WR,Rashid Shaheed,NO,rf,12.192,5.596,20.265,11.8
00-0037664,2025,9,WR,Alec Pierce,IND,rf,7.792,1.196,15.865,17.5
00-0037742,2025,9,WR,Treylon Burks,WAS,rf,2.7,0.0,10.774,2.4000000000000004
00-0037801,2025,9,WR,KaVontae Turpin,DAL,rf,5.499,0.0,13.572,3.3
00-0037816,2025,9,WR,Romeo Doubs,GB,rf,11.444,4.847,19.517,16.1
00-0037837,2025,9,WR,Calvin Austin III,PIT,rf,6.916,0.32,14.989,10.600000000000001
00-0038090,2025,9,WR,Skyy Moore,SF,rf,1.481,0.0,9.554,3.1
00-0038104,2025,9,WR,Tyquan Thornton,KC,rf,8.729,2.133,16.803,0.0
00-0038117,2025,9,WR,Wan'Dale Robinson,NYG,rf,11.708,5.112,19.781,13.600000000000001
00-0038124,2025,9,WR,Christian Watson,GB,rf,7.921,1.325,15.994,7.800000000000001
00-0038359,2025,9,WR,Xavier Smith,LA,rf,2.022,0.0,10.095,3.2
00-0038465,2025,9,WR,Malik Heath,GB,rf,2.985,0.0,11.058,2.1
00-0038519,2025,9,WR,Nikko Remigio,KC,rf,0.887,0.0,8.96,0.0
00-0038543,2025,9,WR,Jaxon Smith-Njigba,SEA,rf,14.619,8.023,22.692,22.0
00-0038544,2025,9,WR,Quentin Johnston,LAC,rf,14.621,8.024,22.694,15.3
00-0038559,2025,9,WR,Michael Wilson,ARI,rf,5.343,0.0,13.416,9.100000000000001
00-0038563,2025,9,WR,Tre Tucker,LV,rf,12.276,5.68,20.349,6.800000000000001
00-0038573,2025,9,WR,Derius Davis,LAC,rf,0.676,0.0,8.749,0.0
00-0038576,2025,9,WR,Charlie Jones,CIN,rf,0.707,0.0,8.78,6.0
00-0038606,2025,9,WR,Parker Washington,JAX,rf,9.321,2.725,17.395,17.0
00-0038608,2025,9,WR,Kayshon Boutte,NE,rf,8.159,1.563,16.232,0.0
00-0038618,2025,9,WR,Xavier Hutchinson,HOU,rf,6.764,0.168,14.838,6.0
00-0038619,2025,9,WR,Andrei Iosivas,CIN,rf,5.595,0.0,13.669,18.0
00-0038621,2025,9,WR,DeMario Douglas,NE,rf,7.389,0.792,15.462,20.0
00-0038679,2025,9,WR,Tyrell Shavers,BUF,rf,3.619,0.0,11.692,1.7000000000000002
00-0038839,2025,9,WR,Mitchell Tinsley,CIN,rf,3.305,0.0,11.378,3.7
00-0038840,2025,9,WR,Brycen Tremayne,CAR,rf,2.232,0.0,10.305,1.8
00-0038938,2025,9,WR,Jalin Hyatt,NYG,rf,4.193,0.0,12.266,0.0
00-0038994,2025,9,WR,Jordan Addison,MIN,rf,13.867,7.271,21.941,8.4
00-0038997,2025,9,WR,Josh Downs,IND,rf,9.572,2.975,17.645,17.7
00-0039064,2025,9,WR,Zay Flowers,BAL,rf,12.489,5.893,20.562,11.4
00-0039067,2025,9,WR,Rashee Rice,KC,rf,12.426,5.83,20.5,18.6
00-0039075,2025,9,WR,Puka Nacua,LA,rf,19.243,12.646,27.316,22.8
00-0039342,2025,9,WR,Xavier Legette,CAR,rf,8.335,1.739,16.408,3.2
00-0039355,2025,9,WR,Luke McCaffrey,WAS,rf,5.037,0.0,13.11,0.0
00-0039410,2025,9,WR,Ryan Flournoy,DAL,rf,5.434,0.0,13.507,9.2
00-0039491,2025,9,WR,Jalen Coker,CAR,rf,5.953,0.0,14.027,1.9
00-0039739,2025,9,WR,Roman Wilson,PIT,rf,7.536,0.94,15.609,-0.6000000000000001
00-0039849,2025,9,WR,Marvin Harrison Jr.,ARI,rf,8.046,1.45,16.119,22.6
00-0039868,2025,9,WR,Troy Franklin,DEN,rf,12.464,5.867,20.537,8.3
00-0039880,2025,9,WR,Malik Washington,MIA,rf,8.396,1.8,16.469,7.1000000000000005
00-0039890,2025,9,WR,Adonai Mitchell,IND,rf,4.3,0.0,12.373,1.7000000000000002
00-0039893,2025,9,WR,Brian Thomas Jr.,JAX,rf,11.189,4.593,19.263,8.5
00-0039894,2025,9,WR,Xavier Worthy,KC,rf,9.006,2.409,17.079,6.0
00-0039901,2025,9,WR,Keon Coleman,BUF,rf,8.11,1.514,16.183,3.7
00-0039915,2025,9,WR,Ladd McConkey,LAC,rf,14.628,8.032,22.701,9.600000000000001
00-0039919,2025,9,WR,Rome Odunze,CHI,rf,12.782,6.185,20.855,0.0
00-0040009,2025,9,WR,Savion Williams,GB,rf,2.665,0.0,10.738,1.2000000000000002
00-0040075,2025,9,WR,LaJohntay Wester,BAL,rf,0.775,0.0,8.848,0.0
00-0040124,2025,9,WR,Tetairoa McMillan,CAR,rf,12.507,5.911,20.58,8.600000000000001
00-0040130,2025,9,WR,Jayden Higgins,HOU,rf,6.092,0.0,14.165,1.4
00-0040131,2025,9,WR,Kyle Williams,NE,rf,2.765,0.0,10.838,0.0
00-0040134,2025,9,WR,Pat Bryant,DEN,rf,4.495,0.0,12.568,4.0
00-0040138,2025,9,WR,Jaylin Noel,HOU,rf,7.254,0.658,15.327,-0.30000000000000004
00-0040154,2025,9,WR,Tai Felton,MIN,rf,0.575,0.0,8.648,0.0
00-0040164,2025,9,WR,Jaylin Lane,WAS,rf,4.113,0.0,12.186,5.9
00-0040170,2025,9,WR,Elic Ayomanor,TEN,rf,8.56,1.963,16.633,7.6000000000000005
00-0040172,2025,9,WR,Jordan Watkins,SF,rf,3.18,0.0,11.253,2.9000000000000004
00-0040184,2025,9,WR,KeAndre Lambert-Smith,LAC,rf,1.623,0.0,9.696,0.0
00-0040218,2025,9,WR,Jimmy Horn Jr.,CAR,rf,3.603,0.0,11.676,1.8
00-0040277,2025,9,WR,Jahdae Walker,CHI,rf,2.539,0.0,10.612,0.0
00-0040506,2025,9,WR,Myles Price,MIN,rf,0.742,0.0,8.815,0.0
00-0040534,2025,9,WR,Ke'Shawn Williams,PIT,rf,1.637,0.0,9.71,0.0
00-0040563,2025,9,WR,Efton Chism III,NE,rf,2.539,0.0,10.612,0.0
00-0040648,2025,9,WR,Tory Horton,SEA,rf,4.703,0.0,12.776,20.8
00-0040667,2025,9,WR,Matthew Golden,GB,rf,8.173,1.576,16.246,2.9
00-0040705,2025,9,WR,Chimere Dike,TEN,rf,9.187,2.59,17.26,7.5
00-0040727,2025,9,WR,Tre Harris,LAC,rf,5.166,0.0,13.239,3.8
00-0040729,2025,9,WR,Jack Bech,LV,rf,3.049,0.0,11.122,0.0
00-0030035,2025,10,WR,Adam Thielen,MIN,rf,3.271,0.0,11.345,3.6
00-0030279,2025,10,WR,Keenan Allen,LAC,rf,13.265,6.668,21.338,3.9000000000000004
00-0030564,2025,10,WR,DeAndre Hopkins,BAL,rf,3.76,0.0,11.833,3.6
00-0031381,2025,10,WR,Davante Adams,LA,rf,13.403,6.807,21.476,19.7
00-0031588,2025,10,WR,Stefon Diggs,NE,rf,11.976,5.38,20.049,15.600000000000001
00-0032211,2025,10,WR,Tyler Lockett,LV,rf,3.562,0.0,11.635,9.4
00-0032385,2025,10,WR,Sterling Shepard,TB,rf,6.864,0.267,14.937,6.1
00-0032398,2025,10,WR,Chris Moore,WAS,rf,5.045,0.0,13.118,0.0
00-0032464,2025,10,WR,Kalif Raymond,DET,rf,3.279,0.0,11.352,9.9
00-0032688,2025,10,WR,Robbie Chosen,WAS,rf,4.785,0.0,12.858,2.7
00-0032775,2025,10,WR,Demarcus Robinson,SF,rf,4.054,0.0,12.127,6.4
00-0032951,2025,10,WR,Laquon Treadwell,IND,rf,1.421,0.0,9.495,0.0
00-0033282,2025,10,WR,Curtis Samuel,BUF,rf,3.556,0.0,11.629,3.1
00-0033307,2025,10,WR,Kendrick Bourne,SF,rf,8.554,1.958,16.628,2.9000000000000004
00-0033555,2025,10,WR,Mack Hollins,NE,rf,7.199,0.602,15.272,16.6
00-0033572,2025,10,WR,Jamal Agnew,ATL,rf,0.476,0.0,8.55,0.0
00-0033891,2025,10,WR,Zay Jones,ARI,rf,6.352,0.0,14.425,0.0
00-0033908,2025,10,WR,Cooper Kupp,SEA,rf,8.209,1.612,16.282,9.4
00-0034348,2025,10,WR,Courtland Sutton,DEN,rf,12.045,5.449,20.118,5.4
00-0034407,2025,10,WR,Ray-Ray McCloud,NYG,rf,3.604,0.0,11.677,0.0
00-0034419,2025,10,WR,Braxton Berrios,HOU,rf,3.505,0.0,11.578,0.0
00-0034775,2025,10,WR,Christian Kirk,HOU,rf,8.81,2.214,16.883,1.3
00-0034827,2025,10,WR,DJ Moore,CHI,rf,11.116,4.519,19.189,0.0
00-0034854,2025,10,WR,KhaDarel Hodge,ATL,rf,2.226,0.0,10.299,0.0
00-0034860,2025,10,WR,Dante Pettis,NO,rf,5.733,0.0,13.806,0.0
00-0034960,2025,10,WR,Jakobi Meyers,JAX,rf,11.23,4.633,19.303,7.1000000000000005
00-0035021,2025,10,WR,Ashton Dulin,IND,rf,2.39,0.0,10.463,2.2
00-0035208,2025,10,WR,Olamide Zaccheaus,CHI,rf,9.503,2.907,17.576,1.5
00-0035359,2025,10,WR,David Sills,ATL,rf,2.981,0.0,11.054,0.0
00-0035500,2025,10,WR,Greg Dortch,ARI,rf,5.135,0.0,13.208,6.2
00-0035535,2025,10,WR,Darius Slayton,NYG,rf,9.203,2.607,17.276,12.9
00-0035602,2025,10,WR,Alex Bachman,LV,rf,0.525,0.0,8.598,0.0
00-0035640,2025,10,WR,DK Metcalf,PIT,rf,11.322,4.725,19.395,6.5
00-0035645,2025,10,WR,Gunner Olszewski,NYG,rf,3.368,0.0,11.441,0.0
00-0035676,2025,10,WR,A.J. Brown,PHI,rf,13.12,6.524,21.193,3.3
00-0035719,2025,10,WR,Deebo Samuel Sr.,WAS,rf,13.072,6.475,21.145,12.9
00-0035891,2025,10,WR,Cody White,SEA,rf,4.793,0.0,12.866,0.0
00-0036182,2025,10,WR,Nick Westbrook-Ikhine,MIA,rf,3.309,0.0,11.383,1.7000000000000002
00-0036252,2025,10,WR,Michael Pittman,IND,rf,13.065,6.468,21.138,3.9000000000000004
00-0036259,2025,10,WR,Jauan Jennings,SF,rf,9.708,3.111,17.781,17.1
00-0036309,2025,10,WR,Darnell Mooney,ATL,rf,7.736,1.14,15.809,2.7
00-0036322,2025,10,WR,Justin Jefferson,MIN,rf,16.13,9.534,24.203,7.7
00-0036331,2025,10,WR,Devin Duvernay,CHI,rf,0.916,0.0,8.989,0.0
00-0036407,2025,10,WR,Jerry Jeudy,CLE,rf,8.061,1.465,16.135,19.8
00-0036427,2025,10,WR,Tyler Johnson,NYJ,rf,5.538,0.0,13.611,0.0
00-0036497,2025,10,WR,Tim Jones,JAX,rf,3.035,0.0,11.108,0.0
00-0036550,2025,10,WR,Rashod Bateman,BAL,rf,4.824,0.0,12.897,4.0
00-0036554,2025,10,WR,Nico Collins,HOU,rf,12.303,5.707,20.376,22.6
00-0036613,2025,10,WR,Jaylen Waddle,MIA,rf,16.395,9.798,24.468,19.4
00-0036626,2025,10,WR,Dyami Brown,JAX,rf,6.348,0.0,14.421,0.0
00-0036630,2025,10,WR,Tylan Wallace,BAL,rf,0.954,0.0,9.027,0.0
00-0036646,2025,10,WR,Simi Fehoko,ARI,rf,0.476,0.0,8.55,0.0
00-0036841,2025,10,WR,Austin Trammell,JAX,rf,2.291,0.0,10.364,5.300000000000001
00-0036862,2025,10,WR,Ben Skowronek,PIT,rf,0.568,0.0,8.641,0.0
00-0036912,2025,10,WR,DeVonta Smith,PHI,rf,13.993,7.397,22.066,16.9
00-0036959,2025,10,WR,Michael Bandy,DEN,rf,3.35,0.0,11.423,0.0
00-0036963,2025,10,WR,Amon-Ra St. Brown,DET,rf,15.25,8.654,23.323,16.8
00-0036980,2025,10,WR,Elijah Moore,BUF,rf,3.315,0.0,11.388,2.8
00-0037091,2025,10,WR,Bo Melton,GB,rf,0.549,0.0,8.622,4.800000000000001
00-0037238,2025,10,WR,Drake London,ATL,rf,17.322,10.725,25.395,24.4
00-0037239,2025,10,WR,Chris Olave,NO,rf,14.566,7.969,22.639,21.4
00-0037240,2025,10,WR,Jameson Williams,DET,rf,9.551,2.955,17.624,23.9
00-0037261,2025,10,WR,Khalil Shakir,BUF,rf,11.457,4.861,19.53,12.8
00-0037291,2025,10,WR,Jalen Nailor,MIN,rf,4.969,0.0,13.043,23.4
00-0037545,2025,10,WR,Rashid Shaheed,SEA,rf,12.112,5.516,20.185,3.3000000000000003
00-0037614,2025,10,WR,John Metchie III,NYJ,rf,2.542,0.0,10.615,0.6
00-0037664,2025,10,WR,Alec Pierce,IND,rf,12.487,5.891,20.56,18.4
00-0037740,2025,10,WR,Garrett Wilson,NYJ,rf,14.59,7.993,22.663,0.0
00-0037741,2025,10,WR,Jahan Dotson,PHI,rf,4.264,0.0,12.337,0.0
00-0037742,2025,10,WR,Treylon Burks,WAS,rf,3.187,0.0,11.26,8.8
00-0037816,2025,10,WR,Romeo Doubs,GB,rf,14.675,8.078,22.748,1.5
00-0037837,2025,10,WR,Calvin Austin III,PIT,rf,7.594,0.998,15.667,3.4000000000000004
00-0038090,2025,10,WR,Skyy Moore,SF,rf,1.745,0.0,9.818,2.8
00-0038117,2025,10,WR,Wan'Dale Robinson,NYG,rf,13.909,7.312,21.982,12.2
00-0038124,2025,10,WR,Christian Watson,GB,rf,6.586,0.0,14.659,6.5
00-0038359,2025,10,WR,Xavier Smith,LA,rf,3.172,0.0,11.245,2.4000000000000004
00-0038393,2025,10,WR,Dontayvion Wicks,GB,rf,4.149,0.0,12.223,7.800000000000001
00-0038496,2025,10,WR,Xavier Gipson,PHI,rf,2.109,0.0,10.182,0.0
00-0038543,2025,10,WR,Jaxon Smith-Njigba,SEA,rf,15.462,8.866,23.536,20.3
00-0038544,2025,10,WR,Quentin Johnston,LAC,rf,15.442,8.845,23.515,9.2
00-0038559,2025,10,WR,Michael Wilson,ARI,rf,7.938,1.341,16.011,7.4
00-0038563,2025,10,WR,Tre Tucker,LV,rf,10.064,3.467,18.137,5.5
00-0038573,2025,10,WR,Derius Davis,LAC,rf,0.48,0.0,8.553,1.3
00-0038606,2025,10,WR,Parker Washington,JAX,rf,9.491,2.895,17.565,17.9
00-0038621,2025,10,WR,DeMario Douglas,NE,rf,8.163,1.567,16.236,5.4
00-0038679,2025,10,WR,Tyrell Shavers,BUF,rf,2.952,0.0,11.025,3.4000000000000004
00-0038824,2025,10,WR,Ryan Miller,TB,rf,3.243,0.0,11.316,0.0
00-0038979,2025,10,WR,Cedric Tillman,CLE,rf,6.696,0.099,14.769,3.1
00-0038994,2025,10,WR,Jordan Addison,MIN,rf,15.425,8.829,23.498,6.5
00-0038997,2025,10,WR,Josh Downs,IND,rf,10.768,4.171,18.841,1.3
00-0039064,2025,10,WR,Zay Flowers,BAL,rf,14.093,7.497,22.166,12.1
00-0039075,2025,10,WR,Puka Nacua,LA,rf,21.148,14.552,29.222,17.4
00-0039342,2025,10,WR,Xavier Legette,CAR,rf,8.342,1.745,16.415,0.0
00-0039379,2025,10,WR,Jamari Thrash,CLE,rf,4.352,0.0,12.425,0.0
00-0039424,2025,10,WR,Devaughn Vele,NO,rf,4.321,0.0,12.394,2.5
00-0039451,2025,10,WR,Isaiah Williams,NYJ,rf,3.36,0.0,11.433,7.4
00-0039491,2025,10,WR,Jalen Coker,CAR,rf,3.474,0.0,11.547,5.1
00-0039589,2025,10,WR,Kameron Johnson,TB,rf,2.434,0.0,10.508,1.1
00-0039739,2025,10,WR,Roman Wilson,PIT,rf,4.592,0.0,12.665,11.5
00-0039849,2025,10,WR,Marvin Harrison Jr.,ARI,rf,12.591,5.995,20.664,14.3
00-0039868,2025,10,WR,Troy Franklin,DEN,rf,12.132,5.535,20.205,15.0
00-0039880,2025,10,WR,Malik Washington,MIA,rf,7.775,1.179,15.848,9.3
00-0039901,2025,10,WR,Keon Coleman,BUF,rf,7.346,0.75,15.419,13.600000000000001
00-0039915,2025,10,WR,Ladd McConkey,LAC,rf,13.269,6.672,21.342,20.700000000000003
00-0039919,2025,10,WR,Rome Odunze,CHI,rf,11.173,4.576,19.246,20.6
00-0039920,2025,10,WR,Malachi Corley,CLE,rf,2.373,0.0,10.446,3.2
00-0040009,2025,10,WR,Savion Williams,GB,rf,2.904,0.0,10.977,2.2
00-0040075,2025,10,WR,LaJohntay Wester,BAL,rf,0.476,0.0,8.55,0.0
00-0040124,2025,10,WR,Tetairoa McMillan,CAR,rf,12.373,5.777,20.446,11.0
00-0040129,2025,10,WR,Emeka Egbuka,TB,rf,14.487,7.89,22.56,23.5
00-0040130,2025,10,WR,Jayden Higgins,HOU,rf,4.967,0.0,13.04,15.2
00-0040131,2025,10,WR,Kyle Williams,NE,rf,2.435,0.0,10.508,14.2
00-0040134,2025,10,WR,Pat Bryant,DEN,rf,4.37,0.0,12.443,5.3
00-0040138,2025,10,WR,Jaylin Noel,HOU,rf,5.551,0.0,13.624,7.5
00-0040164,2025,10,WR,Jaylin Lane,WAS,rf,5.216,0.0,13.289,5.1000000000000005
00-0040237,2025,10,WR,Tez Johnson,TB,rf,8.713,2.117,16.787,20.2
00-0040241,2025,10,WR,Dominic Lovett,DET,rf,1.105,0.0,9.178,0.0
00-0040259,2025,10,WR,Gage Larvadain,CLE,rf,1.782,0.0,9.855,0.0
00-0040506,2025,10,WR,Myles Price,MIN,rf,0.453,0.0,8.526,0.0
00-0040534,2025,10,WR,Ke'Shawn Williams,PIT,rf,0.609,0.0,8.682,0.0
00-0040563,2025,10,WR,Efton Chism III,NE,rf,0.998,0.0,9.071,0.0
00-0040581,2025,10,WR,Dont'e Thornton Jr.,LV,rf,3.482,0.0,11.555,1.4
00-0040582,2025,10,WR,Arian Smith,NYJ,rf,3.248,0.0,11.322,1.3
00-0040590,2025,10,WR,Konata Mumpfield,LA,rf,3.725,0.0,11.798,0.0
00-0040669,2025,10,WR,Isaac TeSlaa,DET,rf,3.582,0.0,11.655,2.1
00-0040727,2025,10,WR,Tre Harris,LAC,rf,5.061,0.0,13.134,2.4
00-0040729,2025,10,WR,Jack Bech,LV,rf,3.151,0.0,11.224,0.0
00-0040735,2025,10,WR,Luther Burden III,CHI,rf,5.318,0.0,13.391,8.100000000000001
00-0030035,2025,11,WR,Adam Thielen,MIN,rf,3.039,0.0,11.112,1.6
00-0030279,2025,11,WR,Keenan Allen,LAC,rf,12.456,5.86,20.529,9.3
00-0030564,2025,11,WR,DeAndre Hopkins,BAL,rf,4.015,0.0,12.088,2.1
00-0031381,2025,11,WR,Davante Adams,LA,rf,12.62,6.024,20.693,7.1
00-0031588,2025,11,WR,Stefon Diggs,NE,rf,9.551,2.955,17.624,19.5
00-0032211,2025,11,WR,Tyler Lockett,LV,rf,4.734,0.0,12.807,6.300000000000001
00-0032385,2025,11,WR,Sterling Shepard,TB,rf,7.308,0.711,15.381,10.100000000000001
00-0032398,2025,11,WR,Chris Moore,WAS,rf,3.697,0.0,11.77,4.800000000000001
00-0032464,2025,11,WR,Kalif Raymond,DET,rf,4.41,0.0,12.483,0.0
00-0032688,2025,11,WR,Robbie Chosen,WAS,rf,5.121,0.0,13.194,0.0
00-0032775,2025,11,WR,Demarcus Robinson,SF,rf,5.021,0.0,13.094,2.3
00-0033282,2025,11,WR,Curtis Samuel,BUF,rf,3.482,0.0,11.555,3.9000000000000004
00-0033375,2025,11,WR,Tim Patrick,JAX,rf,3.688,0.0,11.761,11.0
00-0033555,2025,11,WR,Mack Hollins,NE,rf,9.176,2.58,17.249,10.4
00-0033572,2025,11,WR,Jamal Agnew,ATL,rf,0.516,0.0,8.589,0.0
00-0033857,2025,11,WR,JuJu Smith-Schuster,KC,rf,5.79,0.0,13.863,0.0
00-0033908,2025,11,WR,Cooper Kupp,SEA,rf,8.798,2.202,16.871,5.300000000000001
00-0034348,2025,11,WR,Courtland Sutton,DEN,rf,11.042,4.446,19.115,9.9
00-0034775,2025,11,WR,Christian Kirk,HOU,rf,7.229,0.633,15.302,1.6
00-0034827,2025,11,WR,DJ Moore,CHI,rf,9.212,2.615,17.285,3.1
00-0034837,2025,11,WR,Calvin Ridley,TEN,rf,8.937,2.341,17.01,2.3
00-0034854,2025,11,WR,KhaDarel Hodge,ATL,rf,2.337,0.0,10.41,0.0
00-0034960,2025,11,WR,Jakobi Meyers,JAX,rf,10.849,4.253,18.922,11.4
00-0035140,2025,11,WR,Mecole Hardman,BUF,rf,2.06,0.0,10.133,0.0
00-0035359,2025,11,WR,David Sills,ATL,rf,2.989,0.0,11.062,2.1
00-0035500,2025,11,WR,Greg Dortch,ARI,rf,5.659,0.0,13.732,18.6
00-0035640,2025,11,WR,DK Metcalf,PIT,rf,8.763,2.166,16.836,9.9
00-0035645,2025,11,WR,Gunner Olszewski,NYG,rf,2.06,0.0,10.133,0.0
00-0035662,2025,11,WR,Marquise Brown,KC,rf,8.498,1.902,16.571,8.0
00-0035676,2025,11,WR,A.J. Brown,PHI,rf,11.506,4.909,19.579,11.9
00-0035719,2025,11,WR,Deebo Samuel Sr.,WAS,rf,12.834,6.237,20.907,20.7
00-0035876,2025,11,WR,Andre Baccellia,ARI,rf,2.15,0.0,10.223,1.5
00-0035891,2025,11,WR,Cody White,SEA,rf,3.228,0.0,11.301,0.0
00-0036165,2025,11,WR,Isaiah Hodgins,NYG,rf,2.585,0.0,10.658,10.7
00-0036176,2025,11,WR,Mason Kinsey,TEN,rf,1.191,0.0,9.264,2.4000000000000004
00-0036196,2025,11,WR,Gabe Davis,BUF,rf,4.091,0.0,12.164,7.0
00-0036259,2025,11,WR,Jauan Jennings,SF,rf,10.174,3.578,18.247,9.4
00-0036309,2025,11,WR,Darnell Mooney,ATL,rf,6.779,0.183,14.852,6.4
00-0036322,2025,11,WR,Justin Jefferson,MIN,rf,17.009,10.413,25.082,11.100000000000001
00-0036331,2025,11,WR,Devin Duvernay,CHI,rf,0.85,0.0,8.923,0.0
00-0036358,2025,11,WR,CeeDee Lamb,DAL,rf,15.519,8.922,23.592,17.6
00-0036407,2025,11,WR,Jerry Jeudy,CLE,rf,9.355,2.759,17.428,5.1
00-0036410,2025,11,WR,Tee Higgins,CIN,rf,12.955,6.359,21.028,15.3
00-0036415,2025,11,WR,Van Jefferson,TEN,rf,5.865,0.0,13.938,11.2
00-0036554,2025,11,WR,Nico Collins,HOU,rf,14.316,7.72,22.389,24.200000000000003
00-0036613,2025,11,WR,Jaylen Waddle,MIA,rf,14.193,7.596,22.266,8.2
00-0036626,2025,11,WR,Dyami Brown,JAX,rf,6.595,0.0,14.669,0.0
00-0036630,2025,11,WR,Tylan Wallace,BAL,rf,0.748,0.0,8.822,0.0
00-0036841,2025,11,WR,Austin Trammell,JAX,rf,3.654,0.0,11.727,2.3
00-0036862,2025,11,WR,Ben Skowronek,PIT,rf,0.668,0.0,8.741,0.0
00-0036900,2025,11,WR,Ja'Marr Chase,CIN,rf,16.885,10.289,24.958,6.0
00-0036912,2025,11,WR,DeVonta Smith,PHI,rf,12.993,6.397,21.066,1.8
00-0036963,2025,11,WR,Amon-Ra St. Brown,DET,rf,14.306,7.709,22.379,6.2
00-0036988,2025,11,WR,Josh Palmer,BUF,rf,6.142,0.0,14.215,3.7
00-0037091,2025,11,WR,Bo Melton,GB,rf,3.466,0.0,11.539,1.7000000000000002
00-0037238,2025,11,WR,Drake London,ATL,rf,17.456,10.86,25.529,18.9
00-0037240,2025,11,WR,Jameson Williams,DET,rf,9.443,2.846,17.516,19.700000000000003
00-0037247,2025,11,WR,George Pickens,DAL,rf,13.949,7.353,22.022,29.4
00-0037261,2025,11,WR,Khalil Shakir,BUF,rf,13.188,6.591,21.261,0.7
00-0037291,2025,11,WR,Jalen Nailor,MIN,rf,8.632,2.035,16.705,2.6
00-0037545,2025,11,WR,Rashid Shaheed,SEA,rf,12.117,5.52,20.19,4.9
00-0037614,2025,11,WR,John Metchie III,NYJ,rf,3.168,0.0,11.242,13.5
00-0037666,2025,11,WR,Jalen Tolbert,DAL,rf,5.455,0.0,13.528,0.0
00-0037741,2025,11,WR,Jahan Dotson,PHI,rf,3.361,0.0,11.434,6.3
00-0037801,2025,11,WR,KaVontae Turpin,DAL,rf,5.347,0.0,13.42,1.0
00-0037816,2025,11,WR,Romeo Doubs,GB,rf,10.51,3.914,18.583,9.3
00-0037837,2025,11,WR,Calvin Austin III,PIT,rf,7.615,1.019,15.688,1.5
00-0038090,2025,11,WR,Skyy Moore,SF,rf,1.987,0.0,10.06,0.0
00-0038104,2025,11,WR,Tyquan Thornton,KC,rf,9.204,2.607,17.277,7.1000000000000005
00-0038117,2025,11,WR,Wan'Dale Robinson,NYG,rf,12.141,5.545,20.214,7.6
00-0038124,2025,11,WR,Christian Watson,GB,rf,6.884,0.287,14.957,20.6
00-0038359,2025,11,WR,Xavier Smith,LA,rf,2.936,0.0,11.009,1.8
00-0038393,2025,11,WR,Dontayvion Wicks,GB,rf,4.948,0.0,13.021,1.9
00-0038496,2025,11,WR,Xavier Gipson,PHI,rf,0.874,0.0,8.947,0.0
00-0038519,2025,11,WR,Nikko Remigio,KC,rf,0.628,0.0,8.701,0.0
00-0038543,2025,11,WR,Jaxon Smith-Njigba,SEA,rf,15.7,9.103,23.773,20.6
00-0038544,2025,11,WR,Quentin Johnston,LAC,rf,13.204,6.607,21.277,0.0
00-0038559,2025,11,WR,Michael Wilson,ARI,rf,7.916,1.32,15.989,33.5
00-0038563,2025,11,WR,Tre Tucker,LV,rf,8.516,1.92,16.589,14.7
00-0038573,2025,11,WR,Derius Davis,LAC,rf,2.032,0.0,10.105,0.0
00-0038576,2025,11,WR,Charlie Jones,CIN,rf,1.184,0.0,9.257,0.0
00-0038606,2025,11,WR,Parker Washington,JAX,rf,10.875,4.279,18.948,4.0
00-0038618,2025,11,WR,Xavier Hutchinson,HOU,rf,7.41,0.813,15.483,7.2
00-0038619,2025,11,WR,Andrei Iosivas,CIN,rf,8.54,1.944,16.613,5.0
00-0038621,2025,11,WR,DeMario Douglas,NE,rf,7.632,1.035,15.705,6.1
00-0038679,2025,11,WR,Tyrell Shavers,BUF,rf,3.132,0.0,11.205,19.0
00-0038824,2025,11,WR,Ryan Miller,TB,rf,1.203,0.0,9.276,0.0
00-0038840,2025,11,WR,Brycen Tremayne,CAR,rf,2.888,0.0,10.961,3.7
00-0038938,2025,11,WR,Jalin Hyatt,NYG,rf,2.615,0.0,10.688,3.8
00-0038976,2025,11,WR,Marvin Mims Jr.,DEN,rf,7.054,0.457,15.127,0.2
00-0038979,2025,11,WR,Cedric Tillman,CLE,rf,6.629,0.032,14.702,8.2
00-0038994,2025,11,WR,Jordan Addison,MIN,rf,11.552,4.955,19.625,10.0
00-0039064,2025,11,WR,Zay Flowers,BAL,rf,13.545,6.948,21.618,11.3
00-0039067,2025,11,WR,Rashee Rice,KC,rf,12.574,5.978,20.647,9.8
00-0039075,2025,11,WR,Puka Nacua,LA,rf,17.661,11.065,25.734,14.3
00-0039342,2025,11,WR,Xavier Legette,CAR,rf,6.116,0.0,14.19,18.3
00-0039410,2025,11,WR,Ryan Flournoy,DAL,rf,5.83,0.0,13.903,7.2
00-0039451,2025,11,WR,Isaiah Williams,NYJ,rf,2.813,0.0,10.886,1.6
00-0039491,2025,11,WR,Jalen Coker,CAR,rf,4.832,0.0,12.905,11.2
00-0039521,2025,11,WR,Xavier Weaver,ARI,rf,1.684,0.0,9.757,3.5
00-0039589,2025,11,WR,Kameron Johnson,TB,rf,3.566,0.0,11.639,0.0
00-0039739,2025,11,WR,Roman Wilson,PIT,rf,6.721,0.125,14.794,2.7
00-0039751,2025,11,WR,Jordan Whittington,LA,rf,4.94,0.0,13.013,1.9
00-0039868,2025,11,WR,Troy Franklin,DEN,rf,12.176,5.579,20.249,12.4
00-0039880,2025,11,WR,Malik Washington,MIA,rf,7.369,0.772,15.442,7.2
00-0039890,2025,11,WR,Adonai Mitchell,NYJ,rf,3.976,0.0,12.049,2.0
00-0039894,2025,11,WR,Xavier Worthy,KC,rf,9.22,2.623,17.293,5.5
00-0039915,2025,11,WR,Ladd McConkey,LAC,rf,14.649,8.052,22.722,4.3
00-0039916,2025,11,WR,Ricky Pearsall,SF,rf,15.07,8.473,23.143,1.0
00-0039919,2025,11,WR,Rome Odunze,CHI,rf,12.739,6.143,20.812,6.1000000000000005
00-0039920,2025,11,WR,Malachi Corley,CLE,rf,3.29,0.0,11.363,2.9
00-0040009,2025,11,WR,Savion Williams,GB,rf,3.094,0.0,11.167,4.300000000000001
00-0040075,2025,11,WR,LaJohntay Wester,BAL,rf,0.516,0.0,8.589,0.0
00-0040124,2025,11,WR,Tetairoa McMillan,CAR,rf,12.494,5.898,20.567,33.0
00-0040129,2025,11,WR,Emeka Egbuka,TB,rf,14.613,8.017,22.686,9.0
00-0040130,2025,11,WR,Jayden Higgins,HOU,rf,7.078,0.481,15.151,9.5
00-0040131,2025,11,WR,Kyle Williams,NE,rf,4.157,0.0,12.23,0.0
00-0040134,2025,11,WR,Pat Bryant,DEN,rf,4.219,0.0,12.292,13.200000000000001
00-0040138,2025,11,WR,Jaylin Noel,HOU,rf,6.762,0.165,14.835,2.2
00-0040154,2025,11,WR,Tai Felton,MIN,rf,0.6,0.0,8.673,0.0
00-0040164,2025,11,WR,Jaylin Lane,WAS,rf,4.793,0.0,12.866,2.3
00-0040170,2025,11,WR,Elic Ayomanor,TEN,rf,8.538,1.942,16.611,3.1
00-0040237,2025,11,WR,Tez Johnson,TB,rf,11.666,5.07,19.74,1.6
00-0040259,2025,11,WR,Gage Larvadain,CLE,rf,1.013,0.0,9.086,0.0
00-0040506,2025,11,WR,Myles Price,MIN,rf,0.459,0.0,8.532,0.0
00-0040534,2025,11,WR,Ke'Shawn Williams,PIT,rf,0.566,0.0,8.639,0.0
00-0040563,2025,11,WR,Efton Chism III,NE,rf,0.688,0.0,8.762,0.0
00-0040667,2025,11,WR,Matthew Golden,GB,rf,7.279,0.683,15.353,3.4000000000000004
00-0040669,2025,11,WR,Isaac TeSlaa,DET,rf,3.441,0.0,11.514,0.0
00-0040705,2025,11,WR,Chimere Dike,TEN,rf,9.061,2.465,17.134,3.4000000000000004
00-0040727,2025,11,WR,Tre Harris,LAC,rf,5.148,0.0,13.221,2.2
00-0040729,2025,11,WR,Jack Bech,LV,rf,3.082,0.0,11.155,2.9000000000000004
00-0040735,2025,11,WR,Luther Burden III,CHI,rf,4.551,0.0,12.624,5.7
00-0040782,2025,11,WR,Isaiah Bond,CLE,rf,6.709,0.113,14.782,0.8
00-0030035,2025,12,WR,Adam Thielen,MIN,rf,3.207,0.0,11.28,0.0
00-0030564,2025,12,WR,DeAndre Hopkins,BAL,rf,3.923,0.0,11.997,3.3
00-0031381,2025,12,WR,Davante Adams,LA,rf,13.367,6.77,21.44,23.2
00-0031588,2025,12,WR,Stefon Diggs,NE,rf,14.003,7.406,22.076,4.0
00-0032211,2025,12,WR,Tyler Lockett,LV,rf,4.807,0.0,12.88,10.2
00-0032385,2025,12,WR,Sterling Shepard,TB,rf,7.87,1.273,15.943,4.2
00-0032464,2025,12,WR,Kalif Raymond,DET,rf,2.909,0.0,10.982,5.7
00-0032775,2025,12,WR,Demarcus Robinson,SF,rf,4.762,0.0,12.835,1.8
00-0032951,2025,12,WR,Laquon Treadwell,IND,rf,0.771,0.0,8.844,0.0
00-0033375,2025,12,WR,Tim Patrick,JAX,rf,4.021,0.0,12.094,0.0
00-0033555,2025,12,WR,Mack Hollins,NE,rf,8.145,1.548,16.218,5.0
00-0033572,2025,12,WR,Jamal Agnew,ATL,rf,0.485,0.0,8.558,0.0
00-0033857,2025,12,WR,JuJu Smith-Schuster,KC,rf,5.918,0.0,13.991,1.8
00-0033908,2025,12,WR,Cooper Kupp,SEA,rf,8.23,1.634,16.303,4.4
00-0033921,2025,12,WR,Chris Godwin Jr.,TB,rf,12.094,5.498,20.167,2.9
00-0034521,2025,12,WR,Allen Lazard,NYJ,rf,3.955,0.0,12.028,1.9
00-0034775,2025,12,WR,Christian Kirk,HOU,rf,5.531,0.0,13.604,16.4
00-0034827,2025,12,WR,DJ Moore,CHI,rf,8.353,1.756,16.426,23.4
00-0034860,2025,12,WR,Dante Pettis,NO,rf,3.673,0.0,11.747,2.4000000000000004
00-0034960,2025,12,WR,Jakobi Meyers,JAX,rf,10.61,4.013,18.683,15.0
00-0035021,2025,12,WR,Ashton Dulin,IND,rf,2.328,0.0,10.401,5.800000000000001
00-0035208,2025,12,WR,Olamide Zaccheaus,CHI,rf,7.447,0.85,15.52,1.6
00-0035359,2025,12,WR,David Sills,ATL,rf,3.12,0.0,11.193,9.6
00-0035500,2025,12,WR,Greg Dortch,ARI,rf,5.988,0.0,14.061,16.8
00-0035535,2025,12,WR,Darius Slayton,NYG,rf,9.307,2.711,17.38,3.3000000000000003
00-0035602,2025,12,WR,Alex Bachman,LV,rf,0.552,0.0,8.625,0.0
00-0035640,2025,12,WR,DK Metcalf,PIT,rf,8.871,2.274,16.944,14.4
00-0035645,2025,12,WR,Gunner Olszewski,NYG,rf,1.288,0.0,9.361,5.32
00-0035662,2025,12,WR,Marquise Brown,KC,rf,9.052,2.455,17.125,2.0
00-0035676,2025,12,WR,A.J. Brown,PHI,rf,12.217,5.621,20.29,25.0
00-0035891,2025,12,WR,Cody White,SEA,rf,2.621,0.0,10.694,0.0
00-0036133,2025,12,WR,James Proche,TEN,rf,0.789,0.0,8.862,7.2
00-0036165,2025,12,WR,Isaiah Hodgins,NYG,rf,9.27,2.674,17.344,12.2
00-0036176,2025,12,WR,Mason Kinsey,TEN,rf,2.352,0.0,10.425,0.0
00-0036196,2025,12,WR,Gabe Davis,BUF,rf,6.019,0.0,14.092,3.2
00-0036252,2025,12,WR,Michael Pittman,IND,rf,14.082,7.485,22.155,13.7
00-0036259,2025,12,WR,Jauan Jennings,SF,rf,9.688,3.092,17.761,15.100000000000001
00-0036309,2025,12,WR,Darnell Mooney,ATL,rf,7.389,0.792,15.462,16.4
00-0036322,2025,12,WR,Justin Jefferson,MIN,rf,13.244,6.647,21.317,8.8
00-0036331,2025,12,WR,Devin Duvernay,CHI,rf,0.592,0.0,8.665,0.0
00-0036358,2025,12,WR,CeeDee Lamb,DAL,rf,13.612,7.015,21.685,11.5
00-0036407,2025,12,WR,Jerry Jeudy,CLE,rf,9.069,2.472,17.142,2.9000000000000004
00-0036410,2025,12,WR,Tee Higgins,CIN,rf,12.765,6.168,20.838,8.1
00-0036415,2025,12,WR,Van Jefferson,TEN,rf,7.71,1.114,15.783,2.1
00-0036554,2025,12,WR,Nico Collins,HOU,rf,15.305,8.708,23.378,8.5
00-0036630,2025,12,WR,Tylan Wallace,BAL,rf,2.396,0.0,10.469,0.0
00-0036841,2025,12,WR,Austin Trammell,JAX,rf,3.417,0.0,11.49,0.0
00-0036862,2025,12,WR,Ben Skowronek,PIT,rf,0.588,0.0,8.661,3.1
00-0036912,2025,12,WR,DeVonta Smith,PHI,rf,13.842,7.246,21.915,14.9
00-0036963,2025,12,WR,Amon-Ra St. Brown,DET,rf,15.673,9.077,23.746,29.9
00-0036980,2025,12,WR,Elijah Moore,BUF,rf,3.872,0.0,11.945,0.7
00-0036988,2025,12,WR,Josh Palmer,BUF,rf,6.234,0.0,14.307,4.1
00-0037239,2025,12,WR,Chris Olave,NO,rf,14.053,7.456,22.126,16.0
00-0037240,2025,12,WR,Jameson Williams,DET,rf,12.068,5.471,20.141,0.0
00-0037247,2025,12,WR,George Pickens,DAL,rf,12.96,6.363,21.033,29.6
00-0037261,2025,12,WR,Khalil Shakir,BUF,rf,8.905,2.308,16.978,17.0
00-0037291,2025,12,WR,Jalen Nailor,MIN,rf,6.726,0.13,14.799,0.0
00-0037545,2025,12,WR,Rashid Shaheed,SEA,rf,11.586,4.99,19.659,0.5
00-0037614,2025,12,WR,John Metchie III,NYJ,rf,4.252,0.0,12.325,18.5
00-0037664,2025,12,WR,Alec Pierce,IND,rf,13.371,6.775,21.444,3.6
00-0037741,2025,12,WR,Jahan Dotson,PHI,rf,3.935,0.0,12.008,0.0
00-0037801,2025,12,WR,KaVontae Turpin,DAL,rf,4.346,0.0,12.419,4.2
00-0037816,2025,12,WR,Romeo Doubs,GB,rf,9.835,3.239,17.908,4.300000000000001
00-0037837,2025,12,WR,Calvin Austin III,PIT,rf,7.146,0.55,15.219,7.6
00-0038090,2025,12,WR,Skyy Moore,SF,rf,1.217,0.0,9.29,0.0
00-0038104,2025,12,WR,Tyquan Thornton,KC,rf,7.187,0.591,15.26,0.0
00-0038117,2025,12,WR,Wan'Dale Robinson,NYG,rf,12.318,5.722,20.391,30.6
00-0038124,2025,12,WR,Christian Watson,GB,rf,7.14,0.543,15.213,9.9
00-0038393,2025,12,WR,Dontayvion Wicks,GB,rf,4.239,0.0,12.312,5.2
00-0038496,2025,12,WR,Xavier Gipson,PHI,rf,0.821,0.0,8.894,1.3
00-0038519,2025,12,WR,Nikko Remigio,KC,rf,0.609,0.0,8.682,0.0
00-0038543,2025,12,WR,Jaxon Smith-Njigba,SEA,rf,17.426,10.83,25.499,37.1
00-0038559,2025,12,WR,Michael Wilson,ARI,rf,13.048,6.451,21.121,21.8
00-0038563,2025,12,WR,Tre Tucker,LV,rf,9.825,3.229,17.899,5.800000000000001
00-0038576,2025,12,WR,Charlie Jones,CIN,rf,0.735,0.0,8.809,0.0
00-0038606,2025,12,WR,Parker Washington,JAX,rf,9.842,3.245,17.915,18.1
00-0038608,2025,12,WR,Kayshon Boutte,NE,rf,8.08,1.483,16.153,3.5
00-0038618,2025,12,WR,Xavier Hutchinson,HOU,rf,8.008,1.412,16.081,0.9
00-0038619,2025,12,WR,Andrei Iosivas,CIN,rf,7.662,1.065,15.735,10.600000000000001
00-0038621,2025,12,WR,DeMario Douglas,NE,rf,8.149,1.552,16.222,6.1000000000000005
00-0038752,2025,12,WR,Jake Bobo,SEA,rf,3.305,0.0,11.378,0.0
00-0038839,2025,12,WR,Mitchell Tinsley,CIN,rf,3.108,0.0,11.181,10.9
00-0038840,2025,12,WR,Brycen Tremayne,CAR,rf,3.795,0.0,11.868,0.0
00-0038979,2025,12,WR,Cedric Tillman,CLE,rf,6.685,0.089,14.758,1.5
00-0038994,2025,12,WR,Jordan Addison,MIN,rf,11.301,4.704,19.374,0.0
00-0038997,2025,12,WR,Josh Downs,IND,rf,9.364,2.767,17.437,3.0
00-0039064,2025,12,WR,Zay Flowers,BAL,rf,13.087,6.491,21.16,11.9
00-0039067,2025,12,WR,Rashee Rice,KC,rf,13.137,6.541,21.21,24.1
00-0039075,2025,12,WR,Puka Nacua,LA,rf,16.53,9.933,24.603,16.700000000000003
00-0039342,2025,12,WR,Xavier Legette,CAR,rf,9.654,3.058,17.728,5.2
00-0039410,2025,12,WR,Ryan Flournoy,DAL,rf,4.826,0.0,12.899,0.0
00-0039424,2025,12,WR,Devaughn Vele,NO,rf,4.269,0.0,12.342,6.7
00-0039451,2025,12,WR,Isaiah Williams,NYJ,rf,3.125,0.0,11.198,0.0
00-0039491,2025,12,WR,Jalen Coker,CAR,rf,4.598,0.0,12.671,6.2
00-0039521,2025,12,WR,Xavier Weaver,ARI,rf,2.727,0.0,10.8,1.9
00-0039589,2025,12,WR,Kameron Johnson,TB,rf,2.075,0.0,10.148,0.0
00-0039623,2025,12,WR,Mason Tipton,NO,rf,3.159,0.0,11.232,6.300000000000001
00-0039739,2025,12,WR,Roman Wilson,PIT,rf,5.474,0.0,13.547,0.0
00-0039751,2025,12,WR,Jordan Whittington,LA,rf,4.121,0.0,12.194,4.7
00-0039792,2025,12,WR,Devontez Walker,BAL,rf,2.81,0.0,10.883,4.0
00-0039816,2025,12,WR,Anthony Gould,IND,rf,0.95,0.0,9.024,0.0
00-0039890,2025,12,WR,Adonai Mitchell,NYJ,rf,4.313,0.0,12.386,6.2
00-0039894,2025,12,WR,Xavier Worthy,KC,rf,7.685,1.089,15.759,9.9
00-0039916,2025,12,WR,Ricky Pearsall,SF,rf,9.297,2.7,17.37,2.8
00-0039919,2025,12,WR,Rome Odunze,CHI,rf,12.173,5.577,20.246,8.3
00-0039920,2025,12,WR,Malachi Corley,CLE,rf,3.229,0.0,11.302,1.2
00-0040009,2025,12,WR,Savion Williams,GB,rf,3.275,0.0,11.348,0.0
00-0040024,2025,12,WR,Darius Cooper,PHI,rf,0.741,0.0,8.814,2.7
00-0040075,2025,12,WR,LaJohntay Wester,BAL,rf,0.485,0.0,8.558,0.0
00-0040124,2025,12,WR,Tetairoa McMillan,CAR,rf,13.948,7.351,22.021,11.5
00-0040129,2025,12,WR,Emeka Egbuka,TB,rf,12.567,5.971,20.64,6.2
00-0040130,2025,12,WR,Jayden Higgins,HOU,rf,7.187,0.591,15.26,13.8
00-0040131,2025,12,WR,Kyle Williams,NE,rf,3.894,0.0,11.967,2.8
00-0040138,2025,12,WR,Jaylin Noel,HOU,rf,6.081,0.0,14.155,1.9
00-0040154,2025,12,WR,Tai Felton,MIN,rf,0.877,0.0,8.95,0.0
00-0040218,2025,12,WR,Jimmy Horn Jr.,CAR,rf,3.626,0.0,11.699,2.1
00-0040237,2025,12,WR,Tez Johnson,TB,rf,7.835,1.238,15.908,12.3
00-0040259,2025,12,WR,Gage Larvadain,CLE,rf,2.786,0.0,10.86,0.0
00-0040506,2025,12,WR,Myles Price,MIN,rf,0.41,0.0,8.483,0.0
00-0040534,2025,12,WR,Ke'Shawn Williams,PIT,rf,0.488,0.0,8.562,0.0
00-0040581,2025,12,WR,Dont'e Thornton Jr.,LV,rf,3.507,0.0,11.58,2.4000000000000004
00-0040582,2025,12,WR,Arian Smith,NYJ,rf,2.485,0.0,10.558,0.8
00-0040590,2025,12,WR,Konata Mumpfield,LA,rf,3.364,0.0,11.437,4.5
00-0040669,2025,12,WR,Isaac TeSlaa,DET,rf,3.791,0.0,11.864,0.0
00-0040705,2025,12,WR,Chimere Dike,TEN,rf,8.237,1.641,16.31,21.4
00-0040735,2025,12,WR,Luther Burden III,CHI,rf,5.271,0.0,13.344,9.100000000000001
00-0040782,2025,12,WR,Isaiah Bond,CLE,rf,5.337,0.0,13.41,7.800000000000001
00-0030279,2025,13,WR,Keenan Allen,LAC,rf,12.228,5.632,20.301,7.0
00-0030564,2025,13,WR,DeAndre Hopkins,BAL,rf,4.029,0.0,12.102,4.5
00-0031236,2025,13,WR,Brandin Cooks,BUF,rf,4.719,0.0,12.792,2.3
00-0031381,2025,13,WR,Davante Adams,LA,rf,13.291,6.694,21.364,21.8
00-0031588,2025,13,WR,Stefon Diggs,NE,rf,11.369,4.773,19.442,5.6
00-0032211,2025,13,WR,Tyler Lockett,LV,rf,7.377,0.781,15.45,2.1
00-0032385,2025,13,WR,Sterling Shepard,TB,rf,7.128,0.532,15.201,1.5
00-0032775,2025,13,WR,Demarcus Robinson,SF,rf,4.379,0.0,12.452,0.6000000000000001
00-0032951,2025,13,WR,Laquon Treadwell,IND,rf,0.944,0.0,9.017,0.0
00-0033307,2025,13,WR,Kendrick Bourne,SF,rf,7.8,1.204,15.873,0.0
00-0033375,2025,13,WR,Tim Patrick,JAX,rf,3.919,0.0,11.992,2.1
00-0033555,2025,13,WR,Mack Hollins,NE,rf,8.68,2.083,16.753,5.300000000000001
00-0033572,2025,13,WR,Jamal Agnew,ATL,rf,0.439,0.0,8.512,0.0
00-0033857,2025,13,WR,JuJu Smith-Schuster,KC,rf,5.157,0.0,13.23,0.0
00-0033908,2025,13,WR,Cooper Kupp,SEA,rf,7.955,1.359,16.028,5.4
00-0033921,2025,13,WR,Chris Godwin Jr.,TB,rf,11.011,4.414,19.084,10.8
00-0034348,2025,13,WR,Courtland Sutton,DEN,rf,11.705,5.109,19.778,17.2
00-0034418,2025,13,WR,Cedrick Wilson Jr.,MIA,rf,2.63,0.0,10.703,2.6
00-0034521,2025,13,WR,Allen Lazard,NYJ,rf,4.247,0.0,12.32,2.0
00-0034827,2025,13,WR,DJ Moore,CHI,rf,8.854,2.257,16.927,4.7
00-0034860,2025,13,WR,Dante Pettis,NO,rf,2.848,0.0,10.921,0.0
00-0034960,2025,13,WR,Jakobi Meyers,JAX,rf,10.736,4.14,18.81,21.3
00-0035208,2025,13,WR,Olamide Zaccheaus,CHI,rf,7.134,0.537,15.207,3.9000000000000004
00-0035359,2025,13,WR,David Sills,ATL,rf,4.236,0.0,12.309,9.5
00-0035406,2025,13,WR,Lil'Jordan Humphrey,DEN,rf,5.125,0.0,13.198,0.0
00-0035500,2025,13,WR,Greg Dortch,ARI,rf,7.648,1.051,15.721,3.4000000000000004
00-0035535,2025,13,WR,Darius Slayton,NYG,rf,8.6,2.003,16.673,14.100000000000001
00-0035544,2025,13,WR,Tom Kennedy,DET,rf,0.978,0.0,9.051,7.6
00-0035602,2025,13,WR,Alex Bachman,LV,rf,0.805,0.0,8.878,0.0
00-0035640,2025,13,WR,DK Metcalf,PIT,rf,11.439,4.842,19.512,6.2
00-0035645,2025,13,WR,Gunner Olszewski,NYG,rf,1.376,0.0,9.449,0.0
00-0035659,2025,13,WR,Terry McLaurin,WAS,rf,10.342,3.746,18.415,22.6
00-0035662,2025,13,WR,Marquise Brown,KC,rf,6.869,0.273,14.942,10.0
00-0035676,2025,13,WR,A.J. Brown,PHI,rf,13.748,7.151,21.821,35.2
00-0035719,2025,13,WR,Deebo Samuel Sr.,WAS,rf,12.531,5.935,20.604,11.100000000000001
00-0035876,2025,13,WR,Andre Baccellia,ARI,rf,3.031,0.0,11.104,0.0
00-0035891,2025,13,WR,Cody White,SEA,rf,1.544,0.0,9.617,3.1
00-0036133,2025,13,WR,James Proche,TEN,rf,5.239,0.0,13.312,2.3
00-0036165,2025,13,WR,Isaiah Hodgins,NYG,rf,7.386,0.789,15.459,1.4
00-0036182,2025,13,WR,Nick Westbrook-Ikhine,MIA,rf,3.033,0.0,11.106,0.0
00-0036196,2025,13,WR,Gabe Davis,BUF,rf,4.681,0.0,12.754,1.5
00-0036252,2025,13,WR,Michael Pittman,IND,rf,14.006,7.409,22.079,2.3
00-0036259,2025,13,WR,Jauan Jennings,SF,rf,11.215,4.619,19.288,13.9
00-0036309,2025,13,WR,Darnell Mooney,ATL,rf,9.803,3.207,17.876,4.5
00-0036322,2025,13,WR,Justin Jefferson,MIN,rf,12.768,6.171,20.841,2.4
00-0036331,2025,13,WR,Devin Duvernay,CHI,rf,0.653,0.0,8.726,0.0
00-0036358,2025,13,WR,CeeDee Lamb,DAL,rf,13.944,7.348,22.018,24.200000000000003
00-0036407,2025,13,WR,Jerry Jeudy,CLE,rf,8.503,1.907,16.576,5.6
00-0036415,2025,13,WR,Van Jefferson,TEN,rf,6.14,0.0,14.213,5.0
00-0036550,2025,13,WR,Rashod Bateman,BAL,rf,4.946,0.0,13.019,0.0
00-0036554,2025,13,WR,Nico Collins,HOU,rf,15.609,9.012,23.682,21.5
00-0036613,2025,13,WR,Jaylen Waddle,MIA,rf,12.329,5.733,20.402,7.0
00-0036841,2025,13,WR,Austin Trammell,JAX,rf,3.033,0.0,11.106,0.0
00-0036862,2025,13,WR,Ben Skowronek,PIT,rf,1.964,0.0,10.037,0.0
00-0036900,2025,13,WR,Ja'Marr Chase,CIN,rf,16.802,10.205,24.875,18.0
00-0036912,2025,13,WR,DeVonta Smith,PHI,rf,13.384,6.788,21.457,9.8
00-0036963,2025,13,WR,Amon-Ra St. Brown,DET,rf,16.112,9.516,24.185,0.0
00-0037091,2025,13,WR,Bo Melton,GB,rf,1.506,0.0,9.579,1.5
00-0037132,2025,13,WR,Britain Covey,PHI,rf,2.419,0.0,10.492,0.0
00-0037239,2025,13,WR,Chris Olave,NO,rf,13.378,6.781,21.451,14.7
00-0037240,2025,13,WR,Jameson Williams,DET,rf,10.809,4.213,18.882,26.9
00-0037247,2025,13,WR,George Pickens,DAL,rf,13.585,6.988,21.658,16.8
00-0037261,2025,13,WR,Khalil Shakir,BUF,rf,12.41,5.814,20.483,1.5
00-0037291,2025,13,WR,Jalen Nailor,MIN,rf,5.939,0.0,14.012,0.0
00-0037487,2025,13,WR,Deven Thompkins,ATL,rf,1.208,0.0,9.281,4.800000000000001
00-0037545,2025,13,WR,Rashid Shaheed,SEA,rf,8.868,2.272,16.941,2.6
00-0037614,2025,13,WR,John Metchie III,NYJ,rf,6.201,0.0,14.274,5.7
00-0037664,2025,13,WR,Alec Pierce,IND,rf,10.676,4.08,18.75,17.8
00-0037666,2025,13,WR,Jalen Tolbert,DAL,rf,4.149,0.0,12.222,0.0
00-0037741,2025,13,WR,Jahan Dotson,PHI,rf,3.396,0.0,11.47,2.2
00-0037742,2025,13,WR,Treylon Burks,WAS,rf,4.754,0.0,12.827,7.5
00-0037801,2025,13,WR,KaVontae Turpin,DAL,rf,4.874,0.0,12.947,8.100000000000001
00-0037816,2025,13,WR,Romeo Doubs,GB,rf,9.401,2.805,17.474,12.0
00-0037837,2025,13,WR,Calvin Austin III,PIT,rf,7.339,0.743,15.412,0.0
00-0038090,2025,13,WR,Skyy Moore,SF,rf,0.57,0.0,8.643,0.0
00-0038104,2025,13,WR,Tyquan Thornton,KC,rf,6.481,0.0,14.554,0.0
00-0038117,2025,13,WR,Wan'Dale Robinson,NYG,rf,14.043,7.446,22.116,10.4
00-0038124,2025,13,WR,Christian Watson,GB,rf,8.322,1.726,16.395,18.3
00-0038359,2025,13,WR,Xavier Smith,LA,rf,2.861,0.0,10.934,11.200000000000001
00-0038393,2025,13,WR,Dontayvion Wicks,GB,rf,4.945,0.0,13.018,28.0
00-0038465,2025,13,WR,Malik Heath,GB,rf,2.936,0.0,11.009,0.0
00-0038519,2025,13,WR,Nikko Remigio,KC,rf,0.629,0.0,8.703,0.0
00-0038543,2025,13,WR,Jaxon Smith-Njigba,SEA,rf,15.474,8.877,23.547,4.300000000000001
00-0038544,2025,13,WR,Quentin Johnston,LAC,rf,11.259,4.662,19.332,11.3
00-0038559,2025,13,WR,Michael Wilson,ARI,rf,15.834,9.237,23.907,6.6
00-0038563,2025,13,WR,Tre Tucker,LV,rf,8.854,2.257,16.927,5.0
00-0038573,2025,13,WR,Derius Davis,LAC,rf,1.395,0.0,9.468,0.0
00-0038576,2025,13,WR,Charlie Jones,CIN,rf,2.321,0.0,10.394,0.0
00-0038606,2025,13,WR,Parker Washington,JAX,rf,10.537,3.941,18.61,3.6
00-0038608,2025,13,WR,Kayshon Boutte,NE,rf,8.525,1.929,16.598,13.5
00-0038618,2025,13,WR,Xavier Hutchinson,HOU,rf,6.142,0.0,14.215,5.9
00-0038619,2025,13,WR,Andrei Iosivas,CIN,rf,8.537,1.941,16.61,9.9
00-0038621,2025,13,WR,DeMario Douglas,NE,rf,8.06,1.463,16.133,6.300000000000001
00-0038824,2025,13,WR,Ryan Miller,TB,rf,0.741,0.0,8.814,0.0
00-0038839,2025,13,WR,Mitchell Tinsley,CIN,rf,5.193,0.0,13.266,4.2
00-0038840,2025,13,WR,Brycen Tremayne,CAR,rf,2.362,0.0,10.435,0.0
00-0038953,2025,13,WR,Dylan Drummond,ATL,rf,5.256,0.0,13.329,1.3
00-0038976,2025,13,WR,Marvin Mims Jr.,DEN,rf,5.798,0.0,13.871,3.7
00-0038979,2025,13,WR,Cedric Tillman,CLE,rf,6.406,0.0,14.48,0.0
00-0038994,2025,13,WR,Jordan Addison,MIN,rf,8.402,1.805,16.475,8.6
00-0038997,2025,13,WR,Josh Downs,IND,rf,8.338,1.742,16.411,6.4
00-0039064,2025,13,WR,Zay Flowers,BAL,rf,12.733,6.136,20.806,0.6000000000000001
00-0039067,2025,13,WR,Rashee Rice,KC,rf,13.476,6.879,21.549,29.4
00-0039075,2025,13,WR,Puka Nacua,LA,rf,16.645,10.048,24.718,13.2
00-0039342,2025,13,WR,Xavier Legette,CAR,rf,7.662,1.066,15.735,1.1
00-0039410,2025,13,WR,Ryan Flournoy,DAL,rf,4.674,0.0,12.747,6.4
00-0039424,2025,13,WR,Devaughn Vele,NO,rf,5.593,0.0,13.666,23.3
00-0039451,2025,13,WR,Isaiah Williams,NYJ,rf,2.462,0.0,10.535,0.0
00-0039491,2025,13,WR,Jalen Coker,CAR,rf,6.198,0.0,14.271,17.4
00-0039521,2025,13,WR,Xavier Weaver,ARI,rf,3.241,0.0,11.314,0.0
00-0039589,2025,13,WR,Kameron Johnson,TB,rf,0.706,0.0,8.779,0.0
00-0039623,2025,13,WR,Mason Tipton,NO,rf,3.309,0.0,11.382,4.9
00-0039739,2025,13,WR,Roman Wilson,PIT,rf,5.344,0.0,13.417,0.0
00-0039751,2025,13,WR,Jordan Whittington,LA,rf,4.376,0.0,12.449,0.0
00-0039792,2025,13,WR,Devontez Walker,BAL,rf,4.646,0.0,12.719,0.0
00-0039816,2025,13,WR,Anthony Gould,IND,rf,0.829,0.0,8.902,0.0
00-0039849,2025,13,WR,Marvin Harrison Jr.,ARI,rf,11.807,5.21,19.88,12.9
00-0039868,2025,13,WR,Troy Franklin,DEN,rf,13.202,6.605,21.275,4.1
00-0039880,2025,13,WR,Malik Washington,MIA,rf,6.589,0.0,14.662,7.0
00-0039890,2025,13,WR,Adonai Mitchell,NYJ,rf,6.148,0.0,14.221,24.200000000000003
00-0039893,2025,13,WR,Brian Thomas Jr.,JAX,rf,11.745,5.148,19.818,4.800000000000001
00-0039894,2025,13,WR,Xavier Worthy,KC,rf,8.073,1.477,16.146,11.4
00-0039901,2025,13,WR,Keon Coleman,BUF,rf,9.438,2.841,17.511,8.9
00-0039915,2025,13,WR,Ladd McConkey,LAC,rf,12.874,6.277,20.947,13.9
00-0039916,2025,13,WR,Ricky Pearsall,SF,rf,9.014,2.417,17.087,3.4000000000000004
00-0039919,2025,13,WR,Rome Odunze,CHI,rf,12.41,5.813,20.483,2.8
00-0039920,2025,13,WR,Malachi Corley,CLE,rf,3.009,0.0,11.083,0.9
00-0040124,2025,13,WR,Tetairoa McMillan,CAR,rf,13.367,6.771,21.44,11.3
00-0040129,2025,13,WR,Emeka Egbuka,TB,rf,12.448,5.851,20.521,8.2
00-0040130,2025,13,WR,Jayden Higgins,HOU,rf,10.105,3.508,18.178,11.5
00-0040131,2025,13,WR,Kyle Williams,NE,rf,3.365,0.0,11.439,10.3
00-0040134,2025,13,WR,Pat Bryant,DEN,rf,6.675,0.078,14.748,7.2
00-0040138,2025,13,WR,Jaylin Noel,HOU,rf,4.916,0.0,12.989,0.0
00-0040154,2025,13,WR,Tai Felton,MIN,rf,1.035,0.0,9.108,0.0
00-0040164,2025,13,WR,Jaylin Lane,WAS,rf,5.556,0.0,13.629,0.0
00-0040170,2025,13,WR,Elic Ayomanor,TEN,rf,8.934,2.338,17.007,1.5
00-0040237,2025,13,WR,Tez Johnson,TB,rf,9.697,3.101,17.77,1.5
00-0040259,2025,13,WR,Gage Larvadain,CLE,rf,1.212,0.0,9.285,4.300000000000001
00-0040506,2025,13,WR,Myles Price,MIN,rf,0.441,0.0,8.514,0.0
00-0040522,2025,13,WR,Xavier Restrepo,TEN,rf,7.046,0.45,15.119,2.5
00-0040534,2025,13,WR,Ke'Shawn Williams,PIT,rf,0.532,0.0,8.605,0.0
00-0040563,2025,13,WR,Efton Chism III,NE,rf,0.553,0.0,8.626,0.0
00-0040581,2025,13,WR,Dont'e Thornton Jr.,LV,rf,3.285,0.0,11.358,2.1
00-0040590,2025,13,WR,Konata Mumpfield,LA,rf,3.5,0.0,11.573,0.0
00-0040669,2025,13,WR,Isaac TeSlaa,DET,rf,3.388,0.0,11.461,11.5
00-0040705,2025,13,WR,Chimere Dike,TEN,rf,10.528,3.931,18.601,1.9
00-0040727,2025,13,WR,Tre Harris,LAC,rf,4.786,0.0,12.859,6.0
00-0040729,2025,13,WR,Jack Bech,LV,rf,2.884,0.0,10.957,4.2
00-0040735,2025,13,WR,Luther Burden III,CHI,rf,6.791,0.194,14.864,7.6
00-0040782,2025,13,WR,Isaiah Bond,CLE,rf,5.078,0.0,13.151,3.7
00-0030035,2025,14,WR,Adam Thielen,PIT,rf,2.892,0.0,10.965,1.4
00-0030279,2025,14,WR,Keenan Allen,LAC,rf,11.955,5.358,20.028,5.2
00-0030564,2025,14,WR,DeAndre Hopkins,BAL,rf,4.638,0.0,12.711,0.0
00-0031381,2025,14,WR,Davante Adams,LA,rf,13.528,6.932,21.601,6.9
00-0032211,2025,14,WR,Tyler Lockett,LV,rf,6.67,0.073,14.743,7.1000000000000005
00-0032385,2025,14,WR,Sterling Shepard,TB,rf,6.721,0.125,14.795,1.5
00-0032951,2025,14,WR,Laquon Treadwell,IND,rf,0.733,0.0,8.806,0.0
00-0033375,2025,14,WR,Tim Patrick,JAX,rf,4.278,0.0,12.351,18.8
00-0033572,2025,14,WR,Jamal Agnew,ATL,rf,0.419,0.0,8.492,0.0
00-0033591,2025,14,WR,Noah Brown,WAS,rf,6.913,0.317,14.986,2.9000000000000004
00-0033857,2025,14,WR,JuJu Smith-Schuster,KC,rf,4.739,0.0,12.812,1.5
00-0033908,2025,14,WR,Cooper Kupp,SEA,rf,7.958,1.362,16.032,11.5
00-0033921,2025,14,WR,Chris Godwin Jr.,TB,rf,10.357,3.76,18.43,10.5
00-0034272,2025,14,WR,Marquez Valdes-Scantling,PIT,rf,3.76,0.0,11.833,0.0
00-0034348,2025,14,WR,Courtland Sutton,DEN,rf,11.866,5.269,19.939,12.2
00-0034487,2025,14,WR,Trent Sherfield,ARI,rf,2.591,0.0,10.664,0.0
00-0034521,2025,14,WR,Allen Lazard,NYJ,rf,3.894,0.0,11.967,0.0
00-0034775,2025,14,WR,Christian Kirk,HOU,rf,9.255,2.659,17.328,1.6
00-0034827,2025,14,WR,DJ Moore,CHI,rf,9.258,2.662,17.331,0.6
00-0034860,2025,14,WR,Dante Pettis,NO,rf,1.947,0.0,10.02,0.0
00-0034960,2025,14,WR,Jakobi Meyers,JAX,rf,11.973,5.377,20.046,14.8
00-0035208,2025,14,WR,Olamide Zaccheaus,CHI,rf,7.44,0.844,15.514,8.7
00-0035359,2025,14,WR,David Sills,ATL,rf,4.437,0.0,12.51,0.0
00-0035406,2025,14,WR,Lil'Jordan Humphrey,DEN,rf,3.516,0.0,11.589,5.7
00-0035544,2025,14,WR,Tom Kennedy,DET,rf,5.034,0.0,13.107,0.0
00-0035640,2025,14,WR,DK Metcalf,PIT,rf,9.076,2.479,17.149,21.8
00-0035659,2025,14,WR,Terry McLaurin,WAS,rf,12.024,5.428,20.097,7.1000000000000005
00-0035662,2025,14,WR,Marquise Brown,KC,rf,8.467,1.871,16.54,4.5
00-0035676,2025,14,WR,A.J. Brown,PHI,rf,13.414,6.818,21.487,16.0
00-0035719,2025,14,WR,Deebo Samuel Sr.,WAS,rf,11.895,5.299,19.969,6.7
00-0035876,2025,14,WR,Andre Baccellia,ARI,rf,0.784,0.0,8.857,1.3
00-0035891,2025,14,WR,Cody White,SEA,rf,2.763,0.0,10.836,1.9
00-0036133,2025,14,WR,James Proche,TEN,rf,4.687,0.0,12.76,0.0
00-0036182,2025,14,WR,Nick Westbrook-Ikhine,MIA,rf,2.712,0.0,10.785,0.0
00-0036196,2025,14,WR,Gabe Davis,BUF,rf,3.929,0.0,12.002,4.1
00-0036252,2025,14,WR,Michael Pittman,IND,rf,13.284,6.687,21.357,16.9
00-0036309,2025,14,WR,Darnell Mooney,ATL,rf,8.676,2.079,16.749,1.6
00-0036322,2025,14,WR,Justin Jefferson,MIN,rf,13.05,6.454,21.123,3.1
00-0036331,2025,14,WR,Devin Duvernay,CHI,rf,0.577,0.0,8.65,3.4000000000000004
00-0036358,2025,14,WR,CeeDee Lamb,DAL,rf,14.567,7.971,22.64,18.1
00-0036407,2025,14,WR,Jerry Jeudy,CLE,rf,9.138,2.542,17.211,16.6
00-0036410,2025,14,WR,Tee Higgins,CIN,rf,12.518,5.922,20.591,27.200000000000003
00-0036415,2025,14,WR,Van Jefferson,TEN,rf,5.278,0.0,13.351,3.7
00-0036527,2025,14,WR,DJ Turner,LV,rf,3.582,0.0,11.655,0.0
00-0036550,2025,14,WR,Rashod Bateman,BAL,rf,4.291,0.0,12.364,4.300000000000001
00-0036554,2025,14,WR,Nico Collins,HOU,rf,15.404,8.807,23.477,16.1
00-0036613,2025,14,WR,Jaylen Waddle,MIA,rf,13.103,6.506,21.176,18.1
00-0036620,2025,14,WR,Dee Eskridge,MIA,rf,1.914,0.0,9.987,0.0
00-0036841,2025,14,WR,Austin Trammell,JAX,rf,3.474,0.0,11.547,0.0
00-0036862,2025,14,WR,Ben Skowronek,PIT,rf,1.274,0.0,9.347,2.3
00-0036900,2025,14,WR,Ja'Marr Chase,CIN,rf,16.756,10.16,24.829,10.2
00-0036912,2025,14,WR,DeVonta Smith,PHI,rf,12.697,6.1,20.77,7.7
00-0036963,2025,14,WR,Amon-Ra St. Brown,DET,rf,15.107,8.511,23.18,15.200000000000001
00-0037091,2025,14,WR,Bo Melton,GB,rf,2.414,0.0,10.487,11.5
00-0037132,2025,14,WR,Britain Covey,PHI,rf,1.541,0.0,9.614,0.0
00-0037239,2025,14,WR,Chris Olave,NO,rf,13.794,7.198,21.867,6.0
00-0037240,2025,14,WR,Jameson Williams,DET,rf,12.602,6.006,20.675,17.3
00-0037247,2025,14,WR,George Pickens,DAL,rf,15.425,8.829,23.498,8.7
00-0037261,2025,14,WR,Khalil Shakir,BUF,rf,10.903,4.307,18.977,9.6
00-0037291,2025,14,WR,Jalen Nailor,MIN,rf,5.034,0.0,13.108,6.0
00-0037487,2025,14,WR,Deven Thompkins,ATL,rf,3.122,0.0,11.195,1.4
00-0037545,2025,14,WR,Rashid Shaheed,SEA,rf,8.153,1.557,16.226,16.7
00-0037614,2025,14,WR,John Metchie III,NYJ,rf,7.924,1.327,15.997,7.4
00-0037664,2025,14,WR,Alec Pierce,IND,rf,11.631,5.034,19.704,13.0
00-0037741,2025,14,WR,Jahan Dotson,PHI,rf,3.472,0.0,11.545,1.3
00-0037742,2025,14,WR,Treylon Burks,WAS,rf,5.691,0.0,13.764,0.0
00-0037745,2025,14,WR,Velus Jones Jr.,SEA,rf,0.622,0.0,8.695,3.2
00-0037801,2025,14,WR,KaVontae Turpin,DAL,rf,4.97,0.0,13.044,5.0
00-0037816,2025,14,WR,Romeo Doubs,GB,rf,9.152,2.556,17.225,0.0
00-0037837,2025,14,WR,Calvin Austin III,PIT,rf,6.421,0.0,14.494,4.1
00-0038104,2025,14,WR,Tyquan Thornton,KC,rf,5.737,0.0,13.81,3.9000000000000004
00-0038124,2025,14,WR,Christian Watson,GB,rf,10.592,3.995,18.665,24.9
00-0038359,2025,14,WR,Xavier Smith,LA,rf,4.343,0.0,12.416,1.6
00-0038543,2025,14,WR,Jaxon Smith-Njigba,SEA,rf,16.527,9.931,24.6,28.1
00-0038544,2025,14,WR,Quentin Johnston,LAC,rf,11.722,5.126,19.795,2.8
00-0038559,2025,14,WR,Michael Wilson,ARI,rf,17.248,10.651,25.321,37.2
00-0038563,2025,14,WR,Tre Tucker,LV,rf,8.24,1.643,16.313,4.4
00-0038573,2025,14,WR,Derius Davis,LAC,rf,0.663,0.0,8.736,0.0
00-0038576,2025,14,WR,Charlie Jones,CIN,rf,0.72,0.0,8.793,0.0
00-0038618,2025,14,WR,Xavier Hutchinson,HOU,rf,7.324,0.728,15.397,0.0
00-0038619,2025,14,WR,Andrei Iosivas,CIN,rf,7.699,1.102,15.772,3.7
00-0038640,2025,14,WR,Jalen Brooks,ARI,rf,2.252,0.0,10.325,5.2
00-0038679,2025,14,WR,Tyrell Shavers,BUF,rf,5.669,0.0,13.742,2.6
00-0038824,2025,14,WR,Ryan Miller,TB,rf,0.823,0.0,8.896,0.0
00-0038891,2025,14,WR,Shedrick Jackson,LV,rf,4.36,0.0,12.433,9.5
00-0038911,2025,14,WR,Malik Cunningham,DET,rf,0.767,0.0,8.84,0.1
00-0038953,2025,14,WR,Dylan Drummond,ATL,rf,4.437,0.0,12.51,5.1
00-0038976,2025,14,WR,Marvin Mims Jr.,DEN,rf,6.766,0.169,14.839,7.7
00-0038979,2025,14,WR,Cedric Tillman,CLE,rf,4.295,0.0,12.368,3.3000000000000003
00-0038994,2025,14,WR,Jordan Addison,MIN,rf,9.067,2.471,17.14,10.2
00-0038997,2025,14,WR,Josh Downs,IND,rf,7.522,0.926,15.595,6.300000000000001
00-0039062,2025,14,WR,Jonathan Mingo,DAL,rf,2.96,0.0,11.033,0.0
00-0039064,2025,14,WR,Zay Flowers,BAL,rf,10.971,4.374,19.044,20.6
00-0039067,2025,14,WR,Rashee Rice,KC,rf,14.691,8.094,22.764,7.4
00-0039075,2025,14,WR,Puka Nacua,LA,rf,15.9,9.303,23.973,35.7
00-0039146,2025,14,WR,Jayden Reed,GB,rf,7.968,1.372,16.041,9.3
00-0039410,2025,14,WR,Ryan Flournoy,DAL,rf,4.589,0.0,12.662,26.5
00-0039424,2025,14,WR,Devaughn Vele,NO,rf,10.541,3.945,18.614,7.0
00-0039451,2025,14,WR,Isaiah Williams,NYJ,rf,3.002,0.0,11.075,10.4
00-0039589,2025,14,WR,Kameron Johnson,TB,rf,0.682,0.0,8.755,0.0
00-0039623,2025,14,WR,Mason Tipton,NO,rf,3.65,0.0,11.723,0.0
00-0039751,2025,14,WR,Jordan Whittington,LA,rf,3.102,0.0,11.175,1.5
00-0039816,2025,14,WR,Anthony Gould,IND,rf,0.64,0.0,8.713,1.3
00-0039868,2025,14,WR,Troy Franklin,DEN,rf,13.077,6.481,21.15,4.1
00-0039880,2025,14,WR,Malik Washington,MIA,rf,7.223,0.626,15.296,4.0
00-0039890,2025,14,WR,Adonai Mitchell,NYJ,rf,10.91,4.314,18.983,3.4000000000000004
00-0039893,2025,14,WR,Brian Thomas Jr.,JAX,rf,10.279,3.682,18.352,11.700000000000001
00-0039894,2025,14,WR,Xavier Worthy,KC,rf,9.025,2.428,17.098,8.5
00-0039901,2025,14,WR,Keon Coleman,BUF,rf,8.328,1.731,16.401,3.6
00-0039915,2025,14,WR,Ladd McConkey,LAC,rf,13.695,7.099,21.768,2.2
00-0039920,2025,14,WR,Malachi Corley,CLE,rf,2.221,0.0,10.294,0.2
00-0040024,2025,14,WR,Darius Cooper,PHI,rf,4.055,0.0,12.128,2.9000000000000004
00-0040075,2025,14,WR,LaJohntay Wester,BAL,rf,0.438,0.0,8.512,0.0
00-0040129,2025,14,WR,Emeka Egbuka,TB,rf,13.186,6.59,21.259,3.5
00-0040130,2025,14,WR,Jayden Higgins,HOU,rf,9.076,2.479,17.149,6.4
00-0040134,2025,14,WR,Pat Bryant,DEN,rf,7.566,0.97,15.639,7.2
00-0040138,2025,14,WR,Jaylin Noel,HOU,rf,4.3,0.0,12.373,3.3
00-0040154,2025,14,WR,Tai Felton,MIN,rf,0.875,0.0,8.948,2.0
00-0040164,2025,14,WR,Jaylin Lane,WAS,rf,4.027,0.0,12.1,0.0
00-0040170,2025,14,WR,Elic Ayomanor,TEN,rf,7.427,0.831,15.5,8.4
00-0040259,2025,14,WR,Gage Larvadain,CLE,rf,2.613,0.0,10.686,3.8
00-0040506,2025,14,WR,Myles Price,MIN,rf,0.38,0.0,8.453,0.0
00-0040590,2025,14,WR,Konata Mumpfield,LA,rf,2.677,0.0,10.75,1.5
00-0040667,2025,14,WR,Matthew Golden,GB,rf,7.429,0.832,15.502,0.0
00-0040669,2025,14,WR,Isaac TeSlaa,DET,rf,3.669,0.0,11.742,10.0
00-0040705,2025,14,WR,Chimere Dike,TEN,rf,7.715,1.119,15.788,13.4
00-0040727,2025,14,WR,Tre Harris,LAC,rf,4.996,0.0,13.069,3.1
00-0040729,2025,14,WR,Jack Bech,LV,rf,3.321,0.0,11.394,11.0
00-0040735,2025,14,WR,Luther Burden III,CHI,rf,7.176,0.58,15.249,11.0
00-0040782,2025,14,WR,Isaiah Bond,CLE,rf,5.543,0.0,13.616,0.0
00-0030035,2025,15,WR,Adam Thielen,PIT,rf,3.01,0.0,11.083,1.7000000000000002
00-0030279,2025,15,WR,Keenan Allen,LAC,rf,11.148,4.551,19.221,8.6
00-0030564,2025,15,WR,DeAndre Hopkins,BAL,rf,3.275,0.0,11.348,4.2
00-0031236,2025,15,WR,Brandin Cooks,BUF,rf,4.404,0.0,12.477,0.0
00-0031381,2025,15,WR,Davante Adams,LA,rf,13.79,7.194,21.863,11.100000000000001
00-0031408,2025,15,WR,Mike Evans,TB,rf,10.431,3.835,18.504,19.200000000000003
00-0031588,2025,15,WR,Stefon Diggs,NE,rf,8.454,1.858,16.527,5.6
00-0032211,2025,15,WR,Tyler Lockett,LV,rf,7.121,0.524,15.194,3.0
00-0032464,2025,15,WR,Kalif Raymond,DET,rf,3.709,0.0,11.782,3.0
00-0032775,2025,15,WR,Demarcus Robinson,SF,rf,3.759,0.0,11.832,5.6
00-0033307,2025,15,WR,Kendrick Bourne,SF,rf,6.191,0.0,14.264,3.7
00-0033555,2025,15,WR,Mack Hollins,NE,rf,8.178,1.581,16.251,8.100000000000001
00-0033591,2025,15,WR,Noah Brown,WAS,rf,5.493,0.0,13.566,3.8000000000000003
00-0033857,2025,15,WR,JuJu Smith-Schuster,KC,rf,4.565,0.0,12.638,0.0
00-0033908,2025,15,WR,Cooper Kupp,SEA,rf,8.101,1.504,16.174,9.600000000000001
00-0033921,2025,15,WR,Chris Godwin Jr.,TB,rf,9.808,3.212,17.882,14.0
00-0034272,2025,15,WR,Marquez Valdes-Scantling,PIT,rf,3.082,0.0,11.155,8.9
00-0034348,2025,15,WR,Courtland Sutton,DEN,rf,13.091,6.494,21.164,24.3
00-0034521,2025,15,WR,Allen Lazard,NYJ,rf,3.472,0.0,11.545,1.6
00-0034827,2025,15,WR,DJ Moore,CHI,rf,8.457,1.86,16.53,22.9
00-0034854,2025,15,WR,KhaDarel Hodge,ATL,rf,3.257,0.0,11.331,0.0
00-0034860,2025,15,WR,Dante Pettis,NO,rf,1.196,0.0,9.269,0.0
00-0034960,2025,15,WR,Jakobi Meyers,JAX,rf,12.785,6.188,20.858,12.100000000000001
00-0035208,2025,15,WR,Olamide Zaccheaus,CHI,rf,5.595,0.0,13.668,0.0
00-0035359,2025,15,WR,David Sills,ATL,rf,3.886,0.0,11.959,13.8
00-0035406,2025,15,WR,Lil'Jordan Humphrey,DEN,rf,5.192,0.0,13.265,13.2
00-0035535,2025,15,WR,Darius Slayton,NYG,rf,8.396,1.8,16.47,9.3
00-0035544,2025,15,WR,Tom Kennedy,DET,rf,4.171,0.0,12.244,0.0
00-0035640,2025,15,WR,DK Metcalf,PIT,rf,13.208,6.612,21.281,14.5
00-0035659,2025,15,WR,Terry McLaurin,WAS,rf,11.047,4.45,19.12,15.9
00-0035676,2025,15,WR,A.J. Brown,PHI,rf,13.411,6.814,21.484,12.100000000000001
00-0035719,2025,15,WR,Deebo Samuel Sr.,WAS,rf,12.7,6.104,20.773,7.3
00-0035876,2025,15,WR,Andre Baccellia,ARI,rf,3.493,0.0,11.566,0.0
00-0036133,2025,15,WR,James Proche,TEN,rf,3.287,0.0,11.36,0.0
00-0036165,2025,15,WR,Isaiah Hodgins,NYG,rf,7.089,0.493,15.163,1.4
00-0036182,2025,15,WR,Nick Westbrook-Ikhine,MIA,rf,2.739,0.0,10.812,0.0
00-0036252,2025,15,WR,Michael Pittman,IND,rf,13.303,6.706,21.376,5.6
00-0036259,2025,15,WR,Jauan Jennings,SF,rf,12.12,5.524,20.193,18.7
00-0036309,2025,15,WR,Darnell Mooney,ATL,rf,8.85,2.254,16.923,6.5
00-0036322,2025,15,WR,Justin Jefferson,MIN,rf,12.143,5.547,20.216,4.2
00-0036331,2025,15,WR,Devin Duvernay,CHI,rf,2.169,0.0,10.242,0.0
00-0036358,2025,15,WR,CeeDee Lamb,DAL,rf,13.77,7.173,21.843,17.1
00-0036407,2025,15,WR,Jerry Jeudy,CLE,rf,11.19,4.593,19.263,4.2
00-0036415,2025,15,WR,Van Jefferson,TEN,rf,4.474,0.0,12.547,5.3
00-0036554,2025,15,WR,Nico Collins,HOU,rf,15.837,9.24,23.91,23.5
00-0036613,2025,15,WR,Jaylen Waddle,MIA,rf,12.957,6.361,21.03,4.6
00-0036620,2025,15,WR,Dee Eskridge,MIA,rf,0.887,0.0,8.96,0.0
00-0036626,2025,15,WR,Dyami Brown,JAX,rf,5.067,0.0,13.14,-1.6
00-0036630,2025,15,WR,Tylan Wallace,BAL,rf,2.132,0.0,10.205,0.0
00-0036849,2025,15,WR,Tutu Atwell,LA,rf,6.28,0.0,14.353,1.9
00-0036862,2025,15,WR,Ben Skowronek,PIT,rf,1.778,0.0,9.851,0.0
00-0036900,2025,15,WR,Ja'Marr Chase,CIN,rf,17.028,10.431,25.101,23.200000000000003
00-0036912,2025,15,WR,DeVonta Smith,PHI,rf,12.931,6.334,21.004,7.0
00-0036959,2025,15,WR,Michael Bandy,DEN,rf,0.894,0.0,8.967,9.0
00-0036963,2025,15,WR,Amon-Ra St. Brown,DET,rf,14.466,7.87,22.539,41.400000000000006
00-0036988,2025,15,WR,Josh Palmer,BUF,rf,5.348,0.0,13.421,2.6
00-0037091,2025,15,WR,Bo Melton,GB,rf,3.819,0.0,11.892,0.0
00-0037132,2025,15,WR,Britain Covey,PHI,rf,0.796,0.0,8.869,0.0
00-0037231,2025,15,WR,Kevin Austin Jr.,NO,rf,3.176,0.0,11.249,6.300000000000001
00-0037239,2025,15,WR,Chris Olave,NO,rf,12.69,6.094,20.763,20.5
00-0037240,2025,15,WR,Jameson Williams,DET,rf,12.938,6.341,21.011,26.4
00-0037247,2025,15,WR,George Pickens,DAL,rf,14.532,7.936,22.606,6.300000000000001
00-0037261,2025,15,WR,Khalil Shakir,BUF,rf,8.752,2.156,16.825,11.5
00-0037291,2025,15,WR,Jalen Nailor,MIN,rf,6.011,0.0,14.084,19.5
00-0037487,2025,15,WR,Deven Thompkins,ATL,rf,3.198,0.0,11.271,0.0
00-0037545,2025,15,WR,Rashid Shaheed,SEA,rf,8.324,1.728,16.397,12.100000000000001
00-0037614,2025,15,WR,John Metchie III,NYJ,rf,8.925,2.329,16.998,6.9
00-0037664,2025,15,WR,Alec Pierce,IND,rf,13.144,6.548,21.217,2.6
00-0037742,2025,15,WR,Treylon Burks,WAS,rf,3.7,0.0,11.773,0.0
00-0037801,2025,15,WR,KaVontae Turpin,DAL,rf,5.605,0.0,13.678,3.2
00-0037816,2025,15,WR,Romeo Doubs,GB,rf,7.346,0.75,15.419,5.6
00-0037837,2025,15,WR,Calvin Austin III,PIT,rf,6.816,0.219,14.889,0.0
00-0038090,2025,15,WR,Skyy Moore,SF,rf,0.641,0.0,8.714,0.0
00-0038104,2025,15,WR,Tyquan Thornton,KC,rf,6.103,0.0,14.176,6.7
00-0038117,2025,15,WR,Wan'Dale Robinson,NYG,rf,14.89,8.294,22.963,16.4
00-0038124,2025,15,WR,Christian Watson,GB,rf,13.013,6.417,21.086,5.9
00-0038359,2025,15,WR,Xavier Smith,LA,rf,3.287,0.0,11.36,0.0
00-0038393,2025,15,WR,Dontayvion Wicks,GB,rf,9.234,2.638,17.307,1.6
00-0038519,2025,15,WR,Nikko Remigio,KC,rf,0.529,0.0,8.602,0.0
00-0038543,2025,15,WR,Jaxon Smith-Njigba,SEA,rf,14.546,7.95,22.619,18.3
00-0038559,2025,15,WR,Michael Wilson,ARI,rf,15.87,9.273,23.943,16.4
00-0038563,2025,15,WR,Tre Tucker,LV,rf,7.598,1.002,15.671,0.0
00-0038576,2025,15,WR,Charlie Jones,CIN,rf,0.683,0.0,8.756,0.0
00-0038606,2025,15,WR,Parker Washington,JAX,rf,9.318,2.722,17.391,8.3
00-0038608,2025,15,WR,Kayshon Boutte,NE,rf,8.018,1.421,16.091,4.0
00-0038618,2025,15,WR,Xavier Hutchinson,HOU,rf,6.547,0.0,14.62,2.6
00-0038619,2025,15,WR,Andrei Iosivas,CIN,rf,7.619,1.022,15.692,0.0
00-0038621,2025,15,WR,DeMario Douglas,NE,rf,8.366,1.77,16.439,0.5
00-0038640,2025,15,WR,Jalen Brooks,ARI,rf,3.317,0.0,11.391,2.9000000000000004
00-0038839,2025,15,WR,Mitchell Tinsley,CIN,rf,5.837,0.0,13.91,2.6
00-0038840,2025,15,WR,Brycen Tremayne,CAR,rf,1.829,0.0,9.902,0.0
00-0038938,2025,15,WR,Jalin Hyatt,NYG,rf,4.357,0.0,12.43,0.0
00-0038953,2025,15,WR,Dylan Drummond,ATL,rf,4.665,0.0,12.738,0.0
00-0038976,2025,15,WR,Marvin Mims Jr.,DEN,rf,5.367,0.0,13.44,7.7
00-0038994,2025,15,WR,Jordan Addison,MIN,rf,9.484,2.887,17.557,8.600000000000001
00-0038997,2025,15,WR,Josh Downs,IND,rf,7.058,0.461,15.131,10.3
00-0039062,2025,15,WR,Jonathan Mingo,DAL,rf,3.055,0.0,11.128,3.5
00-0039064,2025,15,WR,Zay Flowers,BAL,rf,12.193,5.597,20.266,15.8
00-0039067,2025,15,WR,Rashee Rice,KC,rf,14.099,7.502,22.172,12.100000000000001
00-0039075,2025,15,WR,Puka Nacua,LA,rf,14.303,7.706,22.376,27.900000000000002
00-0039146,2025,15,WR,Jayden Reed,GB,rf,7.97,1.373,16.043,10.5
00-0039342,2025,15,WR,Xavier Legette,CAR,rf,7.398,0.802,15.471,5.9
00-0039410,2025,15,WR,Ryan Flournoy,DAL,rf,8.615,2.019,16.688,8.0
00-0039424,2025,15,WR,Devaughn Vele,NO,rf,9.848,3.251,17.921,11.9
00-0039451,2025,15,WR,Isaiah Williams,NYJ,rf,3.485,0.0,11.558,11.3
00-0039491,2025,15,WR,Jalen Coker,CAR,rf,7.724,1.128,15.797,14.0
00-0039589,2025,15,WR,Kameron Johnson,TB,rf,2.321,0.0,10.394,0.0
00-0039623,2025,15,WR,Mason Tipton,NO,rf,2.292,0.0,10.365,1.1
00-0039751,2025,15,WR,Jordan Whittington,LA,rf,3.405,0.0,11.478,0.0
00-0039855,2025,15,WR,Jalen McMillan,TB,rf,11.787,5.191,19.86,5.800000000000001
00-0039868,2025,15,WR,Troy Franklin,DEN,rf,12.308,5.712,20.382,20.8
00-0039880,2025,15,WR,Malik Washington,MIA,rf,7.044,0.448,15.117,2.0
00-0039890,2025,15,WR,Adonai Mitchell,NYJ,rf,8.761,2.165,16.834,17.4
00-0039893,2025,15,WR,Brian Thomas Jr.,JAX,rf,10.516,3.92,18.589,17.1
00-0039894,2025,15,WR,Xavier Worthy,KC,rf,8.41,1.813,16.483,5.5
00-0039915,2025,15,WR,Ladd McConkey,LAC,rf,12.039,5.443,20.112,4.0
00-0039916,2025,15,WR,Ricky Pearsall,SF,rf,7.576,0.98,15.649,15.600000000000001
00-0039920,2025,15,WR,Malachi Corley,CLE,rf,1.655,0.0,9.728,2.0
00-0040024,2025,15,WR,Darius Cooper,PHI,rf,3.35,0.0,11.423,4.9
00-0040075,2025,15,WR,LaJohntay Wester,BAL,rf,0.428,0.0,8.501,0.0
00-0040124,2025,15,WR,Tetairoa McMillan,CAR,rf,13.773,7.176,21.846,4.5
00-0040129,2025,15,WR,Emeka Egbuka,TB,rf,13.458,6.862,21.531,10.4
00-0040130,2025,15,WR,Jayden Higgins,HOU,rf,9.875,3.278,17.948,1.4
00-0040131,2025,15,WR,Kyle Williams,NE,rf,4.088,0.0,12.162,0.0
00-0040138,2025,15,WR,Jaylin Noel,HOU,rf,5.511,0.0,13.584,0.0
00-0040164,2025,15,WR,Jaylin Lane,WAS,rf,3.892,0.0,11.965,6.0
00-0040170,2025,15,WR,Elic Ayomanor,TEN,rf,7.66,1.064,15.733,2.7
00-0040184,2025,15,WR,KeAndre Lambert-Smith,LAC,rf,1.844,0.0,9.917,8.6
00-0040218,2025,15,WR,Jimmy Horn Jr.,CAR,rf,3.36,0.0,11.434,1.7000000000000002
00-0040237,2025,15,WR,Tez Johnson,TB,rf,6.436,0.0,14.509,0.0
00-0040259,2025,15,WR,Gage Larvadain,CLE,rf,2.297,0.0,10.37,1.8
00-0040431,2025,15,WR,Dalen Cambre,NYG,rf,0.849,0.0,8.922,0.0
00-0040506,2025,15,WR,Myles Price,MIN,rf,0.362,0.0,8.435,0.0
00-0040582,2025,15,WR,Arian Smith,NYJ,rf,1.889,0.0,9.962,0.0
00-0040590,2025,15,WR,Konata Mumpfield,LA,rf,3.21,0.0,11.283,0.0
00-0040667,2025,15,WR,Matthew Golden,GB,rf,4.782,0.0,12.855,8.5
00-0040669,2025,15,WR,Isaac TeSlaa,DET,rf,3.822,0.0,11.895,0.0
00-0040705,2025,15,WR,Chimere Dike,TEN,rf,8.945,2.348,17.018,5.0
00-0040727,2025,15,WR,Tre Harris,LAC,rf,5.264,0.0,13.337,7.9
00-0040729,2025,15,WR,Jack Bech,LV,rf,4.656,0.0,12.729,3.7
00-0040735,2025,15,WR,Luther Burden III,CHI,rf,7.765,1.169,15.838,14.4
00-0040782,2025,15,WR,Isaiah Bond,CLE,rf,4.172,0.0,12.246,10.9
00-0030035,2025,16,WR,Adam Thielen,PIT,rf,3.128,0.0,11.201,8.9
00-0030279,2025,16,WR,Keenan Allen,LAC,rf,11.42,4.824,19.493,9.4
00-0030564,2025,16,WR,DeAndre Hopkins,BAL,rf,4.123,0.0,12.196,8.100000000000001
00-0031236,2025,16,WR,Brandin Cooks,BUF,rf,5.538,0.0,13.611,0.0
00-0031408,2025,16,WR,Mike Evans,TB,rf,11.928,5.331,20.001,14.1
00-0031588,2025,16,WR,Stefon Diggs,NE,rf,9.391,2.794,17.464,22.8
00-0032211,2025,16,WR,Tyler Lockett,LV,rf,6.331,0.0,14.404,1.6
00-0032398,2025,16,WR,Chris Moore,WAS,rf,4.714,0.0,12.787,0.0
00-0032464,2025,16,WR,Kalif Raymond,DET,rf,3.394,0.0,11.467,16.2
00-0032775,2025,16,WR,Demarcus Robinson,SF,rf,4.505,0.0,12.578,10.3
00-0033307,2025,16,WR,Kendrick Bourne,SF,rf,6.871,0.274,14.944,5.7
00-0033375,2025,16,WR,Tim Patrick,JAX,rf,5.1,0.0,13.173,2.1
00-0033555,2025,16,WR,Mack Hollins,NE,rf,8.631,2.034,16.704,13.9
00-0033857,2025,16,WR,JuJu Smith-Schuster,KC,rf,4.489,0.0,12.562,2.2
00-0033908,2025,16,WR,Cooper Kupp,SEA,rf,7.337,0.741,15.41,6.9
00-0033921,2025,16,WR,Chris Godwin Jr.,TB,rf,9.709,3.113,17.782,8.0
00-0034272,2025,16,WR,Marquez Valdes-Scantling,PIT,rf,3.758,0.0,11.831,1.6
00-0034348,2025,16,WR,Courtland Sutton,DEN,rf,13.437,6.841,21.51,20.6
00-0034418,2025,16,WR,Cedrick Wilson Jr.,MIA,rf,2.836,0.0,10.909,2.1
00-0034775,2025,16,WR,Christian Kirk,HOU,rf,7.202,0.605,15.275,6.7
00-0034827,2025,16,WR,DJ Moore,CHI,rf,8.994,2.397,17.067,21.9
00-0034860,2025,16,WR,Dante Pettis,NO,rf,0.842,0.0,8.915,0.0
00-0034928,2025,16,WR,Steven Sims,ARI,rf,0.93,0.0,9.003,0.0
00-0034960,2025,16,WR,Jakobi Meyers,JAX,rf,13.21,6.614,21.283,8.600000000000001
00-0035140,2025,16,WR,Mecole Hardman,BUF,rf,3.461,0.0,11.534,0.0
00-0035208,2025,16,WR,Olamide Zaccheaus,CHI,rf,5.549,0.0,13.622,5.300000000000001
00-0035298,2025,16,WR,Scott Miller,PIT,rf,2.56,0.0,10.633,4.9
00-0035359,2025,16,WR,David Sills,ATL,rf,8.134,1.538,16.207,0.0
00-0035406,2025,16,WR,Lil'Jordan Humphrey,DEN,rf,6.494,0.0,14.567,1.9
00-0035535,2025,16,WR,Darius Slayton,NYG,rf,9.197,2.601,17.27,1.8
00-0035544,2025,16,WR,Tom Kennedy,DET,rf,3.099,0.0,11.172,0.0
00-0035602,2025,16,WR,Alex Bachman,LV,rf,0.92,0.0,8.993,1.3
00-0035640,2025,16,WR,DK Metcalf,PIT,rf,13.558,6.962,21.631,8.2
00-0035645,2025,16,WR,Gunner Olszewski,NYG,rf,0.93,0.0,9.003,0.0
00-0035659,2025,16,WR,Terry McLaurin,WAS,rf,11.854,5.258,19.927,8.3
00-0035662,2025,16,WR,Marquise Brown,KC,rf,7.686,1.089,15.759,5.2
00-0035676,2025,16,WR,A.J. Brown,PHI,rf,13.287,6.691,21.36,18.5
00-0035719,2025,16,WR,Deebo Samuel Sr.,WAS,rf,11.783,5.187,19.856,6.5
00-0035891,2025,16,WR,Cody White,SEA,rf,3.326,0.0,11.399,0.0
00-0036252,2025,16,WR,Michael Pittman,IND,rf,13.107,6.511,21.18,7.2
00-0036259,2025,16,WR,Jauan Jennings,SF,rf,13.014,6.417,21.087,18.1
00-0036309,2025,16,WR,Darnell Mooney,ATL,rf,7.114,0.517,15.187,4.4
00-0036322,2025,16,WR,Justin Jefferson,MIN,rf,10.594,3.998,18.667,14.5
00-0036331,2025,16,WR,Devin Duvernay,CHI,rf,0.562,0.0,8.635,0.0
00-0036358,2025,16,WR,CeeDee Lamb,DAL,rf,13.389,6.793,21.462,11.100000000000001
00-0036407,2025,16,WR,Jerry Jeudy,CLE,rf,8.775,2.178,16.848,4.2
00-0036410,2025,16,WR,Tee Higgins,CIN,rf,13.08,6.484,21.153,14.3
00-0036415,2025,16,WR,Van Jefferson,TEN,rf,5.425,0.0,13.498,4.4
00-0036427,2025,16,WR,Tyler Johnson,NYJ,rf,4.94,0.0,13.013,1.7000000000000002
00-0036550,2025,16,WR,Rashod Bateman,BAL,rf,5.005,0.0,13.078,0.0
00-0036554,2025,16,WR,Nico Collins,HOU,rf,12.787,6.191,20.861,9.9
00-0036613,2025,16,WR,Jaylen Waddle,MIA,rf,12.626,6.03,20.699,12.2
00-0036620,2025,16,WR,Dee Eskridge,MIA,rf,0.968,0.0,9.041,0.0
00-0036862,2025,16,WR,Ben Skowronek,PIT,rf,0.935,0.0,9.008,0.0
00-0036900,2025,16,WR,Ja'Marr Chase,CIN,rf,17.681,11.085,25.755,19.9
00-0036912,2025,16,WR,DeVonta Smith,PHI,rf,12.204,5.607,20.277,16.2
00-0036963,2025,16,WR,Amon-Ra St. Brown,DET,rf,15.685,9.088,23.758,9.4
00-0036988,2025,16,WR,Josh Palmer,BUF,rf,5.466,0.0,13.539,1.2
00-0037091,2025,16,WR,Bo Melton,GB,rf,2.844,0.0,10.917,0.0
00-0037093,2025,16,WR,Dareke Young,SEA,rf,0.857,0.0,8.93,0.0
00-0037132,2025,16,WR,Britain Covey,PHI,rf,0.996,0.0,9.069,0.0
00-0037231,2025,16,WR,Kevin Austin Jr.,NO,rf,4.108,0.0,12.181,3.8
00-0037238,2025,16,WR,Drake London,ATL,rf,17.497,10.901,25.57,5.7
00-0037239,2025,16,WR,Chris Olave,NO,rf,13.205,6.608,21.278,36.8
00-0037240,2025,16,WR,Jameson Williams,DET,rf,12.872,6.275,20.945,12.0
00-0037247,2025,16,WR,George Pickens,DAL,rf,13.792,7.195,21.865,26.0
00-0037261,2025,16,WR,Khalil Shakir,BUF,rf,9.65,3.053,17.723,7.4
00-0037291,2025,16,WR,Jalen Nailor,MIN,rf,6.096,0.0,14.169,0.0
00-0037487,2025,16,WR,Deven Thompkins,ATL,rf,1.768,0.0,9.841,0.0
00-0037545,2025,16,WR,Rashid Shaheed,SEA,rf,8.984,2.388,17.057,9.1
00-0037614,2025,16,WR,John Metchie III,NYJ,rf,8.007,1.41,16.08,1.4
00-0037664,2025,16,WR,Alec Pierce,IND,rf,10.507,3.911,18.58,24.6
00-0037741,2025,16,WR,Jahan Dotson,PHI,rf,3.64,0.0,11.713,4.3
00-0037742,2025,16,WR,Treylon Burks,WAS,rf,3.596,0.0,11.669,5.0
00-0037801,2025,16,WR,KaVontae Turpin,DAL,rf,6.248,0.0,14.321,4.7
00-0037816,2025,16,WR,Romeo Doubs,GB,rf,7.183,0.587,15.256,19.4
00-0037837,2025,16,WR,Calvin Austin III,PIT,rf,4.615,0.0,12.688,1.8
00-0038090,2025,16,WR,Skyy Moore,SF,rf,0.861,0.0,8.934,3.3000000000000003
00-0038117,2025,16,WR,Wan'Dale Robinson,NYG,rf,15.4,8.803,23.473,5.2
00-0038124,2025,16,WR,Christian Watson,GB,rf,13.254,6.658,21.327,3.7
00-0038359,2025,16,WR,Xavier Smith,LA,rf,2.864,0.0,10.937,7.7
00-0038393,2025,16,WR,Dontayvion Wicks,GB,rf,8.995,2.399,17.068,3.2
00-0038519,2025,16,WR,Nikko Remigio,KC,rf,0.691,0.0,8.764,0.0
00-0038543,2025,16,WR,Jaxon Smith-Njigba,SEA,rf,16.664,10.067,24.737,23.6
00-0038544,2025,16,WR,Quentin Johnston,LAC,rf,9.543,2.947,17.617,20.4
00-0038559,2025,16,WR,Michael Wilson,ARI,rf,16.126,9.53,24.199,13.2
00-0038563,2025,16,WR,Tre Tucker,LV,rf,8.307,1.711,16.38,9.4
00-0038606,2025,16,WR,Parker Washington,JAX,rf,8.456,1.86,16.529,26.5
00-0038608,2025,16,WR,Kayshon Boutte,NE,rf,7.301,0.705,15.374,2.6
00-0038618,2025,16,WR,Xavier Hutchinson,HOU,rf,6.149,0.0,14.222,1.4
00-0038619,2025,16,WR,Andrei Iosivas,CIN,rf,6.376,0.0,14.449,3.1
00-0038621,2025,16,WR,DeMario Douglas,NE,rf,6.447,0.0,14.52,1.6
00-0038640,2025,16,WR,Jalen Brooks,ARI,rf,3.969,0.0,12.042,0.0
00-0038679,2025,16,WR,Tyrell Shavers,BUF,rf,4.165,0.0,12.238,3.1
00-0038839,2025,16,WR,Mitchell Tinsley,CIN,rf,4.584,0.0,12.657,0.0
00-0038840,2025,16,WR,Brycen Tremayne,CAR,rf,1.204,0.0,9.277,0.0
00-0038976,2025,16,WR,Marvin Mims Jr.,DEN,rf,5.666,0.0,13.739,5.9
00-0038979,2025,16,WR,Cedric Tillman,CLE,rf,5.328,0.0,13.401,1.8
00-0038994,2025,16,WR,Jordan Addison,MIN,rf,9.858,3.262,17.931,4.6
00-0038997,2025,16,WR,Josh Downs,IND,rf,7.719,1.122,15.792,11.8
00-0039062,2025,16,WR,Jonathan Mingo,DAL,rf,2.897,0.0,10.97,0.0
00-0039064,2025,16,WR,Zay Flowers,BAL,rf,14.381,7.785,22.454,21.200000000000003
00-0039075,2025,16,WR,Puka Nacua,LA,rf,16.317,9.721,24.39,46.5
00-0039146,2025,16,WR,Jayden Reed,GB,rf,8.511,1.914,16.584,7.1000000000000005
00-0039342,2025,16,WR,Xavier Legette,CAR,rf,7.846,1.25,15.919,2.2
00-0039410,2025,16,WR,Ryan Flournoy,DAL,rf,9.458,2.861,17.531,9.8
00-0039451,2025,16,WR,Isaiah Williams,NYJ,rf,4.882,0.0,12.955,6.5
00-0039491,2025,16,WR,Jalen Coker,CAR,rf,8.196,1.599,16.269,7.7
00-0039521,2025,16,WR,Xavier Weaver,ARI,rf,2.984,0.0,11.057,3.9000000000000004
00-0039589,2025,16,WR,Kameron Johnson,TB,rf,0.782,0.0,8.855,0.0
00-0039623,2025,16,WR,Mason Tipton,NO,rf,3.037,0.0,11.11,8.100000000000001
00-0039751,2025,16,WR,Jordan Whittington,LA,rf,3.473,0.0,11.546,2.9000000000000004
00-0039792,2025,16,WR,Devontez Walker,BAL,rf,3.624,0.0,11.697,0.0
00-0039849,2025,16,WR,Marvin Harrison Jr.,ARI,rf,13.042,6.445,21.115,2.4000000000000004
00-0039855,2025,16,WR,Jalen McMillan,TB,rf,10.736,4.139,18.809,3.6
00-0039868,2025,16,WR,Troy Franklin,DEN,rf,12.697,6.101,20.77,10.600000000000001
00-0039880,2025,16,WR,Malik Washington,MIA,rf,6.382,0.0,14.455,10.2
00-0039890,2025,16,WR,Adonai Mitchell,NYJ,rf,10.862,4.266,18.936,7.3
00-0039893,2025,16,WR,Brian Thomas Jr.,JAX,rf,11.172,4.576,19.245,3.8
00-0039894,2025,16,WR,Xavier Worthy,KC,rf,8.03,1.434,16.103,6.1000000000000005
00-0039915,2025,16,WR,Ladd McConkey,LAC,rf,11.951,5.355,20.024,14.3
00-0039920,2025,16,WR,Malachi Corley,CLE,rf,2.058,0.0,10.131,6.1000000000000005
00-0040009,2025,16,WR,Savion Williams,GB,rf,2.928,0.0,11.001,0.9
00-0040075,2025,16,WR,LaJohntay Wester,BAL,rf,0.473,0.0,8.546,0.0
00-0040124,2025,16,WR,Tetairoa McMillan,CAR,rf,13.857,7.261,21.93,19.3
00-0040129,2025,16,WR,Emeka Egbuka,TB,rf,14.177,7.581,22.25,5.0
00-0040130,2025,16,WR,Jayden Higgins,HOU,rf,7.807,1.21,15.88,2.7
00-0040131,2025,16,WR,Kyle Williams,NE,rf,3.13,0.0,11.203,12.600000000000001
00-0040134,2025,16,WR,Pat Bryant,DEN,rf,7.788,1.191,15.861,9.2
00-0040138,2025,16,WR,Jaylin Noel,HOU,rf,3.86,0.0,11.934,0.0
00-0040154,2025,16,WR,Tai Felton,MIN,rf,2.181,0.0,10.254,1.6
00-0040164,2025,16,WR,Jaylin Lane,WAS,rf,3.464,0.0,11.537,0.0
00-0040170,2025,16,WR,Elic Ayomanor,TEN,rf,6.914,0.318,14.987,8.8
00-0040184,2025,16,WR,KeAndre Lambert-Smith,LAC,rf,3.584,0.0,11.657,2.0
00-0040218,2025,16,WR,Jimmy Horn Jr.,CAR,rf,3.616,0.0,11.689,2.5
00-0040237,2025,16,WR,Tez Johnson,TB,rf,5.554,0.0,13.627,0.9
00-0040259,2025,16,WR,Gage Larvadain,CLE,rf,2.526,0.0,10.599,0.0
00-0040277,2025,16,WR,Jahdae Walker,CHI,rf,0.968,0.0,9.041,10.1
00-0040352,2025,16,WR,Coleman Owen,IND,rf,0.9,0.0,8.973,0.0
00-0040506,2025,16,WR,Myles Price,MIN,rf,0.391,0.0,8.464,0.0
00-0040534,2025,16,WR,Ke'Shawn Williams,CIN,rf,0.55,0.0,8.623,0.1
00-0040582,2025,16,WR,Arian Smith,NYJ,rf,2.647,0.0,10.72,0.0
00-0040590,2025,16,WR,Konata Mumpfield,LA,rf,3.036,0.0,11.109,7.0
00-0040667,2025,16,WR,Matthew Golden,GB,rf,7.073,0.476,15.146,0.4
00-0040669,2025,16,WR,Isaac TeSlaa,DET,rf,3.242,0.0,11.315,15.2
00-0040705,2025,16,WR,Chimere Dike,TEN,rf,6.862,0.265,14.935,13.0
00-0040727,2025,16,WR,Tre Harris,LAC,rf,4.844,0.0,12.917,9.4
00-0040729,2025,16,WR,Jack Bech,LV,rf,4.672,0.0,12.745,6.3
00-0040782,2025,16,WR,Isaiah Bond,CLE,rf,5.623,0.0,13.696,2.0
00-0030035,2025,17,WR,Adam Thielen,PIT,rf,4.305,0.0,12.378,3.4000000000000004
00-0030279,2025,17,WR,Keenan Allen,LAC,rf,11.648,5.052,19.721,2.7
00-0030564,2025,17,WR,DeAndre Hopkins,BAL,rf,4.904,0.0,12.977,0.0
00-0031236,2025,17,WR,Brandin Cooks,BUF,rf,4.011,0.0,12.084,14.100000000000001
00-0031408,2025,17,WR,Mike Evans,TB,rf,12.534,5.937,20.607,12.1
00-0031588,2025,17,WR,Stefon Diggs,NE,rf,11.923,5.327,19.996,22.1
00-0032211,2025,17,WR,Tyler Lockett,LV,rf,5.469,0.0,13.542,8.9
00-0032398,2025,17,WR,Chris Moore,WAS,rf,3.442,0.0,11.515,2.5
00-0032464,2025,17,WR,Kalif Raymond,DET,rf,6.719,0.123,14.793,1.5
00-0032775,2025,17,WR,Demarcus Robinson,SF,rf,5.167,0.0,13.24,5.0
00-0032951,2025,17,WR,Laquon Treadwell,IND,rf,0.61,0.0,8.683,0.0
00-0033307,2025,17,WR,Kendrick Bourne,SF,rf,6.746,0.15,14.819,3.5
00-0033375,2025,17,WR,Tim Patrick,JAX,rf,4.053,0.0,12.126,0.0
00-0033857,2025,17,WR,JuJu Smith-Schuster,KC,rf,5.149,0.0,13.222,4.6
00-0033908,2025,17,WR,Cooper Kupp,SEA,rf,8.127,1.531,16.2,1.6
00-0033921,2025,17,WR,Chris Godwin Jr.,TB,rf,8.603,2.007,16.676,23.8
00-0034054,2025,17,WR,River Cracraft,WAS,rf,2.751,0.0,10.824,0.0
00-0034272,2025,17,WR,Marquez Valdes-Scantling,PIT,rf,3.832,0.0,11.905,5.1
00-0034348,2025,17,WR,Courtland Sutton,DEN,rf,13.13,6.534,21.203,8.0
00-0034418,2025,17,WR,Cedrick Wilson Jr.,MIA,rf,2.737,0.0,10.81,1.8
00-0034775,2025,17,WR,Christian Kirk,HOU,rf,6.58,0.0,14.654,2.1
00-0034827,2025,17,WR,DJ Moore,CHI,rf,11.693,5.097,19.766,1.7000000000000002
00-0034860,2025,17,WR,Dante Pettis,NO,rf,3.296,0.0,11.369,6.300000000000001
00-0034928,2025,17,WR,Steven Sims,ARI,rf,4.962,0.0,13.035,0.0
00-0034960,2025,17,WR,Jakobi Meyers,JAX,rf,12.602,6.005,20.675,7.9
00-0035021,2025,17,WR,Ashton Dulin,IND,rf,2.238,0.0,10.311,0.0
00-0035298,2025,17,WR,Scott Miller,PIT,rf,3.739,0.0,11.812,5.5
00-0035359,2025,17,WR,David Sills,ATL,rf,5.574,0.0,13.648,6.7
00-0035406,2025,17,WR,Lil'Jordan Humphrey,DEN,rf,4.96,0.0,13.033,4.300000000000001
00-0035535,2025,17,WR,Darius Slayton,NYG,rf,7.896,1.3,15.969,5.6
00-0035544,2025,17,WR,Tom Kennedy,DET,rf,2.021,0.0,10.094,0.0
00-0035602,2025,17,WR,Alex Bachman,LV,rf,1.821,0.0,9.894,0.0
00-0035645,2025,17,WR,Gunner Olszewski,NYG,rf,0.782,0.0,8.856,2.9000000000000004
00-0035659,2025,17,WR,Terry McLaurin,WAS,rf,10.109,3.512,18.182,11.3
00-0035662,2025,17,WR,Marquise Brown,KC,rf,7.448,0.851,15.521,1.7000000000000002
00-0035676,2025,17,WR,A.J. Brown,PHI,rf,13.165,6.568,21.238,11.8
00-0035719,2025,17,WR,Deebo Samuel Sr.,WAS,rf,12.487,5.891,20.56,11.3
00-0036133,2025,17,WR,James Proche,TEN,rf,3.092,0.0,11.165,1.5
00-0036165,2025,17,WR,Isaiah Hodgins,NYG,rf,5.866,0.0,13.939,1.8
00-0036176,2025,17,WR,Mason Kinsey,TEN,rf,1.377,0.0,9.451,4.4
00-0036196,2025,17,WR,Gabe Davis,BUF,rf,4.792,0.0,12.865,0.0
00-0036252,2025,17,WR,Michael Pittman,IND,rf,12.924,6.327,20.997,3.6
00-0036259,2025,17,WR,Jauan Jennings,SF,rf,13.077,6.48,21.15,12.2
00-0036309,2025,17,WR,Darnell Mooney,ATL,rf,7.109,0.513,15.182,5.5
00-0036322,2025,17,WR,Justin Jefferson,MIN,rf,12.626,6.03,20.699,7.0
00-0036331,2025,17,WR,Devin Duvernay,CHI,rf,0.633,0.0,8.706,0.0
00-0036358,2025,17,WR,CeeDee Lamb,DAL,rf,14.639,8.043,22.713,9.600000000000001
00-0036407,2025,17,WR,Jerry Jeudy,CLE,rf,7.685,1.088,15.758,10.4
00-0036410,2025,17,WR,Tee Higgins,CIN,rf,14.534,7.938,22.607,9.9
00-0036415,2025,17,WR,Van Jefferson,TEN,rf,5.35,0.0,13.423,7.6000000000000005
00-0036427,2025,17,WR,Tyler Johnson,NYJ,rf,4.095,0.0,12.168,1.3
00-0036463,2025,17,WR,Chris Blair,ATL,rf,3.33,0.0,11.403,0.0
00-0036550,2025,17,WR,Rashod Bateman,BAL,rf,4.351,0.0,12.424,1.7000000000000002
00-0036554,2025,17,WR,Nico Collins,HOU,rf,14.466,7.87,22.539,8.7
00-0036613,2025,17,WR,Jaylen Waddle,MIA,rf,13.863,7.266,21.936,0.7000000000000001
00-0036849,2025,17,WR,Tutu Atwell,LA,rf,5.198,0.0,13.271,0.0
00-0036900,2025,17,WR,Ja'Marr Chase,CIN,rf,19.765,13.168,27.838,25.0
00-0036912,2025,17,WR,DeVonta Smith,PHI,rf,13.255,6.659,21.328,4.5
00-0036959,2025,17,WR,Michael Bandy,DEN,rf,4.443,0.0,12.516,3.4000000000000004
00-0036963,2025,17,WR,Amon-Ra St. Brown,DET,rf,15.313,8.716,23.386,14.8
00-0036988,2025,17,WR,Josh Palmer,BUF,rf,4.986,0.0,13.059,2.2
00-0037091,2025,17,WR,Bo Melton,GB,rf,2.117,0.0,10.19,4.4
00-0037093,2025,17,WR,Dareke Young,SEA,rf,0.971,0.0,9.044,0.0
00-0037132,2025,17,WR,Britain Covey,PHI,rf,0.718,0.0,8.791,0.0
00-0037231,2025,17,WR,Kevin Austin Jr.,NO,rf,4.659,0.0,12.733,15.2
00-0037238,2025,17,WR,Drake London,ATL,rf,13.677,7.081,21.75,1.4
00-0037239,2025,17,WR,Chris Olave,NO,rf,14.979,8.383,23.052,25.9
00-0037240,2025,17,WR,Jameson Williams,DET,rf,14.022,7.425,22.095,5.7
00-0037247,2025,17,WR,George Pickens,DAL,rf,14.597,8.001,22.671,11.8
00-0037261,2025,17,WR,Khalil Shakir,BUF,rf,9.637,3.04,17.71,9.5
00-0037291,2025,17,WR,Jalen Nailor,MIN,rf,5.278,0.0,13.351,0.0
00-0037487,2025,17,WR,Deven Thompkins,ATL,rf,0.742,0.0,8.815,0.0
00-0037545,2025,17,WR,Rashid Shaheed,SEA,rf,8.146,1.55,16.219,1.8
00-0037614,2025,17,WR,John Metchie III,NYJ,rf,7.555,0.959,15.628,7.1000000000000005
00-0037664,2025,17,WR,Alec Pierce,IND,rf,8.508,1.912,16.581,0.0
00-0037666,2025,17,WR,Jalen Tolbert,DAL,rf,3.857,0.0,11.93,7.1
00-0037741,2025,17,WR,Jahan Dotson,PHI,rf,4.077,0.0,12.15,0.0
00-0037742,2025,17,WR,Treylon Burks,WAS,rf,4.801,0.0,12.874,2.1
00-0037801,2025,17,WR,KaVontae Turpin,DAL,rf,5.897,0.0,13.97,15.6
00-0037816,2025,17,WR,Romeo Doubs,GB,rf,7.973,1.377,16.046,9.2
00-0038090,2025,17,WR,Skyy Moore,SF,rf,2.431,0.0,10.504,1.0
00-0038117,2025,17,WR,Wan'Dale Robinson,NYG,rf,12.793,6.197,20.866,22.3
00-0038124,2025,17,WR,Christian Watson,GB,rf,10.041,3.445,18.114,22.3
00-0038359,2025,17,WR,Xavier Smith,LA,rf,4.085,0.0,12.158,10.7
00-0038393,2025,17,WR,Dontayvion Wicks,GB,rf,7.829,1.232,15.902,1.7000000000000002
00-0038543,2025,17,WR,Jaxon Smith-Njigba,SEA,rf,14.283,7.687,22.356,16.2
00-0038544,2025,17,WR,Quentin Johnston,LAC,rf,9.826,3.23,17.899,14.8
00-0038559,2025,17,WR,Michael Wilson,ARI,rf,14.797,8.201,22.87,19.9
00-0038563,2025,17,WR,Tre Tucker,LV,rf,8.087,1.49,16.16,9.9
00-0038606,2025,17,WR,Parker Washington,JAX,rf,10.786,4.19,18.859,19.0
00-0038618,2025,17,WR,Xavier Hutchinson,HOU,rf,4.384,0.0,12.457,4.9
00-0038619,2025,17,WR,Andrei Iosivas,CIN,rf,6.64,0.044,14.713,8.100000000000001
00-0038621,2025,17,WR,DeMario Douglas,NE,rf,6.379,0.0,14.452,2.0
00-0038647,2025,17,WR,Ronnie Bell,NO,rf,2.048,0.0,10.121,0.0
00-0038679,2025,17,WR,Tyrell Shavers,BUF,rf,4.571,0.0,12.644,5.6
00-0038752,2025,17,WR,Jake Bobo,SEA,rf,1.062,0.0,9.136,0.0
00-0038840,2025,17,WR,Brycen Tremayne,CAR,rf,0.995,0.0,9.069,0.0
00-0038891,2025,17,WR,Shedrick Jackson,LV,rf,4.75,0.0,12.823,4.0
00-0038953,2025,17,WR,Dylan Drummond,ATL,rf,2.823,0.0,10.896,0.0
00-0038976,2025,17,WR,Marvin Mims Jr.,DEN,rf,5.646,0.0,13.719,4.0
00-0038979,2025,17,WR,Cedric Tillman,CLE,rf,4.767,0.0,12.84,5.2
00-0038994,2025,17,WR,Jordan Addison,MIN,rf,8.565,1.969,16.638,12.5
00-0038997,2025,17,WR,Josh Downs,IND,rf,8.645,2.049,16.718,5.4
00-0039062,2025,17,WR,Jonathan Mingo,DAL,rf,3.026,0.0,11.1,0.0
00-0039064,2025,17,WR,Zay Flowers,BAL,rf,14.524,7.928,22.597,13.0
00-0039075,2025,17,WR,Puka Nacua,LA,rf,17.652,11.056,25.725,15.7
00-0039146,2025,17,WR,Jayden Reed,GB,rf,10.029,3.433,18.102,8.100000000000001
00-0039342,2025,17,WR,Xavier Legette,CAR,rf,7.244,0.648,15.317,1.3
00-0039451,2025,17,WR,Isaiah Williams,NYJ,rf,4.058,0.0,12.131,7.5
00-0039491,2025,17,WR,Jalen Coker,CAR,rf,8.537,1.941,16.61,3.6
00-0039521,2025,17,WR,Xavier Weaver,ARI,rf,3.131,0.0,11.204,4.4
00-0039589,2025,17,WR,Kameron Johnson,TB,rf,0.744,0.0,8.818,0.0
00-0039751,2025,17,WR,Jordan Whittington,LA,rf,4.01,0.0,12.083,0.0
00-0039849,2025,17,WR,Marvin Harrison Jr.,ARI,rf,12.182,5.586,20.255,0.0
00-0039855,2025,17,WR,Jalen McMillan,TB,rf,9.348,2.752,17.421,18.4
00-0039868,2025,17,WR,Troy Franklin,DEN,rf,12.666,6.07,20.739,5.7
00-0039880,2025,17,WR,Malik Washington,MIA,rf,6.253,0.0,14.326,1.5
00-0039890,2025,17,WR,Adonai Mitchell,NYJ,rf,9.977,3.381,18.05,5.2
00-0039893,2025,17,WR,Brian Thomas Jr.,JAX,rf,11.62,5.023,19.693,7.9
00-0039894,2025,17,WR,Xavier Worthy,KC,rf,8.185,1.588,16.258,0.1
00-0039915,2025,17,WR,Ladd McConkey,LAC,rf,12.318,5.721,20.391,4.1
00-0039916,2025,17,WR,Ricky Pearsall,SF,rf,8.407,1.811,16.48,13.5
00-0039920,2025,17,WR,Malachi Corley,CLE,rf,2.906,0.0,10.979,1.4
00-0040024,2025,17,WR,Darius Cooper,PHI,rf,2.847,0.0,10.92,1.4
00-0040075,2025,17,WR,LaJohntay Wester,BAL,rf,0.398,0.0,8.471,0.0
00-0040124,2025,17,WR,Tetairoa McMillan,CAR,rf,15.624,9.028,23.697,1.5
00-0040129,2025,17,WR,Emeka Egbuka,TB,rf,12.969,6.372,21.042,5.0
00-0040130,2025,17,WR,Jayden Higgins,HOU,rf,7.128,0.532,15.201,16.8
00-0040131,2025,17,WR,Kyle Williams,NE,rf,3.774,0.0,11.847,5.0
00-0040138,2025,17,WR,Jaylin Noel,HOU,rf,3.201,0.0,11.275,14.600000000000001
00-0040170,2025,17,WR,Elic Ayomanor,TEN,rf,7.235,0.639,15.308,13.7
00-0040184,2025,17,WR,KeAndre Lambert-Smith,LAC,rf,3.401,0.0,11.474,0.0
00-0040218,2025,17,WR,Jimmy Horn Jr.,CAR,rf,2.909,0.0,10.982,2.9
00-0040237,2025,17,WR,Tez Johnson,TB,rf,5.597,0.0,13.67,3.9000000000000004
00-0040259,2025,17,WR,Gage Larvadain,CLE,rf,2.386,0.0,10.459,0.0
00-0040277,2025,17,WR,Jahdae Walker,CHI,rf,4.144,0.0,12.217,5.0
00-0040311,2025,17,WR,Theo Wease Jr.,MIA,rf,5.405,0.0,13.478,13.3
00-0040506,2025,17,WR,Myles Price,MIN,rf,0.383,0.0,8.456,0.0
00-0040534,2025,17,WR,Ke'Shawn Williams,CIN,rf,1.297,0.0,9.37,1.5
00-0040563,2025,17,WR,Efton Chism III,NE,rf,0.542,0.0,8.615,12.0
00-0040581,2025,17,WR,Dont'e Thornton Jr.,LV,rf,3.64,0.0,11.713,3.2
00-0040582,2025,17,WR,Arian Smith,NYJ,rf,2.374,0.0,10.447,1.5
00-0040590,2025,17,WR,Konata Mumpfield,LA,rf,5.175,0.0,13.248,3.0
00-0040667,2025,17,WR,Matthew Golden,GB,rf,5.134,0.0,13.207,2.2
00-0040669,2025,17,WR,Isaac TeSlaa,DET,rf,4.899,0.0,12.972,13.9
00-0040705,2025,17,WR,Chimere Dike,TEN,rf,9.299,2.702,17.372,10.2
00-0040727,2025,17,WR,Tre Harris,LAC,rf,6.552,0.0,14.625,2.5
00-0040735,2025,17,WR,Luther Burden III,CHI,rf,9.304,2.707,17.377,27.8
00-0040782,2025,17,WR,Isaiah Bond,CLE,rf,4.316,0.0,12.389,2.6
00-0030035,2025,18,WR,Adam Thielen,PIT,rf,5.04,0.0,13.113,7.3
00-0030279,2025,18,WR,Keenan Allen,LAC,rf,11.278,4.682,19.351,10.6
00-0030564,2025,18,WR,DeAndre Hopkins,BAL,rf,3.957,0.0,12.03,0.0
00-0031408,2025,18,WR,Mike Evans,TB,rf,13.079,6.482,21.152,5.4
00-0031588,2025,18,WR,Stefon Diggs,NE,rf,12.785,6.189,20.858,7.3
00-0032211,2025,18,WR,Tyler Lockett,LV,rf,5.193,0.0,13.266,1.5
00-0032464,2025,18,WR,Kalif Raymond,DET,rf,6.196,0.0,14.269,8.2
00-0032775,2025,18,WR,Demarcus Robinson,SF,rf,4.974,0.0,13.047,5.4
00-0033307,2025,18,WR,Kendrick Bourne,SF,rf,7.4,0.804,15.473,0.0
00-0033375,2025,18,WR,Tim Patrick,JAX,rf,3.761,0.0,11.834,1.4
00-0033857,2025,18,WR,JuJu Smith-Schuster,KC,rf,5.309,0.0,13.382,3.3
00-0033908,2025,18,WR,Cooper Kupp,SEA,rf,8.058,1.461,16.131,4.9
00-0033921,2025,18,WR,Chris Godwin Jr.,TB,rf,11.777,5.181,19.85,1.8
00-0034054,2025,18,WR,River Cracraft,WAS,rf,1.602,0.0,9.675,0.0
00-0034272,2025,18,WR,Marquez Valdes-Scantling,PIT,rf,5.318,0.0,13.392,8.4
00-0034348,2025,18,WR,Courtland Sutton,DEN,rf,13.882,7.285,21.955,1.5
00-0034386,2025,18,WR,Justin Watson,HOU,rf,4.485,0.0,12.558,0.0
00-0034418,2025,18,WR,Cedrick Wilson Jr.,MIA,rf,2.877,0.0,10.95,0.0
00-0034775,2025,18,WR,Christian Kirk,HOU,rf,6.853,0.256,14.926,0.7
00-0034827,2025,18,WR,DJ Moore,CHI,rf,10.565,3.968,18.638,2.1
00-0034860,2025,18,WR,Dante Pettis,NO,rf,3.018,0.0,11.091,11.0
00-0034928,2025,18,WR,Steven Sims,ARI,rf,1.181,0.0,9.254,0.0
00-0034960,2025,18,WR,Jakobi Meyers,JAX,rf,13.317,6.721,21.39,9.4
00-0035021,2025,18,WR,Ashton Dulin,IND,rf,1.238,0.0,9.311,0.0
00-0035298,2025,18,WR,Scott Miller,PIT,rf,5.348,0.0,13.421,2.9
00-0035359,2025,18,WR,David Sills,ATL,rf,7.184,0.587,15.257,2.1
00-0035535,2025,18,WR,Darius Slayton,NYG,rf,7.692,1.095,15.765,9.4
00-0035544,2025,18,WR,Tom Kennedy,DET,rf,1.681,0.0,9.754,0.0
00-0035602,2025,18,WR,Alex Bachman,LV,rf,0.846,0.0,8.919,0.0
00-0035645,2025,18,WR,Gunner Olszewski,NYG,rf,1.643,0.0,9.716,18.200000000000003
00-0035659,2025,18,WR,Terry McLaurin,WAS,rf,11.88,5.284,19.953,9.7
00-0035662,2025,18,WR,Marquise Brown,KC,rf,6.706,0.109,14.779,9.4
00-0035719,2025,18,WR,Deebo Samuel Sr.,WAS,rf,11.034,4.438,19.107,4.1
00-0036133,2025,18,WR,James Proche,TEN,rf,4.26,0.0,12.333,1.5
00-0036165,2025,18,WR,Isaiah Hodgins,NYG,rf,5.647,0.0,13.72,0.0
00-0036176,2025,18,WR,Mason Kinsey,TEN,rf,2.841,0.0,10.914,0.0
00-0036182,2025,18,WR,Nick Westbrook-Ikhine,MIA,rf,2.774,0.0,10.847,0.0
00-0036196,2025,18,WR,Gabe Davis,BUF,rf,3.544,0.0,11.617,15.100000000000001
00-0036252,2025,18,WR,Michael Pittman,IND,rf,12.23,5.634,20.303,3.1
00-0036259,2025,18,WR,Jauan Jennings,SF,rf,12.486,5.89,20.559,7.5
00-0036309,2025,18,WR,Darnell Mooney,ATL,rf,7.083,0.487,15.156,5.0
00-0036322,2025,18,WR,Justin Jefferson,MIN,rf,11.998,5.401,20.071,18.4
00-0036331,2025,18,WR,Devin Duvernay,CHI,rf,2.487,0.0,10.56,0.0
00-0036358,2025,18,WR,CeeDee Lamb,DAL,rf,15.363,8.767,23.436,1.4
00-0036407,2025,18,WR,Jerry Jeudy,CLE,rf,9.041,2.444,17.114,4.2
00-0036410,2025,18,WR,Tee Higgins,CIN,rf,14.098,7.502,22.171,18.7
00-0036626,2025,18,WR,Dyami Brown,JAX,rf,4.025,0.0,12.099,1.8
00-0036849,2025,18,WR,Tutu Atwell,LA,rf,4.791,0.0,12.864,2.9000000000000004
00-0036862,2025,18,WR,Ben Skowronek,PIT,rf,0.685,0.0,8.758,0.0
00-0036900,2025,18,WR,Ja'Marr Chase,CIN,rf,17.059,10.463,25.132,23.6
00-0036912,2025,18,WR,DeVonta Smith,PHI,rf,12.096,5.499,20.169,8.2
00-0036963,2025,18,WR,Amon-Ra St. Brown,DET,rf,15.434,8.837,23.507,24.9
00-0036988,2025,18,WR,Josh Palmer,BUF,rf,5.045,0.0,13.118,1.1
00-0037091,2025,18,WR,Bo Melton,GB,rf,3.172,0.0,11.245,0.0
00-0037098,2025,18,WR,Samori Toure,NO,rf,2.763,0.0,10.836,1.3
00-0037132,2025,18,WR,Britain Covey,PHI,rf,0.84,0.0,8.913,4.0
00-0037231,2025,18,WR,Kevin Austin Jr.,NO,rf,6.849,0.252,14.922,7.7
00-0037238,2025,18,WR,Drake London,ATL,rf,15.42,8.823,23.493,17.8
00-0037240,2025,18,WR,Jameson Williams,DET,rf,13.297,6.7,21.37,13.4
00-0037247,2025,18,WR,George Pickens,DAL,rf,16.337,9.741,24.41,1.9
00-0037291,2025,18,WR,Jalen Nailor,MIN,rf,4.579,0.0,12.652,7.9
00-0037487,2025,18,WR,Deven Thompkins,ATL,rf,0.89,0.0,8.963,0.0
00-0037545,2025,18,WR,Rashid Shaheed,SEA,rf,7.524,0.927,15.597,1.2
00-0037614,2025,18,WR,John Metchie III,NYJ,rf,6.84,0.243,14.913,5.0
00-0037664,2025,18,WR,Alec Pierce,IND,rf,9.143,2.547,17.216,29.200000000000003
00-0037666,2025,18,WR,Jalen Tolbert,DAL,rf,5.807,0.0,13.88,0.0
00-0037741,2025,18,WR,Jahan Dotson,PHI,rf,4.042,0.0,12.115,7.0
00-0037742,2025,18,WR,Treylon Burks,WAS,rf,4.067,0.0,12.14,3.2
00-0037801,2025,18,WR,KaVontae Turpin,DAL,rf,7.565,0.968,15.638,0.7000000000000001
00-0037837,2025,18,WR,Calvin Austin III,PIT,rf,5.104,0.0,13.177,14.5
00-0038090,2025,18,WR,Skyy Moore,SF,rf,1.297,0.0,9.37,0.0
00-0038359,2025,18,WR,Xavier Smith,LA,rf,5.581,0.0,13.654,1.6
00-0038543,2025,18,WR,Jaxon Smith-Njigba,SEA,rf,16.0,9.404,24.073,14.4
00-0038559,2025,18,WR,Michael Wilson,ARI,rf,13.416,6.82,21.489,20.9
00-0038563,2025,18,WR,Tre Tucker,LV,rf,7.14,0.544,15.213,5.4
00-0038573,2025,18,WR,Derius Davis,LAC,rf,0.824,0.0,8.897,1.7000000000000002
00-0038606,2025,18,WR,Parker Washington,JAX,rf,11.186,4.59,19.259,19.700000000000003
00-0038608,2025,18,WR,Kayshon Boutte,NE,rf,7.313,0.716,15.386,4.4
00-0038618,2025,18,WR,Xavier Hutchinson,HOU,rf,5.493,0.0,13.566,13.4
00-0038619,2025,18,WR,Andrei Iosivas,CIN,rf,6.973,0.377,15.046,3.0
00-0038621,2025,18,WR,DeMario Douglas,NE,rf,6.38,0.0,14.453,4.9
00-0038640,2025,18,WR,Jalen Brooks,ARI,rf,2.153,0.0,10.226,0.0
00-0038647,2025,18,WR,Ronnie Bell,NO,rf,1.163,0.0,9.236,10.3
00-0038840,2025,18,WR,Brycen Tremayne,CAR,rf,2.353,0.0,10.427,4.7
00-0038891,2025,18,WR,Shedrick Jackson,LV,rf,5.154,0.0,13.227,2.4000000000000004
00-0038953,2025,18,WR,Dylan Drummond,ATL,rf,2.633,0.0,10.706,0.0
00-0038976,2025,18,WR,Marvin Mims Jr.,DEN,rf,6.076,0.0,14.149,3.0
00-0038979,2025,18,WR,Cedric Tillman,CLE,rf,5.339,0.0,13.412,3.3000000000000003
00-0038994,2025,18,WR,Jordan Addison,MIN,rf,9.246,2.65,17.319,1.8
00-0038997,2025,18,WR,Josh Downs,IND,rf,8.066,1.47,16.139,9.600000000000001
00-0039062,2025,18,WR,Jonathan Mingo,DAL,rf,3.119,0.0,11.192,0.0
00-0039064,2025,18,WR,Zay Flowers,BAL,rf,14.968,8.372,23.041,29.8
00-0039075,2025,18,WR,Puka Nacua,LA,rf,20.49,13.893,28.563,26.0
00-0039342,2025,18,WR,Xavier Legette,CAR,rf,5.787,0.0,13.86,5.2
00-0039410,2025,18,WR,Ryan Flournoy,DAL,rf,8.717,2.121,16.791,11.8
00-0039451,2025,18,WR,Isaiah Williams,NYJ,rf,6.823,0.226,14.896,7.4
00-0039491,2025,18,WR,Jalen Coker,CAR,rf,7.731,1.135,15.804,16.7
00-0039589,2025,18,WR,Kameron Johnson,TB,rf,0.981,0.0,9.054,0.0
00-0039751,2025,18,WR,Jordan Whittington,LA,rf,1.826,0.0,9.899,0.0
00-0039792,2025,18,WR,Devontez Walker,BAL,rf,2.518,0.0,10.591,12.600000000000001
00-0039855,2025,18,WR,Jalen McMillan,TB,rf,10.836,4.239,18.909,2.1
00-0039868,2025,18,WR,Troy Franklin,DEN,rf,10.968,4.371,19.041,0.0
00-0039880,2025,18,WR,Malik Washington,MIA,rf,5.976,0.0,14.049,11.8
00-0039884,2025,18,WR,Tahj Washington,MIA,rf,4.569,0.0,12.642,4.6
00-0039890,2025,18,WR,Adonai Mitchell,NYJ,rf,10.409,3.812,18.482,0.0
00-0039893,2025,18,WR,Brian Thomas Jr.,JAX,rf,10.946,4.35,19.019,7.9
00-0039901,2025,18,WR,Keon Coleman,BUF,rf,7.846,1.25,15.919,8.9
00-0039920,2025,18,WR,Malachi Corley,CLE,rf,2.812,0.0,10.885,5.800000000000001
00-0040024,2025,18,WR,Darius Cooper,PHI,rf,2.986,0.0,11.059,6.300000000000001
00-0040075,2025,18,WR,LaJohntay Wester,BAL,rf,0.559,0.0,8.632,0.0
00-0040124,2025,18,WR,Tetairoa McMillan,CAR,rf,12.607,6.01,20.68,12.5
00-0040129,2025,18,WR,Emeka Egbuka,TB,rf,12.145,5.549,20.218,1.8
00-0040130,2025,18,WR,Jayden Higgins,HOU,rf,8.228,1.632,16.301,10.3
00-0040131,2025,18,WR,Kyle Williams,NE,rf,3.997,0.0,12.07,0.5
00-0040134,2025,18,WR,Pat Bryant,DEN,rf,7.748,1.152,15.821,7.1
00-0040138,2025,18,WR,Jaylin Noel,HOU,rf,5.363,0.0,13.436,2.3
00-0040154,2025,18,WR,Tai Felton,MIN,rf,1.662,0.0,9.735,0.0
00-0040170,2025,18,WR,Elic Ayomanor,TEN,rf,8.198,1.602,16.271,8.0
00-0040184,2025,18,WR,KeAndre Lambert-Smith,LAC,rf,2.605,0.0,10.678,4.4
00-0040218,2025,18,WR,Jimmy Horn Jr.,CAR,rf,3.998,0.0,12.071,2.5
00-0040237,2025,18,WR,Tez Johnson,TB,rf,6.409,0.0,14.482,3.2
00-0040259,2025,18,WR,Gage Larvadain,CLE,rf,2.837,0.0,10.91,0.0
00-0040277,2025,18,WR,Jahdae Walker,CHI,rf,3.605,0.0,11.678,11.6
00-0040311,2025,18,WR,Theo Wease Jr.,MIA,rf,7.604,1.008,15.677,7.4
00-0040431,2025,18,WR,Dalen Cambre,NYG,rf,1.06,0.0,9.133,0.0
00-0040534,2025,18,WR,Ke'Shawn Williams,CIN,rf,2.023,0.0,10.096,0.9
00-0040563,2025,18,WR,Efton Chism III,NE,rf,3.532,0.0,11.605,4.5
00-0040581,2025,18,WR,Dont'e Thornton Jr.,LV,rf,3.69,0.0,11.763,0.0
00-0040582,2025,18,WR,Arian Smith,NYJ,rf,2.21,0.0,10.283,0.2
00-0040590,2025,18,WR,Konata Mumpfield,LA,rf,4.502,0.0,12.575,0.0
00-0040646,2025,18,WR,Jalen Royals,KC,rf,1.007,0.0,9.08,2.4
00-0040667,2025,18,WR,Matthew Golden,GB,rf,5.549,0.0,13.622,1.8
00-0040669,2025,18,WR,Isaac TeSlaa,DET,rf,5.914,0.0,13.987,2.8
00-0040705,2025,18,WR,Chimere Dike,TEN,rf,8.82,2.224,16.893,5.7
00-0040727,2025,18,WR,Tre Harris,LAC,rf,7.35,0.753,15.423,4.800000000000001
00-0040729,2025,18,WR,Jack Bech,LV,rf,5.765,0.0,13.838,0.0
00-0040735,2025,18,WR,Luther Burden III,CHI,rf,12.334,5.738,20.407,7.5
00-0040782,2025,18,WR,Isaiah Bond,CLE,rf,5.185,0.0,13.258,2.7
00-0023459,2025,1,QB,Aaron Rodgers,PIT,xgb,12.407999992370605,2.1579999923706055,22.02400016784668,25.659999999999997
00-0026158,2025,1,QB,Joe Flacco,CLE,xgb,14.663999557495117,4.414000034332275,24.280000686645508,12.2
00-0026498,2025,1,QB,Matthew Stafford,LA,xgb,9.857999801635742,0.0,19.472999572753906,13.600000000000001
00-0029263,2025,1,QB,Russell Wilson,NYG,xgb,17.875,7.625,27.490999221801758,11.120000000000001
00-0030565,2025,1,QB,Geno Smith,LV,xgb,11.032999992370605,0.7829999923706055,20.64900016784668,17.48
00-0033077,2025,1,QB,Dak Prescott,DAL,xgb,11.210000038146973,0.9599999785423279,20.826000213623047,7.82
00-0033106,2025,1,QB,Jared Goff,DET,xgb,13.093999862670898,2.8440001010894775,22.708999633789062,10.9
00-0033873,2025,1,QB,Patrick Mahomes,KC,xgb,16.82699966430664,6.577000141143799,26.441999435424805,26.02
00-0034796,2025,1,QB,Lamar Jackson,BAL,xgb,25.933000564575195,15.682999610900879,35.54899978637695,29.36
00-0034855,2025,1,QB,Baker Mayfield,TB,xgb,15.079999923706055,4.829999923706055,24.695999145507812,22.58
00-0034857,2025,1,QB,Josh Allen,BUF,xgb,21.05299949645996,10.803000450134277,30.667999267578125,38.76
00-0034869,2025,1,QB,Sam Darnold,SEA,xgb,17.863000869750977,7.61299991607666,27.479000091552734,5.4
00-0035228,2025,1,QB,Kyler Murray,ARI,xgb,19.684999465942383,9.4350004196167,29.299999237060547,18.32
00-0035710,2025,1,QB,Daniel Jones,IND,xgb,20.743999481201172,10.494999885559082,30.360000610351562,29.48
00-0036212,2025,1,QB,Tua Tagovailoa,MIA,xgb,14.12399959564209,3.874000072479248,23.73900032043457,5.260000000000001
00-0036264,2025,1,QB,Jordan Love,GB,xgb,9.776000022888184,0.0,19.392000198364258,15.92
00-0036355,2025,1,QB,Justin Herbert,LAC,xgb,12.946999549865723,2.697000026702881,22.562999725341797,27.919999999999998
00-0036389,2025,1,QB,Jalen Hurts,PHI,xgb,18.829999923706055,8.579999923706055,28.445999145507812,24.28
00-0036442,2025,1,QB,Joe Burrow,CIN,xgb,19.66200065612793,9.411999702453613,29.277000427246094,8.82
00-0036945,2025,1,QB,Justin Fields,NYJ,xgb,5.926000118255615,0.0,15.541999816894531,29.520000000000003
00-0036971,2025,1,QB,Trevor Lawrence,JAX,xgb,13.61400032043457,3.364000082015991,23.229000091552734,10.32
00-0037013,2025,1,QB,Zach Wilson,MIA,xgb,9.994000434875488,0.0,19.608999252319336,1.58
00-0037834,2025,1,QB,Brock Purdy,SF,xgb,17.79599952697754,7.546000003814697,27.41200065612793,16.779999999999998
00-0039150,2025,1,QB,Bryce Young,CAR,xgb,20.83300018310547,10.583000183105469,30.448999404907227,8.16
00-0039163,2025,1,QB,C.J. Stroud,HOU,xgb,13.633000373840332,3.382999897003174,23.249000549316406,8.72
00-0039376,2025,1,QB,Spencer Rattler,NO,xgb,13.79800033569336,3.5480000972747803,23.413999557495117,11.46
00-0039732,2025,1,QB,Bo Nix,DEN,xgb,14.210000038146973,3.9600000381469727,23.826000213623047,6.84
00-0039851,2025,1,QB,Drake Maye,NE,xgb,12.23900032043457,1.9889999628067017,21.854000091552734,15.780000000000001
00-0039910,2025,1,QB,Jayden Daniels,WAS,xgb,25.058000564575195,14.807999610900879,34.67399978637695,20.12
00-0039917,2025,1,QB,Michael Penix Jr.,ATL,xgb,10.57800006866455,0.328000009059906,20.19300079345703,24.02
00-0039918,2025,1,QB,Caleb Williams,CHI,xgb,19.226999282836914,8.97700023651123,28.843000411987305,24.200000000000003
00-0023459,2025,2,QB,Aaron Rodgers,PIT,xgb,15.932999610900879,5.683000087738037,25.548999786376953,10.420000000000002
00-0026158,2025,2,QB,Joe Flacco,CLE,xgb,12.532999992370605,2.2829999923706055,22.148000717163086,8.760000000000002
00-0026498,2025,2,QB,Matthew Stafford,LA,xgb,13.994999885559082,3.744999885559082,23.611000061035156,17.32
00-0028118,2025,2,QB,Tyrod Taylor,NYJ,xgb,8.25,0.0,17.864999771118164,8.34
00-0029263,2025,2,QB,Russell Wilson,NYG,xgb,19.740999221801758,9.491999626159668,29.35700035095215,30.3
00-0030565,2025,2,QB,Geno Smith,LV,xgb,15.005000114440918,4.755000114440918,24.621000289916992,3.2
00-0033077,2025,2,QB,Dak Prescott,DAL,xgb,9.427000045776367,0.0,19.04199981689453,22.139999999999997
00-0033106,2025,2,QB,Jared Goff,DET,xgb,16.979000091552734,6.729000091552734,26.594999313354492,33.96
00-0033119,2025,2,QB,Jacoby Brissett,ARI,xgb,4.255000114440918,0.0,13.871000289916992,0.2
00-0033662,2025,2,QB,Cooper Rush,BAL,xgb,12.956999778747559,2.7070000171661377,22.572999954223633,-0.4
00-0033869,2025,2,QB,Mitchell Trubisky,BUF,xgb,1.159999966621399,0.0,10.776000022888184,0.98
00-0033873,2025,2,QB,Patrick Mahomes,KC,xgb,25.179000854492188,14.928999900817871,34.79499816894531,22.080000000000002
00-0034771,2025,2,QB,Mason Rudolph,PIT,xgb,9.135000228881836,0.0,18.750999450683594,0.48
00-0034796,2025,2,QB,Lamar Jackson,BAL,xgb,28.35700035095215,18.10700035095215,37.972999572753906,26.3
00-0034855,2025,2,QB,Baker Mayfield,TB,xgb,19.46299934387207,9.213000297546387,29.077999114990234,19.900000000000002
00-0034857,2025,2,QB,Josh Allen,BUF,xgb,25.18000030517578,14.930000305175781,34.79600143432617,11.82
00-0034869,2025,2,QB,Sam Darnold,SEA,xgb,13.756999969482422,3.506999969482422,23.37299919128418,15.8
00-0035100,2025,2,QB,Jake Browning,CIN,xgb,5.927999973297119,0.0,15.543000221252441,17.740000000000002
00-0035228,2025,2,QB,Kyler Murray,ARI,xgb,21.666000366210938,11.416000366210938,31.2810001373291,14.0
00-0035710,2025,2,QB,Daniel Jones,IND,xgb,22.64699935913086,12.397000312805176,32.262001037597656,22.84
00-0036212,2025,2,QB,Tua Tagovailoa,MIA,xgb,15.07699966430664,4.827000141143799,24.69300079345703,18.6
00-0036264,2025,2,QB,Jordan Love,GB,xgb,14.456000328063965,4.205999851226807,24.070999145507812,20.88
00-0036355,2025,2,QB,Justin Herbert,LAC,xgb,21.577999114990234,11.32800006866455,31.194000244140625,18.78
00-0036389,2025,2,QB,Jalen Hurts,PHI,xgb,16.2189998626709,5.968999862670898,25.833999633789062,11.54
00-0036442,2025,2,QB,Joe Burrow,CIN,xgb,19.961999893188477,9.711999893188477,29.577999114990234,7.04
00-0036945,2025,2,QB,Justin Fields,NYJ,xgb,21.5,11.25,31.115999221801758,3.9800000000000004
00-0036971,2025,2,QB,Trevor Lawrence,JAX,xgb,12.239999771118164,1.9900000095367432,21.854999542236328,19.24
00-0036972,2025,2,QB,Mac Jones,SF,xgb,10.968999862670898,0.718999981880188,20.583999633789062,21.76
00-0038416,2025,2,QB,Tyson Bagent,CHI,xgb,9.598999977111816,0.0,19.21500015258789,1.7800000000000002
00-0039150,2025,2,QB,Bryce Young,CAR,xgb,19.51300048828125,9.262999534606934,29.128999710083008,21.32
00-0039163,2025,2,QB,C.J. Stroud,HOU,xgb,11.159000396728516,0.9089999794960022,20.774999618530273,14.98
00-0039376,2025,2,QB,Spencer Rattler,NO,xgb,10.682000160217285,0.4320000112056732,20.297000885009766,21.68
00-0039732,2025,2,QB,Bo Nix,DEN,xgb,18.21500015258789,7.965000152587891,27.83099937438965,20.240000000000002
00-0039851,2025,2,QB,Drake Maye,NE,xgb,16.020000457763672,5.769999980926514,25.635000228881836,26.300000000000004
00-0039910,2025,2,QB,Jayden Daniels,WAS,xgb,26.441999435424805,16.19300079345703,36.05799865722656,19.7
00-0039917,2025,2,QB,Michael Penix Jr.,ATL,xgb,12.368000030517578,2.118000030517578,21.983999252319336,5.300000000000001
00-0039918,2025,2,QB,Caleb Williams,CHI,xgb,23.698999404907227,13.449000358581543,33.314998626708984,16.98
00-0039923,2025,2,QB,J.J. McCarthy,MIN,xgb,19.791000366210938,9.541000366210938,29.406999588012695,2.8200000000000003
00-0040676,2025,2,QB,Cam Ward,TEN,xgb,9.098999977111816,0.0,18.71500015258789,9.8
00-0023459,2025,3,QB,Aaron Rodgers,PIT,xgb,16.08799934387207,5.8379998207092285,25.702999114990234,11.66
00-0026158,2025,3,QB,Joe Flacco,CLE,xgb,15.079999923706055,4.829999923706055,24.695999145507812,3.6799999999999997
00-0026498,2025,3,QB,Matthew Stafford,LA,xgb,16.82200050354004,6.572000026702881,26.437999725341797,13.84
00-0027973,2025,3,QB,Andy Dalton,CAR,xgb,9.515000343322754,0.0,19.131000518798828,-0.1
00-0028118,2025,3,QB,Tyrod Taylor,NYJ,xgb,12.307999610900879,2.058000087738037,21.923999786376953,16.68
00-0029263,2025,3,QB,Russell Wilson,NYG,xgb,21.242000579833984,10.991999626159668,30.85700035095215,5.1000000000000005
00-0029604,2025,3,QB,Kirk Cousins,ATL,xgb,10.72599983215332,0.47600001096725464,20.341999053955078,1.16
00-0030565,2025,3,QB,Geno Smith,LV,xgb,18.566999435424805,8.317000389099121,28.183000564575195,26.060000000000002
00-0032268,2025,3,QB,Marcus Mariota,WAS,xgb,9.954999923706055,0.0,19.570999145507812,20.28
00-0032950,2025,3,QB,Carson Wentz,MIN,xgb,10.680000305175781,0.4300000071525574,20.29599952697754,15.32
00-0033077,2025,3,QB,Dak Prescott,DAL,xgb,10.175000190734863,0.0,19.791000366210938,12.040000000000001
00-0033106,2025,3,QB,Jared Goff,DET,xgb,21.982999801635742,11.732999801635742,31.599000930786133,12.68
00-0033873,2025,3,QB,Patrick Mahomes,KC,xgb,22.57900047302246,12.329000473022461,32.19499969482422,13.16
00-0034796,2025,3,QB,Lamar Jackson,BAL,xgb,19.256000518798828,9.005999565124512,28.871999740600586,27.02
00-0034855,2025,3,QB,Baker Mayfield,TB,xgb,23.489999771118164,13.239999771118164,33.10499954223633,17.72
00-0034857,2025,3,QB,Josh Allen,BUF,xgb,22.24799919128418,11.998000144958496,31.863000869750977,23.02
00-0034869,2025,3,QB,Sam Darnold,SEA,xgb,13.534000396728516,3.2839999198913574,23.14900016784668,16.72
00-0034955,2025,3,QB,Brett Rypien,CIN,xgb,1.7050000429153442,0.0,11.321000099182129,0.0
00-0035100,2025,3,QB,Jake Browning,CIN,xgb,16.731000900268555,6.480999946594238,26.347000122070312,5.900000000000001
00-0035228,2025,3,QB,Kyler Murray,ARI,xgb,17.96500015258789,7.715000152587891,27.58099937438965,14.059999999999999
00-0035704,2025,3,QB,Drew Lock,SEA,xgb,13.770999908447266,3.5209999084472656,23.386999130249023,0.5
00-0035710,2025,3,QB,Daniel Jones,IND,xgb,19.9060001373291,9.656000137329102,29.520999908447266,15.82
00-0036212,2025,3,QB,Tua Tagovailoa,MIA,xgb,14.581999778747559,4.331999778747559,24.197999954223633,12.84
00-0036264,2025,3,QB,Jordan Love,GB,xgb,11.085000038146973,0.8349999785423279,20.700000762939453,11.120000000000001
00-0036355,2025,3,QB,Justin Herbert,LAC,xgb,20.493000030517578,10.243000030517578,30.107999801635742,14.6
00-0036389,2025,3,QB,Jalen Hurts,PHI,xgb,15.065999984741211,4.815999984741211,24.680999755859375,29.04
00-0036971,2025,3,QB,Trevor Lawrence,JAX,xgb,17.090999603271484,6.8420000076293945,26.707000732421875,7.780000000000001
00-0036972,2025,3,QB,Mac Jones,SF,xgb,23.308000564575195,13.057999610900879,32.92300033569336,13.26
00-0039150,2025,3,QB,Bryce Young,CAR,xgb,16.79599952697754,6.546000003814697,26.410999298095703,11.64
00-0039163,2025,3,QB,C.J. Stroud,HOU,xgb,9.994000434875488,0.0,19.610000610351562,10.36
00-0039164,2025,3,QB,Anthony Richardson,IND,xgb,15.723999977111816,5.473999977111816,25.339000701904297,-0.1
00-0039376,2025,3,QB,Spencer Rattler,NO,xgb,14.652000427246094,4.4019999504089355,24.26799964904785,11.72
00-0039398,2025,3,QB,Joe Milton III,DAL,xgb,14.118000030517578,3.868000030517578,23.732999801635742,-0.3599999999999999
00-0039732,2025,3,QB,Bo Nix,DEN,xgb,16.69099998474121,6.440999984741211,26.30699920654297,13.420000000000002
00-0039851,2025,3,QB,Drake Maye,NE,xgb,20.666000366210938,10.416000366210938,30.281999588012695,19.22
00-0039917,2025,3,QB,Michael Penix Jr.,ATL,xgb,13.982000350952148,3.7320001125335693,23.597000122070312,3.78
00-0039918,2025,3,QB,Caleb Williams,CHI,xgb,21.23699951171875,10.987000465393066,30.85300064086914,29.12
00-0040673,2025,3,QB,Jalen Milroe,SEA,xgb,3.1419999599456787,0.0,12.756999969482422,0.30000000000000004
00-0040676,2025,3,QB,Cam Ward,TEN,xgb,13.734000205993652,3.4839999675750732,23.350000381469727,11.96
00-0040691,2025,3,QB,Jaxson Dart,NYG,xgb,2.9119999408721924,0.0,12.527000427246094,0.30000000000000004
00-0023459,2025,4,QB,Aaron Rodgers,PIT,xgb,13.281999588012695,3.0320000648498535,22.89699935913086,12.8
00-0026158,2025,4,QB,Joe Flacco,CLE,xgb,14.173999786376953,3.9240000247955322,23.790000915527344,1.2600000000000002
00-0026498,2025,4,QB,Matthew Stafford,LA,xgb,17.628000259399414,7.377999782562256,27.243000030517578,27.4
00-0027973,2025,4,QB,Andy Dalton,CAR,xgb,1.5509999990463257,0.0,11.166999816894531,6.32
00-0029263,2025,4,QB,Russell Wilson,NYG,xgb,15.484999656677246,5.235000133514404,25.100000381469727,0.32
00-0030565,2025,4,QB,Geno Smith,LV,xgb,17.63800048828125,7.388000011444092,27.253000259399414,9.78
00-0032268,2025,4,QB,Marcus Mariota,WAS,xgb,18.941999435424805,8.692000389099121,28.55699920654297,16.240000000000002
00-0032950,2025,4,QB,Carson Wentz,MIN,xgb,17.7450008392334,7.494999885559082,27.361000061035156,21.2
00-0033077,2025,4,QB,Dak Prescott,DAL,xgb,14.534000396728516,4.283999919891357,24.149999618530273,30.959999999999997
00-0033106,2025,4,QB,Jared Goff,DET,xgb,17.41200065612793,7.163000106811523,27.027999877929688,12.719999999999999
00-0033662,2025,4,QB,Cooper Rush,BAL,xgb,6.2779998779296875,0.0,15.894000053405762,2.08
00-0033873,2025,4,QB,Patrick Mahomes,KC,xgb,23.257999420166016,13.008000373840332,32.874000549316406,27.3
00-0033949,2025,4,QB,Joshua Dobbs,NE,xgb,15.861000061035156,5.611000061035156,25.476999282836914,-0.2
00-0034577,2025,4,QB,Kyle Allen,DET,xgb,3.1489999294281006,0.0,12.765000343322754,-0.2
00-0034796,2025,4,QB,Lamar Jackson,BAL,xgb,19.642000198364258,9.392000198364258,29.256999969482422,10.68
00-0034855,2025,4,QB,Baker Mayfield,TB,xgb,22.38800048828125,12.137999534606934,32.00400161743164,18.860000000000003
00-0034857,2025,4,QB,Josh Allen,BUF,xgb,24.143999099731445,13.894000053405762,33.75899887084961,24.86
00-0034869,2025,4,QB,Sam Darnold,SEA,xgb,14.847999572753906,4.598999977111816,24.464000701904297,16.08
00-0035100,2025,4,QB,Jake Browning,CIN,xgb,14.708000183105469,4.458000183105469,24.323999404907227,5.4
00-0035228,2025,4,QB,Kyler Murray,ARI,xgb,18.422000885009766,8.17300033569336,28.038000106811523,16.1
00-0035289,2025,4,QB,Gardner Minshew,KC,xgb,9.543999671936035,0.0,19.159000396728516,-0.30000000000000004
00-0035710,2025,4,QB,Daniel Jones,IND,xgb,18.857999801635742,8.607999801635742,28.474000930786133,10.38
00-0036212,2025,4,QB,Tua Tagovailoa,MIA,xgb,15.098999977111816,4.848999977111816,24.71500015258789,15.68
00-0036264,2025,4,QB,Jordan Love,GB,xgb,14.21399974822998,3.9639999866485596,23.82900047302246,26.28
00-0036355,2025,4,QB,Justin Herbert,LAC,xgb,20.134000778198242,9.883999824523926,29.75,12.520000000000001
00-0036389,2025,4,QB,Jalen Hurts,PHI,xgb,14.888999938964844,4.638999938964844,24.503999710083008,19.4
00-0036945,2025,4,QB,Justin Fields,NYJ,xgb,12.96399974822998,2.7139999866485596,22.57900047302246,27.14
00-0036971,2025,4,QB,Trevor Lawrence,JAX,xgb,16.077999114990234,5.828000068664551,25.694000244140625,11.66
00-0037834,2025,4,QB,Brock Purdy,SF,xgb,16.57699966430664,6.327000141143799,26.19300079345703,17.66
00-0039150,2025,4,QB,Bryce Young,CAR,xgb,16.37700080871582,6.126999855041504,25.993000030517578,10.3
00-0039163,2025,4,QB,C.J. Stroud,HOU,xgb,14.309000015258789,4.059000015258789,23.923999786376953,18.42
00-0039376,2025,4,QB,Spencer Rattler,NO,xgb,15.02299976348877,4.7729997634887695,24.638999938964844,13.94
00-0039732,2025,4,QB,Bo Nix,DEN,xgb,17.46299934387207,7.2129998207092285,27.077999114990234,25.74
00-0039851,2025,4,QB,Drake Maye,NE,xgb,22.913000106811523,12.663000106811523,32.52899932861328,23.220000000000002
00-0039917,2025,4,QB,Michael Penix Jr.,ATL,xgb,16.503999710083008,6.254000186920166,26.1200008392334,18.72
00-0039918,2025,4,QB,Caleb Williams,CHI,xgb,19.841999053955078,9.592000007629395,29.457000732421875,11.780000000000001
00-0040676,2025,4,QB,Cam Ward,TEN,xgb,14.081999778747559,3.8320000171661377,23.697999954223633,4.5200000000000005
00-0040691,2025,4,QB,Jaxson Dart,NYG,xgb,2.8269999027252197,0.0,12.442999839782715,19.840000000000003
00-0040704,2025,4,QB,Dillon Gabriel,CLE,xgb,10.484999656677246,0.23499999940395355,20.10099983215332,0.0
00-0026498,2025,5,QB,Matthew Stafford,LA,xgb,17.732999801635742,7.482999801635742,27.349000930786133,25.560000000000002
00-0030565,2025,5,QB,Geno Smith,LV,xgb,17.687999725341797,7.438000202178955,27.304000854492188,5.920000000000001
00-0032950,2025,5,QB,Carson Wentz,MIN,xgb,16.645000457763672,6.394999980926514,26.260000228881836,14.74
00-0033077,2025,5,QB,Dak Prescott,DAL,xgb,15.25,5.0,24.865999221801758,28.28
00-0033106,2025,5,QB,Jared Goff,DET,xgb,12.130999565124512,1.88100004196167,21.746000289916992,20.12
00-0033119,2025,5,QB,Jacoby Brissett,ARI,xgb,2.86899995803833,0.0,12.484999656677246,0.0
00-0033662,2025,5,QB,Cooper Rush,BAL,xgb,4.511000156402588,0.0,14.126999855041504,1.1600000000000001
00-0033873,2025,5,QB,Patrick Mahomes,KC,xgb,20.02199935913086,9.772000312805176,29.636999130249023,26.72
00-0034855,2025,5,QB,Baker Mayfield,TB,xgb,17.97599983215332,7.72599983215332,27.591999053955078,26.66
00-0034857,2025,5,QB,Josh Allen,BUF,xgb,26.804000854492188,16.554000854492188,36.41899871826172,19.42
00-0034869,2025,5,QB,Sam Darnold,SEA,xgb,12.62600040435791,2.375999927520752,22.240999221801758,27.64
00-0035100,2025,5,QB,Jake Browning,CIN,xgb,15.925000190734863,5.675000190734863,25.540000915527344,19.14
00-0035228,2025,5,QB,Kyler Murray,ARI,xgb,15.890000343322754,5.640999794006348,25.506000518798828,15.3
00-0035710,2025,5,QB,Daniel Jones,IND,xgb,19.059999465942383,8.8100004196167,28.676000595092773,16.68
00-0036212,2025,5,QB,Tua Tagovailoa,MIA,xgb,13.866999626159668,3.617000102996826,23.482999801635742,22.740000000000002
00-0036355,2025,5,QB,Justin Herbert,LAC,xgb,18.61199951171875,8.362000465393066,28.226999282836914,14.64
00-0036389,2025,5,QB,Jalen Hurts,PHI,xgb,16.968000411987305,6.7179999351501465,26.58300018310547,19.500000000000004
00-0036898,2025,5,QB,Davis Mills,HOU,xgb,5.125999927520752,0.0,14.741999626159668,1.2200000000000002
00-0036945,2025,5,QB,Justin Fields,NYJ,xgb,17.365999221801758,7.116000175476074,26.98200035095215,25.92
00-0036971,2025,5,QB,Trevor Lawrence,JAX,xgb,14.932999610900879,4.683000087738037,24.548999786376953,26.240000000000002
00-0036972,2025,5,QB,Mac Jones,SF,xgb,18.638999938964844,8.388999938964844,28.253999710083008,22.18
00-0037012,2025,5,QB,Trey Lance,LAC,xgb,3.434000015258789,0.0,13.050000190734863,2.8600000000000003
00-0039150,2025,5,QB,Bryce Young,CAR,xgb,14.086999893188477,3.8369998931884766,23.70199966430664,12.02
00-0039163,2025,5,QB,C.J. Stroud,HOU,xgb,13.192000389099121,2.941999912261963,22.80699920654297,28.759999999999998
00-0039164,2025,5,QB,Anthony Richardson,IND,xgb,11.949999809265137,1.7000000476837158,21.56599998474121,2.26
00-0039376,2025,5,QB,Spencer Rattler,NO,xgb,12.482999801635742,2.2330000400543213,22.097999572753906,16.1
00-0039732,2025,5,QB,Bo Nix,DEN,xgb,17.364999771118164,7.114999771118164,26.979999542236328,17.88
00-0039851,2025,5,QB,Drake Maye,NE,xgb,19.52199935913086,9.272000312805176,29.13800048828125,12.120000000000001
00-0039910,2025,5,QB,Jayden Daniels,WAS,xgb,23.326000213623047,13.076000213623047,32.94200134277344,17.14
00-0040494,2025,5,QB,Max Brosmer,MIN,xgb,4.599999904632568,0.0,14.215999603271484,-0.1
00-0040673,2025,5,QB,Jalen Milroe,SEA,xgb,3.743000030517578,0.0,13.359000205993652,-2.0
00-0040676,2025,5,QB,Cam Ward,TEN,xgb,12.206999778747559,1.9570000171661377,21.822999954223633,8.0
00-0040691,2025,5,QB,Jaxson Dart,NYG,xgb,11.369000434875488,1.11899995803833,20.985000610351562,15.579999999999998
00-0040704,2025,5,QB,Dillon Gabriel,CLE,xgb,7.879000186920166,0.0,17.493999481201172,16.1
00-0023459,2025,6,QB,Aaron Rodgers,PIT,xgb,12.22700023651123,1.9769999980926514,21.841999053955078,17.5
00-0026158,2025,6,QB,Joe Flacco,CIN,xgb,10.13599967956543,0.0,19.75200080871582,18.759999999999998
00-0026498,2025,6,QB,Matthew Stafford,LA,xgb,19.54400062561035,9.293999671936035,29.15999984741211,9.34
00-0029263,2025,6,QB,Russell Wilson,NYG,xgb,13.734999656677246,3.484999895095825,23.350000381469727,0.0
00-0030565,2025,6,QB,Geno Smith,LV,xgb,15.324999809265137,5.074999809265137,24.940000534057617,8.66
00-0033077,2025,6,QB,Dak Prescott,DAL,xgb,21.07200050354004,10.821999549865723,30.687000274658203,22.339999999999996
00-0033106,2025,6,QB,Jared Goff,DET,xgb,16.40999984741211,6.160999774932861,26.025999069213867,16.82
00-0033119,2025,6,QB,Jacoby Brissett,ARI,xgb,5.433000087738037,0.0,15.04800033569336,20.7
00-0033662,2025,6,QB,Cooper Rush,BAL,xgb,11.395999908447266,1.1460000276565552,21.011999130249023,-1.12
00-0033873,2025,6,QB,Patrick Mahomes,KC,xgb,18.43199920654297,8.182000160217285,28.047000885009766,31.48
00-0034771,2025,6,QB,Mason Rudolph,PIT,xgb,7.559000015258789,0.0,17.173999786376953,0.0
00-0034855,2025,6,QB,Baker Mayfield,TB,xgb,18.43400001525879,8.184000015258789,28.049999237060547,19.64
00-0034857,2025,6,QB,Josh Allen,BUF,xgb,24.003999710083008,13.753999710083008,33.619998931884766,15.399999999999999
00-0034869,2025,6,QB,Sam Darnold,SEA,xgb,19.711000442504883,9.461000442504883,29.32699966430664,20.0
00-0035710,2025,6,QB,Daniel Jones,IND,xgb,18.684999465942383,8.4350004196167,28.301000595092773,22.48
00-0035993,2025,6,QB,Tyler Huntley,BAL,xgb,15.090999603271484,4.841000080108643,24.707000732421875,6.620000000000001
00-0036212,2025,6,QB,Tua Tagovailoa,MIA,xgb,12.225000381469727,1.975000023841858,21.84000015258789,6.6
00-0036264,2025,6,QB,Jordan Love,GB,xgb,14.656000137329102,4.406000137329102,24.27199935913086,14.959999999999999
00-0036355,2025,6,QB,Justin Herbert,LAC,xgb,17.6200008392334,7.369999885559082,27.236000061035156,18.76
00-0036389,2025,6,QB,Jalen Hurts,PHI,xgb,20.187000274658203,9.937000274658203,29.80299949645996,20.62
00-0036945,2025,6,QB,Justin Fields,NYJ,xgb,20.89699935913086,10.64799976348877,30.51300048828125,4.9
00-0036971,2025,6,QB,Trevor Lawrence,JAX,xgb,13.385000228881836,3.134999990463257,23.000999450683594,19.22
00-0036972,2025,6,QB,Mac Jones,SF,xgb,16.976999282836914,6.7270002365112305,26.591999053955078,11.180000000000001
00-0039150,2025,6,QB,Bryce Young,CAR,xgb,14.427000045776367,4.177000045776367,24.042999267578125,18.46
00-0039376,2025,6,QB,Spencer Rattler,NO,xgb,14.725000381469727,4.474999904632568,24.340999603271484,11.08
00-0039732,2025,6,QB,Bo Nix,DEN,xgb,17.763999938964844,7.514999866485596,27.3799991607666,13.360000000000001
00-0039851,2025,6,QB,Drake Maye,NE,xgb,19.52899932861328,9.279000282287598,29.145000457763672,27.24
00-0039910,2025,6,QB,Jayden Daniels,WAS,xgb,17.457000732421875,7.206999778747559,27.07200050354004,21.639999999999997
00-0039917,2025,6,QB,Michael Penix Jr.,ATL,xgb,15.538999557495117,5.289999961853027,25.155000686645508,14.6
00-0039918,2025,6,QB,Caleb Williams,CHI,xgb,17.586999893188477,7.336999893188477,27.20199966430664,20.380000000000003
00-0040676,2025,6,QB,Cam Ward,TEN,xgb,13.37600040435791,3.125999927520752,22.992000579833984,6.880000000000001
00-0040691,2025,6,QB,Jaxson Dart,NYG,xgb,19.56800079345703,9.317999839782715,29.18400001525879,23.6
00-0040704,2025,6,QB,Dillon Gabriel,CLE,xgb,12.986000061035156,2.7360000610351562,22.601999282836914,8.84
00-0023459,2025,7,QB,Aaron Rodgers,PIT,xgb,11.994999885559082,1.7450000047683716,21.611000061035156,22.560000000000002
00-0026158,2025,7,QB,Joe Flacco,CIN,xgb,9.664999961853027,0.0,19.2810001373291,25.98
00-0026498,2025,7,QB,Matthew Stafford,LA,xgb,19.05699920654297,8.807000160217285,28.672000885009766,27.380000000000003
00-0027973,2025,7,QB,Andy Dalton,CAR,xgb,5.915999889373779,0.0,15.531000137329102,2.1999999999999997
00-0028118,2025,7,QB,Tyrod Taylor,NYJ,xgb,14.159000396728516,3.9089999198913574,23.774999618530273,2.14
00-0030565,2025,7,QB,Geno Smith,LV,xgb,17.104000091552734,6.854000091552734,26.719999313354492,2.7800000000000002
00-0031237,2025,7,QB,Teddy Bridgewater,TB,xgb,2.0480000972747803,0.0,11.663999557495117,-0.1
00-0031345,2025,7,QB,Jimmy Garoppolo,LA,xgb,8.592000007629395,0.0,18.207000732421875,-0.30000000000000004
00-0032268,2025,7,QB,Marcus Mariota,WAS,xgb,13.722000122070312,3.4719998836517334,23.33799934387207,3.9200000000000004
00-0032950,2025,7,QB,Carson Wentz,MIN,xgb,12.977999687194824,2.7279999256134033,22.5939998626709,11.32
00-0033077,2025,7,QB,Dak Prescott,DAL,xgb,17.93000030517578,7.679999828338623,27.54599952697754,23.26
00-0033106,2025,7,QB,Jared Goff,DET,xgb,18.090999603271484,7.841000080108643,27.70599937438965,10.34
00-0033119,2025,7,QB,Jacoby Brissett,ARI,xgb,16.375,6.125,25.990999221801758,19.76
00-0033873,2025,7,QB,Patrick Mahomes,KC,xgb,20.016000747680664,9.765999794006348,29.631000518798828,26.24
00-0033949,2025,7,QB,Joshua Dobbs,NE,xgb,1.899999976158142,0.0,11.515999794006348,0.27999999999999997
00-0034855,2025,7,QB,Baker Mayfield,TB,xgb,17.757999420166016,7.507999897003174,27.374000549316406,11.120000000000001
00-0034869,2025,7,QB,Sam Darnold,SEA,xgb,19.030000686645508,8.779999732971191,28.645999908447266,8.62
00-0035289,2025,7,QB,Gardner Minshew,KC,xgb,5.841000080108643,0.0,15.456000328063965,-0.30000000000000004
00-0035710,2025,7,QB,Daniel Jones,IND,xgb,16.736000061035156,6.486000061035156,26.35099983215332,22.22
00-0036212,2025,7,QB,Tua Tagovailoa,MIA,xgb,14.878999710083008,4.629000186920166,24.4950008392334,-1.4
00-0036264,2025,7,QB,Jordan Love,GB,xgb,19.04199981689453,8.791999816894531,28.656999588012695,13.36
00-0036355,2025,7,QB,Justin Herbert,LAC,xgb,19.106000900268555,8.855999946594238,28.722000122070312,27.900000000000002
00-0036389,2025,7,QB,Jalen Hurts,PHI,xgb,20.663000106811523,10.413000106811523,30.27899932861328,24.04
00-0036945,2025,7,QB,Justin Fields,NYJ,xgb,17.517000198364258,7.267000198364258,27.131999969482422,4.04
00-0036971,2025,7,QB,Trevor Lawrence,JAX,xgb,16.211999893188477,5.961999893188477,25.827999114990234,17.64
00-0036972,2025,7,QB,Mac Jones,SF,xgb,13.609999656677246,3.359999895095825,23.22599983215332,5.18
00-0038102,2025,7,QB,Kenny Pickett,LV,xgb,3.568000078201294,0.0,13.182999610900879,-1.68
00-0039150,2025,7,QB,Bryce Young,CAR,xgb,12.817999839782715,2.568000078201294,22.43400001525879,10.52
00-0039163,2025,7,QB,C.J. Stroud,HOU,xgb,14.543999671936035,4.294000148773193,24.15999984741211,13.66
00-0039376,2025,7,QB,Spencer Rattler,NO,xgb,15.979999542236328,5.730000019073486,25.59600067138672,10.52
00-0039732,2025,7,QB,Bo Nix,DEN,xgb,16.145999908447266,5.895999908447266,25.761999130249023,39.96
00-0039851,2025,7,QB,Drake Maye,NE,xgb,23.051000595092773,12.800999641418457,32.66600036621094,23.080000000000002
00-0039910,2025,7,QB,Jayden Daniels,WAS,xgb,17.663000106811523,7.413000106811523,27.27899932861328,17.740000000000002
00-0039917,2025,7,QB,Michael Penix Jr.,ATL,xgb,13.664999961853027,3.4159998893737793,23.2810001373291,12.24
00-0039918,2025,7,QB,Caleb Williams,CHI,xgb,18.601999282836914,8.35200023651123,28.216999053955078,4.68
00-0040676,2025,7,QB,Cam Ward,TEN,xgb,16.31800079345703,6.067999839782715,25.93400001525879,10.200000000000001
00-0040691,2025,7,QB,Jaxson Dart,NYG,xgb,14.720999717712402,4.4710001945495605,24.336000442504883,28.42
00-0040704,2025,7,QB,Dillon Gabriel,CLE,xgb,9.47700023651123,0.0,19.093000411987305,5.84
00-0023459,2025,8,QB,Aaron Rodgers,PIT,xgb,14.543000221252441,4.293000221252441,24.159000396728516,16.759999999999998
00-0026158,2025,8,QB,Joe Flacco,CIN,xgb,11.428999900817871,1.1790000200271606,21.045000076293945,24.32
00-0027973,2025,8,QB,Andy Dalton,CAR,xgb,5.004000186920166,0.0,14.619999885559082,1.0999999999999996
00-0029604,2025,8,QB,Kirk Cousins,ATL,xgb,5.039999961853027,0.0,14.656000137329102,7.12
00-0032268,2025,8,QB,Marcus Mariota,WAS,xgb,15.95300006866455,5.703000068664551,25.56800079345703,11.32
00-0032950,2025,8,QB,Carson Wentz,MIN,xgb,10.817999839782715,0.5680000185966492,20.433000564575195,7.76
00-0033077,2025,8,QB,Dak Prescott,DAL,xgb,16.565000534057617,6.315000057220459,26.180999755859375,6.620000000000001
00-0033869,2025,8,QB,Mitchell Trubisky,BUF,xgb,1.8370000123977661,0.0,11.45300006866455,0.88
00-0033873,2025,8,QB,Patrick Mahomes,KC,xgb,22.340999603271484,12.090999603271484,31.95599937438965,22.96
00-0034855,2025,8,QB,Baker Mayfield,TB,xgb,18.36400032043457,8.11400032043457,27.979999542236328,4.08
00-0034857,2025,8,QB,Josh Allen,BUF,xgb,24.04400062561035,13.795000076293945,33.65999984741211,23.22
00-0035264,2025,8,QB,Jarrett Stidham,DEN,xgb,3.9660000801086426,0.0,13.581000328063965,-0.1
00-0035710,2025,8,QB,Daniel Jones,IND,xgb,18.447999954223633,8.197999954223633,28.06399917602539,23.180000000000003
00-0035993,2025,8,QB,Tyler Huntley,BAL,xgb,16.187000274658203,5.936999797821045,25.80299949645996,16.740000000000002
00-0036212,2025,8,QB,Tua Tagovailoa,MIA,xgb,14.586999893188477,4.336999893188477,24.20199966430664,24.2
00-0036264,2025,8,QB,Jordan Love,GB,xgb,18.625999450683594,8.37600040435791,28.240999221801758,28.299999999999997
00-0036355,2025,8,QB,Justin Herbert,LAC,xgb,20.027000427246094,9.777000427246094,29.64299964904785,25.279999999999998
00-0036389,2025,8,QB,Jalen Hurts,PHI,xgb,20.62299919128418,10.373000144958496,30.238000869750977,25.36
00-0036945,2025,8,QB,Justin Fields,NYJ,xgb,18.371000289916992,8.121000289916992,27.986000061035156,20.86
00-0036972,2025,8,QB,Mac Jones,SF,xgb,16.7189998626709,6.468999862670898,26.334999084472656,18.02
00-0037013,2025,8,QB,Zach Wilson,MIA,xgb,5.980999946594238,0.0,15.597000122070312,0.0
00-0038400,2025,8,QB,Tanner McKee,PHI,xgb,9.774999618530273,0.0,19.391000747680664,-0.2
00-0039163,2025,8,QB,C.J. Stroud,HOU,xgb,13.13599967956543,2.885999917984009,22.75200080871582,21.72
00-0039376,2025,8,QB,Spencer Rattler,NO,xgb,14.262999534606934,4.013000011444092,23.878000259399414,2.6400000000000006
00-0039398,2025,8,QB,Joe Milton III,DAL,xgb,14.925999641418457,4.676000118255615,24.541000366210938,6.32
00-0039732,2025,8,QB,Bo Nix,DEN,xgb,18.952999114990234,8.70300006866455,28.569000244140625,23.78
00-0039851,2025,8,QB,Drake Maye,NE,xgb,22.131000518798828,11.880999565124512,31.746999740600586,26.28
00-0039918,2025,8,QB,Caleb Williams,CHI,xgb,16.719999313354492,6.46999979019165,26.334999084472656,11.8
00-0040494,2025,8,QB,Max Brosmer,MIN,xgb,3.8570001125335693,0.0,13.472000122070312,0.52
00-0040676,2025,8,QB,Cam Ward,TEN,xgb,17.385000228881836,7.135000228881836,27.0,12.76
00-0040691,2025,8,QB,Jaxson Dart,NYG,xgb,14.79800033569336,4.547999858856201,24.413000106811523,19.419999999999998
00-0040704,2025,8,QB,Dillon Gabriel,CLE,xgb,10.770999908447266,0.5220000147819519,20.386999130249023,11.540000000000001
00-0040743,2025,8,QB,Tyler Shough,NO,xgb,3.4709999561309814,0.0,13.086999893188477,4.32
00-0023459,2025,9,QB,Aaron Rodgers,PIT,xgb,17.094999313354492,6.84499979019165,26.711000442504883,12.120000000000001
00-0026158,2025,9,QB,Joe Flacco,CIN,xgb,14.854000091552734,4.604000091552734,24.4689998626709,30.699999999999996
00-0026498,2025,9,QB,Matthew Stafford,LA,xgb,21.884000778198242,11.633999824523926,31.5,26.840000000000003
00-0030565,2025,9,QB,Geno Smith,LV,xgb,11.732000350952148,1.4819999933242798,21.347999572753906,26.259999999999998
00-0033077,2025,9,QB,Dak Prescott,DAL,xgb,22.780000686645508,12.529999732971191,32.395999908447266,15.4
00-0033106,2025,9,QB,Jared Goff,DET,xgb,17.268999099731445,7.019000053405762,26.885000228881836,19.36
00-0033119,2025,9,QB,Jacoby Brissett,ARI,xgb,14.189000129699707,3.938999891281128,23.80500030517578,24.839999999999996
00-0033873,2025,9,QB,Patrick Mahomes,KC,xgb,20.816999435424805,10.567000389099121,30.433000564575195,10.5
00-0034796,2025,9,QB,Lamar Jackson,BAL,xgb,20.679000854492188,10.428999900817871,30.295000076293945,25.56
00-0034857,2025,9,QB,Josh Allen,BUF,xgb,20.14299964904785,9.892999649047852,29.759000778198242,28.82
00-0034869,2025,9,QB,Sam Darnold,SEA,xgb,17.427000045776367,7.177000045776367,27.042999267578125,27.200000000000003
00-0035710,2025,9,QB,Daniel Jones,IND,xgb,16.80900001525879,6.559999942779541,26.424999237060547,14.079999999999998
00-0036212,2025,9,QB,Tua Tagovailoa,MIA,xgb,10.887999534606934,0.6380000114440918,20.503999710083008,8.54
00-0036264,2025,9,QB,Jordan Love,GB,xgb,16.226999282836914,5.9770002365112305,25.841999053955078,9.02
00-0036355,2025,9,QB,Justin Herbert,LAC,xgb,20.284000396728516,10.034000396728516,29.89900016784668,27.7
00-0036898,2025,9,QB,Davis Mills,HOU,xgb,5.418000221252441,0.0,15.034000396728516,6.180000000000001
00-0036971,2025,9,QB,Trevor Lawrence,JAX,xgb,12.12600040435791,1.8760000467300415,21.740999221801758,21.200000000000003
00-0036972,2025,9,QB,Mac Jones,SF,xgb,16.974000930786133,6.723999977111816,26.59000015258789,15.799999999999997
00-0038416,2025,9,QB,Tyson Bagent,CHI,xgb,6.692999839782715,0.0,16.30900001525879,0.8
00-0039150,2025,9,QB,Bryce Young,CAR,xgb,14.270000457763672,4.019999980926514,23.88599967956543,2.98
00-0039163,2025,9,QB,C.J. Stroud,HOU,xgb,16.045000076293945,5.795000076293945,25.660999298095703,4.36
00-0039732,2025,9,QB,Bo Nix,DEN,xgb,16.340999603271484,6.091000080108643,25.957000732421875,18.52
00-0039851,2025,9,QB,Drake Maye,NE,xgb,22.329999923706055,12.079999923706055,31.94499969482422,16.36
00-0039910,2025,9,QB,Jayden Daniels,WAS,xgb,20.28499984741211,10.03499984741211,29.900999069213867,15.22
00-0039917,2025,9,QB,Michael Penix Jr.,ATL,xgb,16.452999114990234,6.203000068664551,26.069000244140625,22.74
00-0039918,2025,9,QB,Caleb Williams,CHI,xgb,17.979999542236328,7.730000019073486,27.59600067138672,38.7
00-0039923,2025,9,QB,J.J. McCarthy,MIN,xgb,12.338000297546387,2.0880000591278076,21.952999114990234,18.919999999999998
00-0040676,2025,9,QB,Cam Ward,TEN,xgb,15.47700023651123,5.2270002365112305,25.093000411987305,6.4
00-0040691,2025,9,QB,Jaxson Dart,NYG,xgb,18.961000442504883,8.711000442504883,28.57699966430664,27.240000000000002
00-0040743,2025,9,QB,Tyler Shough,NO,xgb,7.451000213623047,0.0,17.066999435424805,9.239999999999998
00-0023459,2025,10,QB,Aaron Rodgers,PIT,xgb,16.768999099731445,6.519000053405762,26.385000228881836,6.440000000000001
00-0026498,2025,10,QB,Matthew Stafford,LA,xgb,15.059000015258789,4.809000015258789,24.674999237060547,26.900000000000002
00-0029263,2025,10,QB,Russell Wilson,NYG,xgb,8.805000305175781,0.0,18.42099952697754,3.0
00-0030565,2025,10,QB,Geno Smith,LV,xgb,13.984000205993652,3.7339999675750732,23.600000381469727,4.42
00-0032268,2025,10,QB,Marcus Mariota,WAS,xgb,16.045000076293945,5.795000076293945,25.660999298095703,18.72
00-0033106,2025,10,QB,Jared Goff,DET,xgb,16.128999710083008,5.879000186920166,25.743999481201172,24.8
00-0033119,2025,10,QB,Jacoby Brissett,ARI,xgb,13.777000427246094,3.5269999504089355,23.39299964904785,19.42
00-0033869,2025,10,QB,Mitchell Trubisky,BUF,xgb,4.915999889373779,0.0,14.531000137329102,0.4
00-0034577,2025,10,QB,Kyle Allen,DET,xgb,0.9559999704360962,0.0,10.571000099182129,-0.1
00-0034796,2025,10,QB,Lamar Jackson,BAL,xgb,22.007999420166016,11.758000373840332,31.624000549316406,16.64
00-0034855,2025,10,QB,Baker Mayfield,TB,xgb,15.607999801635742,5.357999801635742,25.224000930786133,22.92
00-0034857,2025,10,QB,Josh Allen,BUF,xgb,16.440000534057617,6.190000057220459,26.05500030517578,19.340000000000003
00-0034869,2025,10,QB,Sam Darnold,SEA,xgb,17.268999099731445,7.019000053405762,26.884000778198242,4.920000000000002
00-0035704,2025,10,QB,Drew Lock,SEA,xgb,6.335999965667725,0.0,15.951000213623047,-0.4
00-0035710,2025,10,QB,Daniel Jones,IND,xgb,14.423999786376953,4.173999786376953,24.040000915527344,15.5
00-0036212,2025,10,QB,Tua Tagovailoa,MIA,xgb,13.925000190734863,3.674999952316284,23.541000366210938,10.82
00-0036264,2025,10,QB,Jordan Love,GB,xgb,17.64299964904785,7.39300012588501,27.259000778198242,7.84
00-0036355,2025,10,QB,Justin Herbert,LAC,xgb,21.19499969482422,10.944999694824219,30.81100082397461,14.700000000000001
00-0036389,2025,10,QB,Jalen Hurts,PHI,xgb,19.475000381469727,9.225000381469727,29.090999603271484,12.02
00-0036898,2025,10,QB,Davis Mills,HOU,xgb,8.454999923706055,0.0,18.070999145507812,27.68
00-0036945,2025,10,QB,Justin Fields,NYJ,xgb,16.79400062561035,6.544000148773193,26.40999984741211,6.960000000000001
00-0036971,2025,10,QB,Trevor Lawrence,JAX,xgb,15.229999542236328,4.980000019073486,24.84600067138672,9.82
00-0036972,2025,10,QB,Mac Jones,SF,xgb,14.930000305175781,4.679999828338623,24.54599952697754,23.06
00-0038102,2025,10,QB,Kenny Pickett,LV,xgb,4.914000034332275,0.0,14.529999732971191,0.0
00-0039150,2025,10,QB,Bryce Young,CAR,xgb,11.791000366210938,1.5410000085830688,21.406999588012695,1.56
00-0039732,2025,10,QB,Bo Nix,DEN,xgb,16.990999221801758,6.741000175476074,26.60700035095215,5.8
00-0039851,2025,10,QB,Drake Maye,NE,xgb,18.83799934387207,8.588000297546387,28.45400047302246,18.1
00-0039917,2025,10,QB,Michael Penix Jr.,ATL,xgb,17.70400047302246,7.453999996185303,27.31999969482422,10.98
00-0039918,2025,10,QB,Caleb Williams,CHI,xgb,18.15999984741211,7.909999847412109,27.775999069213867,25.1
00-0039923,2025,10,QB,J.J. McCarthy,MIN,xgb,14.182999610900879,3.933000087738037,23.79800033569336,14.72
00-0040691,2025,10,QB,Jaxson Dart,NYG,xgb,14.614999771118164,4.366000175476074,24.231000900268555,26.28
00-0040704,2025,10,QB,Dillon Gabriel,CLE,xgb,14.017999649047852,3.7679998874664307,23.634000778198242,20.08
00-0040743,2025,10,QB,Tyler Shough,NO,xgb,6.171999931335449,0.0,15.788000106811523,18.98
00-0023459,2025,11,QB,Aaron Rodgers,PIT,xgb,14.383999824523926,4.133999824523926,24.0,9.440000000000001
00-0026158,2025,11,QB,Joe Flacco,CIN,xgb,17.285999298095703,7.035999774932861,26.900999069213867,9.860000000000001
00-0026498,2025,11,QB,Matthew Stafford,LA,xgb,16.35099983215332,6.10099983215332,25.966999053955078,13.2
00-0029604,2025,11,QB,Kirk Cousins,ATL,xgb,9.340999603271484,0.0,18.957000732421875,2.12
00-0030565,2025,11,QB,Geno Smith,LV,xgb,14.395999908447266,4.145999908447266,24.01099967956543,12.92
00-0031237,2025,11,QB,Teddy Bridgewater,TB,xgb,1.6109999418258667,0.0,11.22700023651123,-0.1
00-0031503,2025,11,QB,Jameis Winston,NYG,xgb,11.008000373840332,0.7580000162124634,20.624000549316406,11.040000000000001
00-0032268,2025,11,QB,Marcus Mariota,WAS,xgb,13.17300033569336,2.9230000972747803,22.788999557495117,15.42
00-0033077,2025,11,QB,Dak Prescott,DAL,xgb,16.4689998626709,6.218999862670898,26.084999084472656,24.32
00-0033106,2025,11,QB,Jared Goff,DET,xgb,17.509000778198242,7.258999824523926,27.125,12.100000000000001
00-0033119,2025,11,QB,Jacoby Brissett,ARI,xgb,15.437999725341797,5.188000202178955,25.05299949645996,21.880000000000003
00-0033873,2025,11,QB,Patrick Mahomes,KC,xgb,23.57200050354004,13.321999549865723,33.1879997253418,13.340000000000002
00-0034771,2025,11,QB,Mason Rudolph,PIT,xgb,5.373000144958496,0.0,14.98799991607666,8.98
00-0034796,2025,11,QB,Lamar Jackson,BAL,xgb,19.708999633789062,9.458999633789062,29.325000762939453,4.72
00-0034855,2025,11,QB,Baker Mayfield,TB,xgb,14.918000221252441,4.668000221252441,24.534000396728516,16.82
00-0034857,2025,11,QB,Josh Allen,BUF,xgb,21.875,11.625,31.490999221801758,42.68
00-0034869,2025,11,QB,Sam Darnold,SEA,xgb,14.12399959564209,3.874000072479248,23.73900032043457,4.26
00-0036212,2025,11,QB,Tua Tagovailoa,MIA,xgb,14.222000122070312,3.9719998836517334,23.83799934387207,6.84
00-0036264,2025,11,QB,Jordan Love,GB,xgb,16.281999588012695,6.0320000648498535,25.898000717163086,17.66
00-0036355,2025,11,QB,Justin Herbert,LAC,xgb,21.594999313354492,11.345000267028809,31.211000442504883,3.3400000000000003
00-0036389,2025,11,QB,Jalen Hurts,PHI,xgb,22.707000732421875,12.456999778747559,32.321998596191406,14.5
00-0036898,2025,11,QB,Davis Mills,HOU,xgb,10.545999526977539,0.29600000381469727,20.16200065612793,16.36
00-0036945,2025,11,QB,Justin Fields,NYJ,xgb,14.975000381469727,4.724999904632568,24.590999603271484,19.34
00-0036971,2025,11,QB,Trevor Lawrence,JAX,xgb,13.211000442504883,2.9619998931884766,22.82699966430664,15.020000000000001
00-0036972,2025,11,QB,Mac Jones,SF,xgb,15.571000099182129,5.321000099182129,25.18600082397461,-0.30000000000000004
00-0037012,2025,11,QB,Trey Lance,LAC,xgb,5.373000144958496,0.0,14.98799991607666,1.58
00-0037834,2025,11,QB,Brock Purdy,SF,xgb,14.61400032043457,4.363999843597412,24.229999542236328,19.3
00-0038128,2025,11,QB,Malik Willis,GB,xgb,7.415999889373779,0.0,17.0310001373291,5.84
00-0039150,2025,11,QB,Bryce Young,CAR,xgb,11.85099983215332,1.6009999513626099,21.466999053955078,31.82
00-0039732,2025,11,QB,Bo Nix,DEN,xgb,13.40999984741211,3.1600000858306885,23.024999618530273,12.600000000000001
00-0039851,2025,11,QB,Drake Maye,NE,xgb,22.649999618530273,12.399999618530273,32.26599884033203,15.44
00-0039917,2025,11,QB,Michael Penix Jr.,ATL,xgb,15.95199966430664,5.702000141143799,25.566999435424805,7.9
00-0039918,2025,11,QB,Caleb Williams,CHI,xgb,18.968000411987305,8.718000411987305,28.583999633789062,10.32
00-0039923,2025,11,QB,J.J. McCarthy,MIN,xgb,12.694999694824219,2.444999933242798,22.31100082397461,6.0
00-0040676,2025,11,QB,Cam Ward,TEN,xgb,14.005999565124512,3.75600004196167,23.621999740600586,13.06
00-0040704,2025,11,QB,Dillon Gabriel,CLE,xgb,10.857999801635742,0.6079999804496765,20.472999572753906,2.9200000000000004
00-0026158,2025,12,QB,Joe Flacco,CIN,xgb,14.131999969482422,3.881999969482422,23.746999740600586,9.620000000000001
00-0026498,2025,12,QB,Matthew Stafford,LA,xgb,18.999000549316406,8.74899959564209,28.614999771118164,22.92
00-0028118,2025,12,QB,Tyrod Taylor,NYJ,xgb,13.803000450134277,3.552999973297119,23.41900062561035,12.780000000000001
00-0029604,2025,12,QB,Kirk Cousins,ATL,xgb,3.4019999504089355,0.0,13.017999649047852,14.46
00-0030565,2025,12,QB,Geno Smith,LV,xgb,13.527999877929688,3.2780001163482666,23.143999099731445,14.2
00-0031237,2025,12,QB,Teddy Bridgewater,TB,xgb,3.2699999809265137,0.0,12.88599967956543,3.08
00-0031503,2025,12,QB,Jameis Winston,NYG,xgb,10.668000221252441,0.4180000126361847,20.284000396728516,32.24
00-0033077,2025,12,QB,Dak Prescott,DAL,xgb,17.413000106811523,7.163000106811523,27.027999877929688,27.06
00-0033106,2025,12,QB,Jared Goff,DET,xgb,16.62299919128418,6.373000144958496,26.238000869750977,17.16
00-0033119,2025,12,QB,Jacoby Brissett,ARI,xgb,18.524999618530273,8.274999618530273,28.141000747680664,18.68
00-0033873,2025,12,QB,Patrick Mahomes,KC,xgb,14.496999740600586,4.247000217437744,24.11199951171875,17.08
00-0034771,2025,12,QB,Mason Rudolph,PIT,xgb,5.795000076293945,0.0,15.41100025177002,7.539999999999999
00-0034796,2025,12,QB,Lamar Jackson,BAL,xgb,14.053000450134277,3.802999973297119,23.66900062561035,7.220000000000001
00-0034855,2025,12,QB,Baker Mayfield,TB,xgb,10.720000267028809,0.4699999988079071,20.334999084472656,3.540000000000001
00-0034857,2025,12,QB,Josh Allen,BUF,xgb,17.224000930786133,6.973999977111816,26.84000015258789,8.120000000000001
00-0034869,2025,12,QB,Sam Darnold,SEA,xgb,12.812000274658203,2.562000036239624,22.42799949645996,17.659999999999997
00-0035100,2025,12,QB,Jake Browning,CIN,xgb,16.402000427246094,6.1519999504089355,26.01799964904785,0.56
00-0035710,2025,12,QB,Daniel Jones,IND,xgb,16.253999710083008,6.004000186920166,25.8700008392334,16.84
00-0036264,2025,12,QB,Jordan Love,GB,xgb,17.224000930786133,6.973999977111816,26.84000015258789,7.0600000000000005
00-0036389,2025,12,QB,Jalen Hurts,PHI,xgb,18.82699966430664,8.57699966430664,28.44300079345703,30.86
00-0036898,2025,12,QB,Davis Mills,HOU,xgb,11.765999794006348,1.5160000324249268,21.381000518798828,14.520000000000001
00-0036971,2025,12,QB,Trevor Lawrence,JAX,xgb,14.42199993133545,4.171999931335449,24.038000106811523,17.14
00-0037834,2025,12,QB,Brock Purdy,SF,xgb,13.925999641418457,3.6760001182556152,23.54199981689453,7.3199999999999985
00-0038128,2025,12,QB,Malik Willis,GB,xgb,6.5929999351501465,0.0,16.208999633789062,0.5800000000000001
00-0039150,2025,12,QB,Bryce Young,CAR,xgb,9.237000465393066,0.0,18.85300064086914,8.26
00-0039577,2025,12,QB,Kedon Slovis,ARI,xgb,6.416999816894531,0.0,16.033000946044922,-0.08
00-0039851,2025,12,QB,Drake Maye,NE,xgb,19.270000457763672,9.020000457763672,28.885000228881836,15.96
00-0039918,2025,12,QB,Caleb Williams,CHI,xgb,13.52299976348877,3.2730000019073486,23.138999938964844,21.660000000000004
00-0039923,2025,12,QB,J.J. McCarthy,MIN,xgb,9.619999885559082,0.0,19.236000061035156,0.48
00-0040668,2025,12,QB,Shedeur Sanders,CLE,xgb,4.156000137329102,0.0,13.772000312805176,10.26
00-0040676,2025,12,QB,Cam Ward,TEN,xgb,14.673999786376953,4.425000190734863,24.290000915527344,23.94
00-0040743,2025,12,QB,Tyler Shough,NO,xgb,7.4039998054504395,0.0,17.020000457763672,7.920000000000002
00-0023459,2025,13,QB,Aaron Rodgers,PIT,xgb,12.79699993133545,2.546999931335449,22.41200065612793,2.6799999999999997
00-0026498,2025,13,QB,Matthew Stafford,LA,xgb,18.474000930786133,8.225000381469727,28.09000015258789,11.62
00-0028118,2025,13,QB,Tyrod Taylor,NYJ,xgb,14.071999549865723,3.822000026702881,23.687000274658203,21.28
00-0029604,2025,13,QB,Kirk Cousins,ATL,xgb,7.9679999351501465,0.0,17.583999633789062,13.36
00-0030565,2025,13,QB,Geno Smith,LV,xgb,15.020999908447266,4.770999908447266,24.63599967956543,12.000000000000002
00-0032268,2025,13,QB,Marcus Mariota,WAS,xgb,12.220999717712402,1.9709999561309814,21.836999893188477,23.259999999999998
00-0033077,2025,13,QB,Dak Prescott,DAL,xgb,20.225000381469727,9.975000381469727,29.840999603271484,20.6
00-0033106,2025,13,QB,Jared Goff,DET,xgb,13.060999870300293,2.811000108718872,22.676000595092773,20.64
00-0033119,2025,13,QB,Jacoby Brissett,ARI,xgb,17.35300064086914,7.103000164031982,26.9689998626709,19.64
00-0033319,2025,13,QB,Nick Mullens,JAX,xgb,5.070000171661377,0.0,14.685999870300293,-0.30000000000000004
00-0033873,2025,13,QB,Patrick Mahomes,KC,xgb,12.456000328063965,2.2060000896453857,22.07200050354004,29.439999999999998
00-0034771,2025,13,QB,Mason Rudolph,PIT,xgb,13.463000297546387,3.2130000591278076,23.07900047302246,-2.0
00-0034796,2025,13,QB,Lamar Jackson,BAL,xgb,12.282999992370605,2.0329999923706055,21.89900016784668,6.539999999999999
00-0034855,2025,13,QB,Baker Mayfield,TB,xgb,14.300999641418457,4.051000118255615,23.91699981689453,14.46
00-0034857,2025,13,QB,Josh Allen,BUF,xgb,17.08799934387207,6.8379998207092285,26.70400047302246,16.72
00-0034869,2025,13,QB,Sam Darnold,SEA,xgb,15.286999702453613,5.0370001792907715,24.902999877929688,3.12
00-0035710,2025,13,QB,Daniel Jones,IND,xgb,18.010000228881836,7.760000228881836,27.625,16.14
00-0036212,2025,13,QB,Tua Tagovailoa,MIA,xgb,13.817000389099121,3.566999912261963,23.43199920654297,4.680000000000001
00-0036264,2025,13,QB,Jordan Love,GB,xgb,14.779999732971191,4.53000020980835,24.395999908447266,25.759999999999998
00-0036355,2025,13,QB,Justin Herbert,LAC,xgb,14.152000427246094,3.9019999504089355,23.767000198364258,12.84
00-0036389,2025,13,QB,Jalen Hurts,PHI,xgb,22.909000396728516,12.659000396728516,32.52399826049805,16.300000000000004
00-0036442,2025,13,QB,Joe Burrow,CIN,xgb,12.958999633789062,2.7090001106262207,22.575000762939453,19.24
00-0036971,2025,13,QB,Trevor Lawrence,JAX,xgb,16.695999145507812,6.446000099182129,26.312000274658203,21.66
00-0036972,2025,13,QB,Mac Jones,SF,xgb,9.88599967956543,0.0,19.500999450683594,0.2
00-0037012,2025,13,QB,Trey Lance,LAC,xgb,6.125,0.0,15.739999771118164,0.76
00-0037834,2025,13,QB,Brock Purdy,SF,xgb,13.854000091552734,3.6040000915527344,23.469999313354492,17.119999999999997
00-0039150,2025,13,QB,Bryce Young,CAR,xgb,15.468000411987305,5.2179999351501465,25.083999633789062,22.540000000000003
00-0039163,2025,13,QB,C.J. Stroud,HOU,xgb,13.744000434875488,3.494999885559082,23.360000610351562,9.040000000000001
00-0039732,2025,13,QB,Bo Nix,DEN,xgb,18.511999130249023,8.26200008392334,28.128000259399414,16.44
00-0039851,2025,13,QB,Drake Maye,NE,xgb,16.84600067138672,6.5960001945495605,26.461000442504883,20.48
00-0039918,2025,13,QB,Caleb Williams,CHI,xgb,19.332000732421875,9.081999778747559,28.947999954223633,9.46
00-0040494,2025,13,QB,Max Brosmer,MIN,xgb,4.589000225067139,0.0,14.204000473022461,-3.06
00-0040668,2025,13,QB,Shedeur Sanders,CLE,xgb,7.425000190734863,0.0,17.041000366210938,10.56
00-0040676,2025,13,QB,Cam Ward,TEN,xgb,12.081999778747559,1.8320000171661377,21.697999954223633,6.34
00-0040691,2025,13,QB,Jaxson Dart,NYG,xgb,17.711000442504883,7.460999965667725,27.32699966430664,13.56
00-0040704,2025,13,QB,Dillon Gabriel,CLE,xgb,9.345999717712402,0.0,18.961999893188477,0.0
00-0040743,2025,13,QB,Tyler Shough,NO,xgb,10.204000473022461,0.0,19.819000244140625,17.360000000000003
00-0023459,2025,14,QB,Aaron Rodgers,PIT,xgb,10.644000053405762,0.39399999380111694,20.260000228881836,21.46
00-0026498,2025,14,QB,Matthew Stafford,LA,xgb,21.32699966430664,11.07699966430664,30.941999435424805,23.240000000000002
00-0028118,2025,14,QB,Tyrod Taylor,NYJ,xgb,16.17099952697754,5.921000003814697,25.78700065612793,-1.76
00-0029604,2025,14,QB,Kirk Cousins,ATL,xgb,9.454999923706055,0.0,19.06999969482422,2.4800000000000004
00-0030565,2025,14,QB,Geno Smith,LV,xgb,14.859000205993652,4.609000205993652,24.475000381469727,9.040000000000001
00-0031345,2025,14,QB,Jimmy Garoppolo,LA,xgb,1.0180000066757202,0.0,10.633000373840332,-0.4
00-0032268,2025,14,QB,Marcus Mariota,WAS,xgb,10.395000457763672,0.1459999978542328,20.01099967956543,-2.1
00-0033077,2025,14,QB,Dak Prescott,DAL,xgb,20.007999420166016,9.758999824523926,29.624000549316406,18.439999999999998
00-0033106,2025,14,QB,Jared Goff,DET,xgb,16.490999221801758,6.241000175476074,26.10700035095215,16.16
00-0033119,2025,14,QB,Jacoby Brissett,ARI,xgb,16.099000930786133,5.848999977111816,25.71500015258789,19.04
00-0033319,2025,14,QB,Nick Mullens,JAX,xgb,0.9980000257492065,0.0,10.61299991607666,0.01999999999999999
00-0033873,2025,14,QB,Patrick Mahomes,KC,xgb,21.381999969482422,11.131999969482422,30.99799919128418,6.300000000000001
00-0034796,2025,14,QB,Lamar Jackson,BAL,xgb,10.557000160217285,0.3070000112056732,20.17300033569336,21.06
00-0034855,2025,14,QB,Baker Mayfield,TB,xgb,14.5,4.25,24.115999221801758,11.079999999999998
00-0034857,2025,14,QB,Josh Allen,BUF,xgb,19.51099967956543,9.26099967956543,29.12700080871582,37.84
00-0034869,2025,14,QB,Sam Darnold,SEA,xgb,12.746999740600586,2.496999979019165,22.363000869750977,22.26
00-0035704,2025,14,QB,Drew Lock,SEA,xgb,4.072999954223633,0.0,13.689000129699707,0.0
00-0035710,2025,14,QB,Daniel Jones,IND,xgb,12.449000358581543,2.1989998817443848,22.065000534057617,0.7999999999999999
00-0036212,2025,14,QB,Tua Tagovailoa,MIA,xgb,12.862000465393066,2.611999988555908,22.47800064086914,9.08
00-0036264,2025,14,QB,Jordan Love,GB,xgb,15.21500015258789,4.965000152587891,24.83099937438965,19.259999999999998
00-0036355,2025,14,QB,Justin Herbert,LAC,xgb,16.177000045776367,5.927000045776367,25.792999267578125,12.16
00-0036389,2025,14,QB,Jalen Hurts,PHI,xgb,22.770000457763672,12.520999908447266,32.38600158691406,2.3999999999999995
00-0036442,2025,14,QB,Joe Burrow,CIN,xgb,13.668000221252441,3.4179999828338623,23.284000396728516,23.36
00-0036971,2025,14,QB,Trevor Lawrence,JAX,xgb,13.862000465393066,3.611999988555908,23.476999282836914,19.36
00-0037013,2025,14,QB,Zach Wilson,MIA,xgb,12.277000427246094,2.0269999504089355,21.892000198364258,-0.2
00-0038102,2025,14,QB,Kenny Pickett,LV,xgb,2.7709999084472656,0.0,12.38599967956543,8.48
00-0039163,2025,14,QB,C.J. Stroud,HOU,xgb,13.08899974822998,2.8389999866485596,22.704999923706055,12.620000000000001
00-0039732,2025,14,QB,Bo Nix,DEN,xgb,14.706999778747559,4.456999778747559,24.322999954223633,15.98
00-0039910,2025,14,QB,Jayden Daniels,WAS,xgb,18.961000442504883,8.711000442504883,28.57699966430664,2.72
00-0039918,2025,14,QB,Caleb Williams,CHI,xgb,13.491000175476074,3.240999937057495,23.10700035095215,14.940000000000001
00-0039923,2025,14,QB,J.J. McCarthy,MIN,xgb,12.836999893188477,2.5869998931884766,22.45199966430664,20.419999999999998
00-0040206,2025,14,QB,Riley Leonard,IND,xgb,4.4079999923706055,0.0,14.02400016784668,10.3
00-0040668,2025,14,QB,Shedeur Sanders,CLE,xgb,7.810999870300293,0.0,17.427000045776367,33.46
00-0040676,2025,14,QB,Cam Ward,TEN,xgb,13.895999908447266,3.6459999084472656,23.511999130249023,11.08
00-0040743,2025,14,QB,Tyler Shough,NO,xgb,15.619000434875488,5.36899995803833,25.235000610351562,21.259999999999998
00-0022942,2025,15,QB,Philip Rivers,IND,xgb,11.748000144958496,1.4980000257492065,21.36400032043457,6.800000000000001
00-0023459,2025,15,QB,Aaron Rodgers,PIT,xgb,12.366000175476074,2.115999937057495,21.98200035095215,16.96
00-0026498,2025,15,QB,Matthew Stafford,LA,xgb,16.360000610351562,6.110000133514404,25.97599983215332,20.919999999999998
00-0029604,2025,15,QB,Kirk Cousins,ATL,xgb,10.751999855041504,0.5019999742507935,20.368000030517578,26.92
00-0031503,2025,15,QB,Jameis Winston,NYG,xgb,14.831000328063965,4.580999851226807,24.44700050354004,0.0
00-0032268,2025,15,QB,Marcus Mariota,WAS,xgb,11.104000091552734,0.8539999723434448,20.7189998626709,14.739999999999998
00-0033077,2025,15,QB,Dak Prescott,DAL,xgb,21.950000762939453,11.701000213623047,31.56599998474121,11.959999999999999
00-0033106,2025,15,QB,Jared Goff,DET,xgb,16.511999130249023,6.26200008392334,26.128000259399414,25.52
00-0033119,2025,15,QB,Jacoby Brissett,ARI,xgb,19.69300079345703,9.444000244140625,29.30900001525879,20.560000000000002
00-0033319,2025,15,QB,Nick Mullens,JAX,xgb,5.039999961853027,0.0,14.654999732971191,-0.2
00-0033873,2025,15,QB,Patrick Mahomes,KC,xgb,21.231000900268555,10.980999946594238,30.847000122070312,13.06
00-0034796,2025,15,QB,Lamar Jackson,BAL,xgb,15.512999534606934,5.263000011444092,25.128999710083008,14.6
00-0034855,2025,15,QB,Baker Mayfield,TB,xgb,17.194000244140625,6.943999767303467,26.809999465942383,19.18
00-0034857,2025,15,QB,Josh Allen,BUF,xgb,19.18400001525879,8.934000015258789,28.798999786376953,24.52
00-0034869,2025,15,QB,Sam Darnold,SEA,xgb,11.538999557495117,1.2890000343322754,21.15399932861328,11.34
00-0035289,2025,15,QB,Gardner Minshew,KC,xgb,0.5640000104904175,0.0,10.180000305175781,-1.12
00-0035993,2025,15,QB,Tyler Huntley,BAL,xgb,15.050000190734863,4.800000190734863,24.666000366210938,-0.30000000000000004
00-0036212,2025,15,QB,Tua Tagovailoa,MIA,xgb,9.95300006866455,0.0,19.569000244140625,16.220000000000002
00-0036264,2025,15,QB,Jordan Love,GB,xgb,15.366000175476074,5.116000175476074,24.98200035095215,13.940000000000001
00-0036355,2025,15,QB,Justin Herbert,LAC,xgb,12.925000190734863,2.674999952316284,22.541000366210938,10.4
00-0036389,2025,15,QB,Jalen Hurts,PHI,xgb,16.55699920654297,6.307000160217285,26.17300033569336,22.9
00-0036442,2025,15,QB,Joe Burrow,CIN,xgb,11.72700023651123,1.4769999980926514,21.343000411987305,5.5
00-0036971,2025,15,QB,Trevor Lawrence,JAX,xgb,14.571999549865723,4.322000026702881,24.187999725341797,44.300000000000004
00-0037834,2025,15,QB,Brock Purdy,SF,xgb,15.086999893188477,4.836999893188477,24.702999114990234,26.200000000000003
00-0038102,2025,15,QB,Kenny Pickett,LV,xgb,7.322000026702881,0.0,16.937000274658203,1.2600000000000002
00-0038400,2025,15,QB,Tanner McKee,PHI,xgb,1.5149999856948853,0.0,11.130000114440918,2.22
00-0039150,2025,15,QB,Bryce Young,CAR,xgb,14.85099983215332,4.60099983215332,24.466999053955078,15.42
00-0039163,2025,15,QB,C.J. Stroud,HOU,xgb,14.380000114440918,4.13100004196167,23.996000289916992,23.4
00-0039376,2025,15,QB,Spencer Rattler,NO,xgb,15.138999938964844,4.888999938964844,24.7549991607666,0.0
00-0039732,2025,15,QB,Bo Nix,DEN,xgb,13.149999618530273,2.9000000953674316,22.766000747680664,29.08
00-0039851,2025,15,QB,Drake Maye,NE,xgb,19.607999801635742,9.357999801635742,29.224000930786133,20.5
00-0039918,2025,15,QB,Caleb Williams,CHI,xgb,15.347000122070312,5.0970001220703125,24.96299934387207,18.98
00-0039923,2025,15,QB,J.J. McCarthy,MIN,xgb,13.079000473022461,2.8289999961853027,22.694000244140625,23.5
00-0040398,2025,15,QB,Brady Cook,NYJ,xgb,7.070000171661377,0.0,16.68600082397461,8.94
00-0040668,2025,15,QB,Shedeur Sanders,CLE,xgb,14.47599983215332,4.22599983215332,24.090999603271484,3.4800000000000004
00-0040676,2025,15,QB,Cam Ward,TEN,xgb,13.595999717712402,3.3459999561309814,23.211000442504883,15.0
00-0040691,2025,15,QB,Jaxson Dart,NYG,xgb,18.082000732421875,7.831999778747559,27.697999954223633,22.14
00-0040743,2025,15,QB,Tyler Shough,NO,xgb,14.628999710083008,4.379000186920166,24.2450008392334,18.080000000000002
00-0022942,2025,16,QB,Philip Rivers,IND,xgb,9.925000190734863,0.0,19.541000366210938,17.08
00-0023459,2025,16,QB,Aaron Rodgers,PIT,xgb,13.842000007629395,3.5920000076293945,23.45800018310547,15.540000000000001
00-0026158,2025,16,QB,Joe Flacco,CIN,xgb,19.099000930786133,8.848999977111816,28.714000701904297,0.16
00-0026300,2025,16,QB,Josh Johnson,WAS,xgb,6.326000213623047,0.0,15.940999984741211,-0.28
00-0026498,2025,16,QB,Matthew Stafford,LA,xgb,20.62299919128418,10.37399959564209,30.23900032043457,30.880000000000003
00-0029604,2025,16,QB,Kirk Cousins,ATL,xgb,14.16100025177002,3.9110000133514404,23.775999069213867,17.58
00-0030565,2025,16,QB,Geno Smith,LV,xgb,16.06599998474121,5.815999984741211,25.68199920654297,14.04
00-0032268,2025,16,QB,Marcus Mariota,WAS,xgb,11.8100004196167,1.559999942779541,21.424999237060547,3.7
00-0033077,2025,16,QB,Dak Prescott,DAL,xgb,16.308000564575195,6.058000087738037,25.923999786376953,19.159999999999997
00-0033106,2025,16,QB,Jared Goff,DET,xgb,16.444000244140625,6.193999767303467,26.05900001525879,26.46
00-0033119,2025,16,QB,Jacoby Brissett,ARI,xgb,17.069000244140625,6.818999767303467,26.684999465942383,10.620000000000001
00-0034796,2025,16,QB,Lamar Jackson,BAL,xgb,12.163000106811523,1.9129999876022339,21.77899932861328,4.74
00-0034855,2025,16,QB,Baker Mayfield,TB,xgb,15.069000244140625,4.818999767303467,24.68400001525879,12.700000000000001
00-0034857,2025,16,QB,Josh Allen,BUF,xgb,21.288999557495117,11.039999961853027,30.905000686645508,6.9
00-0034869,2025,16,QB,Sam Darnold,SEA,xgb,14.645000457763672,4.394999980926514,24.260000228881836,19.5
00-0035289,2025,16,QB,Gardner Minshew,KC,xgb,7.177999973297119,0.0,16.79400062561035,1.4
00-0035993,2025,16,QB,Tyler Huntley,BAL,xgb,12.61400032043457,2.364000082015991,22.229999542236328,2.8000000000000003
00-0036264,2025,16,QB,Jordan Love,GB,xgb,16.170000076293945,5.920000076293945,25.785999298095703,3.7800000000000002
00-0036355,2025,16,QB,Justin Herbert,LAC,xgb,13.95199966430664,3.7019999027252197,23.56800079345703,30.2
00-0036389,2025,16,QB,Jalen Hurts,PHI,xgb,15.29800033569336,5.047999858856201,24.913999557495117,19.4
00-0036442,2025,16,QB,Joe Burrow,CIN,xgb,10.670999526977539,0.42100000381469727,20.28700065612793,28.96
00-0036971,2025,16,QB,Trevor Lawrence,JAX,xgb,18.698999404907227,8.449000358581543,28.31399917602539,31.16
00-0036972,2025,16,QB,Mac Jones,SF,xgb,7.078000068664551,0.0,16.69300079345703,-0.30000000000000004
00-0037324,2025,16,QB,Chris Oladokun,KC,xgb,3.624000072479248,0.0,13.239999771118164,5.140000000000001
00-0037834,2025,16,QB,Brock Purdy,SF,xgb,18.847000122070312,8.597000122070312,28.46299934387207,30.900000000000002
00-0038128,2025,16,QB,Malik Willis,GB,xgb,2.1710000038146973,0.0,11.786999702453613,13.24
00-0038400,2025,16,QB,Tanner McKee,PHI,xgb,4.005000114440918,0.0,13.621000289916992,-0.2
00-0039150,2025,16,QB,Bryce Young,CAR,xgb,15.272000312805176,5.021999835968018,24.886999130249023,17.64
00-0039163,2025,16,QB,C.J. Stroud,HOU,xgb,13.824000358581543,3.5739998817443848,23.440000534057617,11.48
00-0039398,2025,16,QB,Joe Milton III,DAL,xgb,11.37600040435791,1.1260000467300415,20.990999221801758,-0.8599999999999999
00-0039732,2025,16,QB,Bo Nix,DEN,xgb,16.381000518798828,6.13100004196167,25.996000289916992,15.18
00-0039851,2025,16,QB,Drake Maye,NE,xgb,19.716999053955078,9.467000007629395,29.33300018310547,23.700000000000003
00-0039918,2025,16,QB,Caleb Williams,CHI,xgb,12.748000144958496,2.497999906539917,22.36400032043457,21.0
00-0039923,2025,16,QB,J.J. McCarthy,MIN,xgb,12.538999557495117,2.2890000343322754,22.155000686645508,8.32
00-0040206,2025,16,QB,Riley Leonard,IND,xgb,7.73799991607666,0.0,17.35300064086914,0.0
00-0040234,2025,16,QB,Quinn Ewers,MIA,xgb,6.933000087738037,0.0,16.54800033569336,6.9
00-0040398,2025,16,QB,Brady Cook,NYJ,xgb,13.480999946594238,3.2309999465942383,23.097000122070312,3.7200000000000006
00-0040494,2025,16,QB,Max Brosmer,MIN,xgb,12.437999725341797,2.187999963760376,22.05299949645996,1.78
00-0040668,2025,16,QB,Shedeur Sanders,CLE,xgb,13.38599967956543,3.135999917984009,23.000999450683594,11.180000000000001
00-0040676,2025,16,QB,Cam Ward,TEN,xgb,11.482000350952148,1.2330000400543213,21.097999572753906,18.02
00-0040691,2025,16,QB,Jaxson Dart,NYG,xgb,17.444000244140625,7.193999767303467,27.05900001525879,0.02000000000000013
00-0040704,2025,16,QB,Dillon Gabriel,CLE,xgb,5.117000102996826,0.0,14.732999801635742,0.0
00-0040743,2025,16,QB,Tyler Shough,NO,xgb,16.090999603271484,5.841000080108643,25.707000732421875,17.12
00-0022942,2025,17,QB,Philip Rivers,IND,xgb,10.468000411987305,0.21799999475479126,20.083999633789062,7.779999999999999
00-0023459,2025,17,QB,Aaron Rodgers,PIT,xgb,15.46500015258789,5.216000080108643,25.08099937438965,7.32
00-0026158,2025,17,QB,Joe Flacco,CIN,xgb,13.26099967956543,3.010999917984009,22.87700080871582,1.16
00-0026300,2025,17,QB,Josh Johnson,WAS,xgb,7.831999778747559,0.0,17.447999954223633,8.92
00-0026498,2025,17,QB,Matthew Stafford,LA,xgb,23.525999069213867,13.276000022888184,33.141998291015625,12.759999999999998
00-0029604,2025,17,QB,Kirk Cousins,ATL,xgb,14.79699993133545,4.546999931335449,24.413000106811523,9.139999999999999
00-0030565,2025,17,QB,Geno Smith,LV,xgb,14.791999816894531,4.541999816894531,24.408000946044922,7.139999999999999
00-0033077,2025,17,QB,Dak Prescott,DAL,xgb,15.829000473022461,5.578999996185303,25.444000244140625,22.68
00-0033106,2025,17,QB,Jared Goff,DET,xgb,18.841999053955078,8.592000007629395,28.45800018310547,2.0799999999999983
00-0033119,2025,17,QB,Jacoby Brissett,ARI,xgb,17.211000442504883,6.960999965667725,26.82699966430664,16.48
00-0033949,2025,17,QB,Joshua Dobbs,NE,xgb,3.5139999389648438,0.0,13.128999710083008,1.0999999999999999
00-0034855,2025,17,QB,Baker Mayfield,TB,xgb,14.107000350952148,3.8570001125335693,23.722000122070312,17.44
00-0034857,2025,17,QB,Josh Allen,BUF,xgb,19.315000534057617,9.0649995803833,28.93000030517578,23.18
00-0034869,2025,17,QB,Sam Darnold,SEA,xgb,16.149999618530273,5.900000095367432,25.766000747680664,6.079999999999998
00-0035993,2025,17,QB,Tyler Huntley,BAL,xgb,9.809000015258789,0.0,19.423999786376953,14.280000000000001
00-0036355,2025,17,QB,Justin Herbert,LAC,xgb,14.342000007629395,4.0920000076293945,23.957000732421875,15.14
00-0036389,2025,17,QB,Jalen Hurts,PHI,xgb,17.209999084472656,6.960000038146973,26.826000213623047,8.9
00-0036442,2025,17,QB,Joe Burrow,CIN,xgb,14.616000175476074,4.366000175476074,24.231000900268555,20.400000000000002
00-0036971,2025,17,QB,Trevor Lawrence,JAX,xgb,16.274999618530273,6.025000095367432,25.891000747680664,23.119999999999997
00-0037324,2025,17,QB,Chris Oladokun,KC,xgb,7.644000053405762,0.0,17.260000228881836,7.74
00-0037834,2025,17,QB,Brock Purdy,SF,xgb,15.9399995803833,5.690000057220459,25.555999755859375,36.92
00-0038102,2025,17,QB,Kenny Pickett,LV,xgb,8.696999549865723,0.0,18.312999725341797,0.64
00-0038128,2025,17,QB,Malik Willis,GB,xgb,7.434999942779541,0.0,17.051000595092773,31.519999999999996
00-0038582,2025,17,QB,Clayton Tune,GB,xgb,6.928999900817871,0.0,16.54400062561035,-1.68
00-0039150,2025,17,QB,Bryce Young,CAR,xgb,20.433000564575195,10.184000015258789,30.048999786376953,8.86
00-0039163,2025,17,QB,C.J. Stroud,HOU,xgb,15.819999694824219,5.570000171661377,25.434999465942383,13.759999999999998
00-0039732,2025,17,QB,Bo Nix,DEN,xgb,16.611000061035156,6.361000061035156,26.22599983215332,19.48
00-0039851,2025,17,QB,Drake Maye,NE,xgb,14.388999938964844,4.138999938964844,24.003999710083008,32.440000000000005
00-0039918,2025,17,QB,Caleb Williams,CHI,xgb,12.579000473022461,2.3289999961853027,22.19499969482422,23.000000000000004
00-0040206,2025,17,QB,Riley Leonard,IND,xgb,6.580999851226807,0.0,16.19700050354004,-2.0
00-0040234,2025,17,QB,Quinn Ewers,MIA,xgb,6.660999774932861,0.0,16.277000427246094,15.78
00-0040398,2025,17,QB,Brady Cook,NYJ,xgb,10.331000328063965,0.08100000023841858,19.945999145507812,4.18
00-0040494,2025,17,QB,Max Brosmer,MIN,xgb,7.060999870300293,0.0,16.676000595092773,3.64
00-0040668,2025,17,QB,Shedeur Sanders,CLE,xgb,13.854999542236328,3.6050000190734863,23.47100067138672,9.440000000000001
00-0040676,2025,17,QB,Cam Ward,TEN,xgb,11.5649995803833,1.315000057220459,21.180999755859375,17.04
00-0040691,2025,17,QB,Jaxson Dart,NYG,xgb,14.246999740600586,3.996999979019165,23.863000869750977,25.08
00-0040743,2025,17,QB,Tyler Shough,NO,xgb,13.795000076293945,3.5450000762939453,23.40999984741211,21.92
00-0023459,2025,18,QB,Aaron Rodgers,PIT,xgb,15.13700008392334,4.888000011444092,24.753000259399414,17.759999999999998
00-0026158,2025,18,QB,Joe Flacco,CIN,xgb,6.639999866485596,0.0,16.2549991607666,0.2
00-0026300,2025,18,QB,Josh Johnson,WAS,xgb,9.190999984741211,0.0,18.80699920654297,15.740000000000002
00-0026498,2025,18,QB,Matthew Stafford,LA,xgb,13.994999885559082,3.744999885559082,23.611000061035156,26.66
00-0029604,2025,18,QB,Kirk Cousins,ATL,xgb,15.8149995803833,5.565999984741211,25.430999755859375,9.2
00-0031345,2025,18,QB,Jimmy Garoppolo,LA,xgb,0.3400000035762787,0.0,9.954999923706055,-0.30000000000000004
00-0032434,2025,18,QB,Brandon Allen,TEN,xgb,6.853000164031982,0.0,16.4689998626709,0.8799999999999999
00-0033077,2025,18,QB,Dak Prescott,DAL,xgb,19.076000213623047,8.826000213623047,28.691999435424805,0.7000000000000002
00-0033106,2025,18,QB,Jared Goff,DET,xgb,14.416000366210938,4.165999889373779,24.0310001373291,15.240000000000002
00-0033119,2025,18,QB,Jacoby Brissett,ARI,xgb,16.784000396728516,6.533999919891357,26.399999618530273,15.619999999999997
00-0033319,2025,18,QB,Nick Mullens,JAX,xgb,6.171999931335449,0.0,15.788000106811523,0.44
00-0033869,2025,18,QB,Mitchell Trubisky,BUF,xgb,3.444000005722046,0.0,13.0600004196167,28.86
00-0033949,2025,18,QB,Joshua Dobbs,NE,xgb,7.4730000495910645,0.0,17.08799934387207,0.92
00-0034796,2025,18,QB,Lamar Jackson,BAL,xgb,12.454000473022461,2.2039999961853027,22.06999969482422,20.419999999999998
00-0034855,2025,18,QB,Baker Mayfield,TB,xgb,17.17799949645996,6.927999973297119,26.792999267578125,13.22
00-0034869,2025,18,QB,Sam Darnold,SEA,xgb,13.706999778747559,3.4570000171661377,23.322999954223633,8.82
00-0036442,2025,18,QB,Joe Burrow,CIN,xgb,15.234000205993652,4.984000205993652,24.850000381469727,21.139999999999997
00-0036898,2025,18,QB,Davis Mills,HOU,xgb,15.314000129699707,5.064000129699707,24.93000030517578,2.64
00-0036971,2025,18,QB,Trevor Lawrence,JAX,xgb,15.222000122070312,4.9720001220703125,24.836999893188477,23.300000000000004
00-0037012,2025,18,QB,Trey Lance,LAC,xgb,4.26800012588501,0.0,13.883000373840332,8.34
00-0037013,2025,18,QB,Zach Wilson,MIA,xgb,3.4600000381469727,0.0,13.076000213623047,0.0
00-0037324,2025,18,QB,Chris Oladokun,KC,xgb,10.722000122070312,0.47200000286102295,20.33799934387207,-1.6800000000000002
00-0037834,2025,18,QB,Brock Purdy,SF,xgb,17.867000579833984,7.617000102996826,27.482999801635742,5.18
00-0038102,2025,18,QB,Kenny Pickett,LV,xgb,6.269999980926514,0.0,15.88599967956543,-0.9799999999999999
00-0038400,2025,18,QB,Tanner McKee,PHI,xgb,5.747000217437744,0.0,15.362000465393066,11.940000000000001
00-0038579,2025,18,QB,Aidan O'Connell,LV,xgb,10.017999649047852,0.0,19.632999420166016,4.78
00-0038582,2025,18,QB,Clayton Tune,GB,xgb,6.204999923706055,0.0,15.821000099182129,3.66
00-0039150,2025,18,QB,Bryce Young,CAR,xgb,16.996000289916992,6.745999813079834,26.611000061035156,16.54
00-0039163,2025,18,QB,C.J. Stroud,HOU,xgb,13.72700023651123,3.4769999980926514,23.341999053955078,17.259999999999998
00-0039398,2025,18,QB,Joe Milton III,DAL,xgb,9.446000099182129,0.0,19.06100082397461,5.22
00-0039732,2025,18,QB,Bo Nix,DEN,xgb,17.233999252319336,6.984000205993652,26.850000381469727,10.54
00-0039851,2025,18,QB,Drake Maye,NE,xgb,22.201000213623047,11.951000213623047,31.816999435424805,15.740000000000002
00-0039918,2025,18,QB,Caleb Williams,CHI,xgb,13.559000015258789,3.309000015258789,23.173999786376953,16.58
00-0039923,2025,18,QB,J.J. McCarthy,MIN,xgb,13.173999786376953,2.9240000247955322,22.788999557495117,7.98
00-0040206,2025,18,QB,Riley Leonard,IND,xgb,6.057000160217285,0.0,15.67300033569336,22.6
00-0040234,2025,18,QB,Quinn Ewers,MIA,xgb,9.427000045776367,0.0,19.042999267578125,8.38
00-0040398,2025,18,QB,Brady Cook,NYJ,xgb,9.918999671936035,0.0,19.53499984741211,9.100000000000001
00-0040494,2025,18,QB,Max Brosmer,MIN,xgb,7.422999858856201,0.0,17.038999557495117,0.28000000000000025
00-0040668,2025,18,QB,Shedeur Sanders,CLE,xgb,13.892000198364258,3.6419999599456787,23.507999420166016,5.040000000000001
00-0040676,2025,18,QB,Cam Ward,TEN,xgb,14.300999641418457,4.051000118255615,23.916000366210938,9.18
00-0040691,2025,18,QB,Jaxson Dart,NYG,xgb,13.02400016784668,2.7739999294281006,22.639999389648438,20.400000000000002
00-0040743,2025,18,QB,Tyler Shough,NO,xgb,16.733999252319336,6.484000205993652,26.349000930786133,21.759999999999998
00-0032764,2025,1,RB,Derrick Henry,BAL,xgb,10.909000396728516,3.997999906539917,18.226999282836914,29.2
00-0033280,2025,1,RB,Christian McCaffrey,SF,xgb,13.758000373840332,6.8470001220703125,21.076000213623047,23.200000000000003
00-0033293,2025,1,RB,Aaron Jones,MIN,xgb,10.894000053405762,3.9830000400543213,18.211999893188477,15.7
00-0033526,2025,1,RB,Samaje Perine,CIN,xgb,3.8970000743865967,0.0,11.21500015258789,2.6
00-0033553,2025,1,RB,James Conner,ARI,xgb,10.479999542236328,3.569999933242798,17.798999786376953,14.4
00-0033699,2025,1,RB,Austin Ekeler,WAS,xgb,7.882999897003174,0.972000002861023,15.201000213623047,8.7
00-0033854,2025,1,RB,Dare Ogunbowale,HOU,xgb,3.7829999923706055,0.0,11.10099983215332,2.6
00-0033906,2025,1,RB,Alvin Kamara,NO,xgb,9.73799991607666,2.8269999027252197,17.055999755859375,13.7
00-0033923,2025,1,RB,Kareem Hunt,KC,xgb,5.816999912261963,0.0,13.135000228881836,4.6
00-0033955,2025,1,RB,Jeremy McNichols,WAS,xgb,4.191999912261963,0.0,11.51099967956543,2.5
00-0034791,2025,1,RB,Nick Chubb,HOU,xgb,7.547999858856201,0.6370000243186951,14.866999626159668,6.0
00-0034844,2025,1,RB,Saquon Barkley,PHI,xgb,14.126999855041504,7.216000080108643,21.445999145507812,18.4
00-0034975,2025,1,RB,Justice Hill,BAL,xgb,7.285999774932861,0.375,14.604000091552734,-0.10000000000000009
00-0035243,2025,1,RB,Miles Sanders,DAL,xgb,8.13599967956543,1.225000023841858,15.454000473022461,4.0
00-0035250,2025,1,RB,Devin Singletary,NYG,xgb,4.839000225067139,0.0,12.157999992370605,0.9
00-0035261,2025,1,RB,Tony Pollard,TEN,xgb,5.886000156402588,0.0,13.204000473022461,7.9
00-0035537,2025,1,RB,Ty Johnson,BUF,xgb,5.442999839782715,0.0,12.76099967956543,2.4000000000000004
00-0035567,2025,1,RB,Craig Reynolds,DET,xgb,5.869999885559082,0.0,13.187999725341797,0.0
00-0035685,2025,1,RB,David Montgomery,DET,xgb,16.533000946044922,9.621999740600586,23.85099983215332,8.3
00-0035700,2025,1,RB,Josh Jacobs,GB,xgb,13.185999870300293,6.275000095367432,20.5049991607666,14.0
00-0036139,2025,1,RB,Rico Dowdle,CAR,xgb,10.746000289916992,3.8350000381469727,18.06399917602539,3.6
00-0036158,2025,1,RB,J.K. Dobbins,DEN,xgb,12.755999565124512,5.84499979019165,20.073999404907227,14.8
00-0036223,2025,1,RB,Jonathan Taylor,IND,xgb,16.41900062561035,9.508000373840332,23.738000869750977,12.8
00-0036265,2025,1,RB,AJ Dillon,PHI,xgb,8.982000350952148,2.071000099182129,16.299999237060547,1.0
00-0036275,2025,1,RB,D'Andre Swift,CHI,xgb,9.317000389099121,2.4059998989105225,16.635000228881836,9.5
00-0036328,2025,1,RB,Antonio Gibson,NE,xgb,10.532999992370605,3.621999979019165,17.85099983215332,0.30000000000000004
00-0036555,2025,1,RB,Chuba Hubbard,CAR,xgb,18.219999313354492,11.3100004196167,25.538999557495117,17.9
00-0036842,2025,1,RB,Kene Nwangwu,NYJ,xgb,1.4040000438690186,0.0,8.722000122070312,0.0
00-0036875,2025,1,RB,Rhamondre Stevenson,NE,xgb,4.571000099182129,0.0,11.888999938964844,4.7
00-0036893,2025,1,RB,Najee Harris,LAC,xgb,8.258000373840332,1.347000002861023,15.576000213623047,2.0
00-0036919,2025,1,RB,Kenny Gainwell,PIT,xgb,7.841000080108643,0.9300000071525574,15.15999984741211,5.300000000000001
00-0036973,2025,1,RB,Travis Etienne,JAX,xgb,10.913000106811523,4.001999855041504,18.231000900268555,18.6
00-0036997,2025,1,RB,Javonte Williams,DAL,xgb,6.604000091552734,0.0,13.92199993133545,20.4
00-0037085,2025,1,RB,Tyler Badie,DEN,xgb,7.863999843597412,0.9539999961853027,15.182999610900879,3.6
00-0037197,2025,1,RB,Isiah Pacheco,KC,xgb,7.9720001220703125,1.0609999895095825,15.289999961853027,4.800000000000001
00-0037228,2025,1,RB,Jaylen Warren,PIT,xgb,7.6579999923706055,0.746999979019165,14.97599983215332,13.9
00-0037248,2025,1,RB,James Cook,BUF,xgb,10.35099983215332,3.440000057220459,17.670000076293945,21.200000000000003
00-0037256,2025,1,RB,Rachaad White,TB,xgb,10.25100040435791,3.3399999141693115,17.569000244140625,2.6
00-0037258,2025,1,RB,Dameon Pierce,HOU,xgb,6.744999885559082,0.0,14.062999725341797,0.5
00-0037263,2025,1,RB,Tyler Allgeier,ATL,xgb,7.729000091552734,0.8180000185966492,15.04699993133545,2.4000000000000004
00-0037267,2025,1,RB,Jerome Ford,CLE,xgb,5.866000175476074,0.0,13.1850004196167,1.5
00-0037276,2025,1,RB,Ty Chandler,MIN,xgb,3.48799991607666,0.0,10.805999755859375,0.0
00-0037525,2025,1,RB,Jordan Mason,MIN,xgb,5.760000228881836,0.0,13.07800006866455,8.5
00-0037594,2025,1,RB,Julius Chestnut,TEN,xgb,3.1029999256134033,0.0,10.420999526977539,0.2
00-0037617,2025,1,RB,Hassan Haskins,LAC,xgb,5.698999881744385,0.0,13.017000198364258,0.0
00-0037746,2025,1,RB,Brian Robinson,SF,xgb,10.220000267028809,3.309000015258789,17.538000106811523,4.7
00-0037840,2025,1,RB,Kyren Williams,LA,xgb,16.5310001373291,9.619999885559082,23.849000930786133,13.9
00-0038040,2025,1,RB,Zamir White,LV,xgb,5.681000232696533,0.0,12.99899959564209,0.8
00-0038120,2025,1,RB,Breece Hall,NYJ,xgb,15.017000198364258,8.105999946594238,22.334999084472656,16.5
00-0038134,2025,1,RB,Kenneth Walker III,SEA,xgb,20.231000900268555,13.321000099182129,27.549999237060547,5.4
00-0038488,2025,1,RB,Brady Russell,SEA,xgb,1.152999997138977,0.0,8.472000122070312,0.0
00-0038542,2025,1,RB,Bijan Robinson,ATL,xgb,16.916000366210938,10.005000114440918,24.233999252319336,24.4
00-0038551,2025,1,RB,Kendre Miller,NO,xgb,5.041999816894531,0.0,12.359999656677246,2.4000000000000004
00-0038555,2025,1,RB,Tank Bigsby,JAX,xgb,9.657999992370605,2.746999979019165,16.97599983215332,1.2000000000000002
00-0038597,2025,1,RB,Chase Brown,CIN,xgb,14.45199966430664,7.540999889373779,21.770000457763672,13.100000000000001
00-0038685,2025,1,RB,Chris Brooks,GB,xgb,4.214000225067139,0.0,11.531999588012695,1.3
00-0038705,2025,1,RB,Emari Demercado,ARI,xgb,4.210999965667725,0.0,11.529000282287598,0.0
00-0038797,2025,1,RB,Emanuel Wilson,GB,xgb,6.6529998779296875,0.0,13.972000122070312,0.4
00-0038951,2025,1,RB,Sean Tucker,TB,xgb,4.586999893188477,0.0,11.904999732971191,0.2
00-0039040,2025,1,RB,De'Von Achane,MIA,xgb,10.699999809265137,3.7890000343322754,18.01799964904785,16.5
00-0039139,2025,1,RB,Jahmyr Gibbs,DET,xgb,18.077999114990234,11.168000221252441,25.39699935913086,15.0
00-0039165,2025,1,RB,Zach Charbonnet,SEA,xgb,13.116000175476074,6.205999851226807,20.434999465942383,10.7
00-0039299,2025,1,RB,George Holani,SEA,xgb,1.4270000457763672,0.0,8.744999885559082,0.0
00-0039361,2025,1,RB,Bucky Irving,TB,xgb,18.68400001525879,11.77299976348877,26.00200080871582,14.5
00-0039363,2025,1,RB,Isaac Guerendo,SF,xgb,8.331999778747559,1.4210000038146973,15.649999618530273,0.0
00-0039384,2025,1,RB,Tyrone Tracy Jr.,NYG,xgb,10.335000038146973,3.4240000247955322,17.652999877929688,5.5
00-0039407,2025,1,RB,Dylan Laube,LV,xgb,1.152999997138977,0.0,8.472000122070312,0.0
00-0039738,2025,1,RB,Blake Corum,LA,xgb,4.2220001220703125,0.0,11.539999961853027,2.6
00-0039746,2025,1,RB,Will Shipley,PHI,xgb,7.730999946594238,0.8199999928474426,15.048999786376953,2.6
00-0039794,2025,1,RB,Braelon Allen,NYJ,xgb,6.070000171661377,0.0,13.387999534606934,6.9
00-0039796,2025,1,RB,Rasheen Ali,BAL,xgb,4.914999961853027,0.0,12.232999801635742,0.5
00-0039798,2025,1,RB,Isaiah Davis,NYJ,xgb,5.340000152587891,0.0,12.657999992370605,1.8
00-0039875,2025,1,RB,Ray Davis,BUF,xgb,6.494999885559082,0.0,13.812999725341797,1.1
00-0039921,2025,1,RB,Trey Benson,ARI,xgb,4.6529998779296875,0.0,11.970999717712402,8.5
00-0032764,2025,2,RB,Derrick Henry,BAL,xgb,20.631999969482422,13.720999717712402,27.950000762939453,2.3000000000000003
00-0033280,2025,2,RB,Christian McCaffrey,SF,xgb,10.67199993133545,3.760999917984009,17.989999771118164,22.700000000000003
00-0033293,2025,2,RB,Aaron Jones,MIN,xgb,11.378000259399414,4.4670000076293945,18.695999145507812,2.3000000000000003
00-0033526,2025,2,RB,Samaje Perine,CIN,xgb,2.7990000247955322,0.0,10.116999626159668,0.0
00-0033553,2025,2,RB,James Conner,ARI,xgb,13.447999954223633,6.5370001792907715,20.766000747680664,12.2
00-0033699,2025,2,RB,Austin Ekeler,WAS,xgb,8.21399974822998,1.3029999732971191,15.531999588012695,4.4
00-0033854,2025,2,RB,Dare Ogunbowale,HOU,xgb,4.0329999923706055,0.0,11.35099983215332,0.0
00-0033906,2025,2,RB,Alvin Kamara,NO,xgb,9.105999946594238,2.194999933242798,16.423999786376953,16.0
00-0033923,2025,2,RB,Kareem Hunt,KC,xgb,6.960000038146973,0.04899999871850014,14.277999877929688,4.4
00-0034791,2025,2,RB,Nick Chubb,HOU,xgb,10.855999946594238,3.944999933242798,18.173999786376953,15.2
00-0034844,2025,2,RB,Saquon Barkley,PHI,xgb,17.860000610351562,10.949000358581543,25.17799949645996,17.4
00-0034975,2025,2,RB,Justice Hill,BAL,xgb,7.8520002365112305,0.9409999847412109,15.170000076293945,5.5
00-0035243,2025,2,RB,Miles Sanders,DAL,xgb,9.803000450134277,2.8919999599456787,17.121000289916992,9.9
00-0035250,2025,2,RB,Devin Singletary,NYG,xgb,3.3350000381469727,0.0,10.652999877929688,1.0
00-0035261,2025,2,RB,Tony Pollard,TEN,xgb,13.79800033569336,6.888000011444092,21.117000579833984,9.200000000000001
00-0035537,2025,2,RB,Ty Johnson,BUF,xgb,5.129000186920166,0.0,12.446999549865723,0.6000000000000001
00-0035567,2025,2,RB,Craig Reynolds,DET,xgb,2.802999973297119,0.0,10.121999740600586,0.4
00-0035685,2025,2,RB,David Montgomery,DET,xgb,13.89799976348877,6.986999988555908,21.215999603271484,13.100000000000001
00-0035700,2025,2,RB,Josh Jacobs,GB,xgb,15.458999633789062,8.54800033569336,22.777000427246094,14.4
00-0035726,2025,2,RB,Jakob Johnson,HOU,xgb,0.9539999961853027,0.0,8.27299976348877,0.0
00-0036139,2025,2,RB,Rico Dowdle,CAR,xgb,7.372000217437744,0.460999995470047,14.6899995803833,2.9000000000000004
00-0036158,2025,2,RB,J.K. Dobbins,DEN,xgb,15.428999900817871,8.517999649047852,22.746999740600586,15.5
00-0036187,2025,2,RB,Reggie Gilliam,BUF,xgb,2.2739999294281006,0.0,9.592000007629395,0.0
00-0036223,2025,2,RB,Jonathan Taylor,IND,xgb,22.17099952697754,15.260000228881836,29.48900032043457,29.5
00-0036265,2025,2,RB,AJ Dillon,PHI,xgb,4.934999942779541,0.0,12.253000259399414,1.9000000000000001
00-0036275,2025,2,RB,D'Andre Swift,CHI,xgb,13.338000297546387,6.427999973297119,20.656999588012695,13.9
00-0036328,2025,2,RB,Antonio Gibson,NE,xgb,3.941999912261963,0.0,11.260000228881836,9.8
00-0036555,2025,2,RB,Chuba Hubbard,CAR,xgb,16.235000610351562,9.324000358581543,23.554000854492188,18.7
00-0036875,2025,2,RB,Rhamondre Stevenson,NE,xgb,7.7230000495910645,0.8119999766349792,15.041000366210938,21.200000000000003
00-0036893,2025,2,RB,Najee Harris,LAC,xgb,5.749000072479248,0.0,13.067000389099121,6.800000000000001
00-0036919,2025,2,RB,Kenny Gainwell,PIT,xgb,8.00100040435791,1.090000033378601,15.319000244140625,6.6
00-0036973,2025,2,RB,Travis Etienne,JAX,xgb,14.607000350952148,7.696000099182129,21.924999237060547,16.9
00-0036997,2025,2,RB,Javonte Williams,DAL,xgb,17.43600082397461,10.524999618530273,24.753999710083008,25.0
00-0037085,2025,2,RB,Tyler Badie,DEN,xgb,4.705999851226807,0.0,12.024999618530273,4.2
00-0037157,2025,2,RB,Bam Knight,ARI,xgb,2.6480000019073486,0.0,9.965999603271484,0.0
00-0037197,2025,2,RB,Isiah Pacheco,KC,xgb,6.2789998054504395,0.0,13.597000122070312,3.9000000000000004
00-0037228,2025,2,RB,Jaylen Warren,PIT,xgb,10.803999900817871,3.8929998874664307,18.121999740600586,17.4
00-0037248,2025,2,RB,James Cook,BUF,xgb,14.340999603271484,7.429999828338623,21.659000396728516,26.5
00-0037256,2025,2,RB,Rachaad White,TB,xgb,7.534999847412109,0.6240000128746033,14.852999687194824,14.600000000000001
00-0037263,2025,2,RB,Tyler Allgeier,ATL,xgb,7.64900016784668,0.7379999756813049,14.967000007629395,15.0
00-0037267,2025,2,RB,Jerome Ford,CLE,xgb,6.697999954223633,0.0,14.015999794006348,10.4
00-0037525,2025,2,RB,Jordan Mason,MIN,xgb,11.517000198364258,4.605999946594238,18.834999084472656,5.800000000000001
00-0037617,2025,2,RB,Hassan Haskins,LAC,xgb,2.325000047683716,0.0,9.642999649047852,0.0
00-0037746,2025,2,RB,Brian Robinson,SF,xgb,7.611000061035156,0.699999988079071,14.928999900817871,2.9000000000000004
00-0037840,2025,2,RB,Kyren Williams,LA,xgb,11.340999603271484,4.431000232696533,18.65999984741211,10.0
00-0038040,2025,2,RB,Zamir White,LV,xgb,3.5190000534057617,0.0,10.836999893188477,3.3
00-0038120,2025,2,RB,Breece Hall,NYJ,xgb,16.299999237060547,9.388999938964844,23.618000030517578,5.800000000000001
00-0038134,2025,2,RB,Kenneth Walker III,SEA,xgb,13.590999603271484,6.679999828338623,20.909000396728516,18.8
00-0038488,2025,2,RB,Brady Russell,SEA,xgb,0.9539999961853027,0.0,8.27299976348877,0.0
00-0038542,2025,2,RB,Bijan Robinson,ATL,xgb,18.006000518798828,11.095000267028809,25.323999404907227,19.8
00-0038551,2025,2,RB,Kendre Miller,NO,xgb,4.883999824523926,0.0,12.20300006866455,2.0
00-0038597,2025,2,RB,Chase Brown,CIN,xgb,14.520999908447266,7.611000061035156,21.84000015258789,8.5
00-0038678,2025,2,RB,Jordan Mims,TEN,xgb,2.4600000381469727,0.0,9.779000282287598,0.0
00-0038685,2025,2,RB,Chris Brooks,GB,xgb,5.618000030517578,0.0,12.935999870300293,5.7
00-0038738,2025,2,RB,Hunter Luepke,DAL,xgb,2.7869999408721924,0.0,10.104999542236328,0.0
00-0038797,2025,2,RB,Emanuel Wilson,GB,xgb,2.736999988555908,0.0,10.055000305175781,0.0
00-0038896,2025,2,RB,Jacob Saylors,DET,xgb,0.9539999961853027,0.0,8.27299976348877,0.0
00-0038951,2025,2,RB,Sean Tucker,TB,xgb,3.328000068664551,0.0,10.645999908447266,0.0
00-0039021,2025,2,RB,Roschon Johnson,CHI,xgb,3.0139999389648438,0.0,10.331999778747559,0.0
00-0039040,2025,2,RB,De'Von Achane,MIA,xgb,10.781999588012695,3.871000051498413,18.100000381469727,26.200000000000003
00-0039139,2025,2,RB,Jahmyr Gibbs,DET,xgb,18.55500030517578,11.644000053405762,25.87299919128418,19.4
00-0039165,2025,2,RB,Zach Charbonnet,SEA,xgb,6.816999912261963,0.0,14.135000228881836,1.0
00-0039299,2025,2,RB,George Holani,SEA,xgb,1.5880000591278076,0.0,8.906000137329102,6.0
00-0039361,2025,2,RB,Bucky Irving,TB,xgb,12.069999694824219,5.158999919891357,19.38800048828125,18.1
00-0039363,2025,2,RB,Isaac Guerendo,SF,xgb,5.874000072479248,0.0,13.192000389099121,0.0
00-0039384,2025,2,RB,Tyrone Tracy Jr.,NYG,xgb,11.569999694824219,4.658999919891357,18.88800048828125,9.100000000000001
00-0039407,2025,2,RB,Dylan Laube,LV,xgb,0.9539999961853027,0.0,8.27299976348877,3.7
00-0039738,2025,2,RB,Blake Corum,LA,xgb,4.761000156402588,0.0,12.079000473022461,10.4
00-0039794,2025,2,RB,Braelon Allen,NYJ,xgb,4.50600004196167,0.0,11.824000358581543,1.1
00-0039796,2025,2,RB,Rasheen Ali,BAL,xgb,2.694999933242798,0.0,10.012999534606934,0.0
00-0039798,2025,2,RB,Isaiah Davis,NYJ,xgb,3.73799991607666,0.0,11.057000160217285,1.6
00-0039875,2025,2,RB,Ray Davis,BUF,xgb,7.828999996185303,0.9179999828338623,15.147000312805176,2.4000000000000004
00-0039921,2025,2,RB,Trey Benson,ARI,xgb,11.484000205993652,4.572999954223633,18.802000045776367,8.4
00-0040078,2025,2,RB,Brashard Smith,KC,xgb,0.9539999961853027,0.0,8.27299976348877,0.2
00-0040122,2025,2,RB,Ashton Jeanty,LV,xgb,14.057000160217285,7.145999908447266,21.375,7.4
00-0040142,2025,2,RB,Kaleb Johnson,PIT,xgb,3.694999933242798,0.0,11.013999938964844,0.1
00-0040162,2025,2,RB,Dylan Sampson,CLE,xgb,14.755000114440918,7.843999862670898,22.072999954223633,10.9
00-0040179,2025,2,RB,DJ Giddens,IND,xgb,7.7820000648498535,0.8709999918937683,15.100000381469727,0.0
00-0040198,2025,2,RB,Ollie Gordon II,MIA,xgb,3.0329999923706055,0.0,10.35200023651123,2.3
00-0040208,2025,2,RB,Tahj Brooks,CIN,xgb,0.9539999961853027,0.0,8.27299976348877,0.0
00-0040236,2025,2,RB,Kyle Monangai,CHI,xgb,2.0139999389648438,0.0,9.331999778747559,4.6
00-0040238,2025,2,RB,LeQuint Allen Jr.,JAX,xgb,3.5199999809265137,0.0,10.838000297546387,1.3
00-0040242,2025,2,RB,Jacory Croskey-Merritt,WAS,xgb,6.918000221252441,0.007000000216066837,14.236000061035156,1.7000000000000002
00-0040583,2025,2,RB,Woody Marks,HOU,xgb,3.124000072479248,0.0,10.442999839782715,6.1000000000000005
00-0040644,2025,2,RB,Trevor Etienne,CAR,xgb,2.9690001010894775,0.0,10.286999702453613,1.2
00-0040666,2025,2,RB,Omarion Hampton,LAC,xgb,15.807000160217285,8.895999908447266,23.125,3.5
00-0040715,2025,2,RB,Cam Skattebo,NYG,xgb,4.230999946594238,0.0,11.550000190734863,13.9
00-0040719,2025,2,RB,Bhayshul Tuten,JAX,xgb,3.0759999752044678,0.0,10.395000457763672,15.4
00-0040730,2025,2,RB,RJ Harvey,DEN,xgb,8.977999687194824,2.066999912261963,16.29599952697754,3.4000000000000004
00-0040734,2025,2,RB,TreVeyon Henderson,NE,xgb,17.753999710083008,10.843000411987305,25.07200050354004,6.0
00-0032764,2025,3,RB,Derrick Henry,BAL,xgb,20.423999786376953,13.512999534606934,27.742000579833984,10.7
00-0033280,2025,3,RB,Christian McCaffrey,SF,xgb,15.770000457763672,8.859000205993652,23.08799934387207,24.0
00-0033526,2025,3,RB,Samaje Perine,CIN,xgb,2.1389999389648438,0.0,9.456999778747559,0.10000000000000009
00-0033553,2025,3,RB,James Conner,ARI,xgb,11.571999549865723,4.660999774932861,18.889999389648438,6.7
00-0033854,2025,3,RB,Dare Ogunbowale,HOU,xgb,2.7139999866485596,0.0,10.031999588012695,0.0
00-0033906,2025,3,RB,Alvin Kamara,NO,xgb,19.90399932861328,12.993000030517578,27.222000122070312,6.6000000000000005
00-0033923,2025,3,RB,Kareem Hunt,KC,xgb,5.10099983215332,0.0,12.418999671936035,11.4
00-0033955,2025,3,RB,Jeremy McNichols,WAS,xgb,3.931999921798706,0.0,11.25,13.8
00-0034791,2025,3,RB,Nick Chubb,HOU,xgb,16.84600067138672,9.9350004196167,24.165000915527344,7.0
00-0034844,2025,3,RB,Saquon Barkley,PHI,xgb,17.827999114990234,10.916999816894531,25.145999908447266,9.5
00-0034975,2025,3,RB,Justice Hill,BAL,xgb,6.96999979019165,0.05900000035762787,14.288000106811523,7.5
00-0035243,2025,3,RB,Miles Sanders,DAL,xgb,8.572999954223633,1.6619999408721924,15.892000198364258,8.3
00-0035250,2025,3,RB,Devin Singletary,NYG,xgb,4.232999801635742,0.0,11.550999641418457,1.1
00-0035261,2025,3,RB,Tony Pollard,TEN,xgb,8.652000427246094,1.7410000562667847,15.970000267028809,13.9
00-0035537,2025,3,RB,Ty Johnson,BUF,xgb,3.7660000324249268,0.0,11.083999633789062,3.1
00-0035685,2025,3,RB,David Montgomery,DET,xgb,11.010000228881836,4.098999977111816,18.327999114990234,29.400000000000002
00-0035700,2025,3,RB,Josh Jacobs,GB,xgb,13.85200023651123,6.941999912261963,21.17099952697754,12.4
00-0035726,2025,3,RB,Jakob Johnson,HOU,xgb,0.9539999961853027,0.0,8.27299976348877,0.0
00-0036139,2025,3,RB,Rico Dowdle,CAR,xgb,10.859000205993652,3.947999954223633,18.177000045776367,10.8
00-0036158,2025,3,RB,J.K. Dobbins,DEN,xgb,13.355999946594238,6.445000171661377,20.673999786376953,15.3
00-0036223,2025,3,RB,Jonathan Taylor,IND,xgb,17.65399932861328,10.743000030517578,24.972000122070312,32.8
00-0036275,2025,3,RB,D'Andre Swift,CHI,xgb,11.395999908447266,4.485000133514404,18.714000701904297,10.8
00-0036328,2025,3,RB,Antonio Gibson,NE,xgb,5.294000148773193,0.0,12.612000465393066,0.8000000000000003
00-0036414,2025,3,RB,Cam Akers,MIN,xgb,3.880000114440918,0.0,11.197999954223633,1.9000000000000001
00-0036555,2025,3,RB,Chuba Hubbard,CAR,xgb,19.764999389648438,12.854000091552734,27.08300018310547,9.600000000000001
00-0036875,2025,3,RB,Rhamondre Stevenson,NE,xgb,10.706999778747559,3.7960000038146973,18.024999618530273,4.6000000000000005
00-0036893,2025,3,RB,Najee Harris,LAC,xgb,7.251999855041504,0.3409999907016754,14.569999694824219,2.8000000000000003
00-0036919,2025,3,RB,Kenny Gainwell,PIT,xgb,8.914999961853027,2.003999948501587,16.232999801635742,9.6
00-0036973,2025,3,RB,Travis Etienne,JAX,xgb,13.407999992370605,6.497000217437744,20.726999282836914,11.600000000000001
00-0036997,2025,3,RB,Javonte Williams,DAL,xgb,16.275999069213867,9.364999771118164,23.5939998626709,12.200000000000001
00-0037085,2025,3,RB,Tyler Badie,DEN,xgb,4.789000034332275,0.0,12.107000350952148,0.0
00-0037120,2025,3,RB,Tyler Goodson,IND,xgb,2.0999999046325684,0.0,9.418000221252441,0.6000000000000001
00-0037197,2025,3,RB,Isiah Pacheco,KC,xgb,6.611000061035156,0.0,13.928999900817871,5.800000000000001
00-0037228,2025,3,RB,Jaylen Warren,PIT,xgb,13.5649995803833,6.6539998054504395,20.882999420166016,13.1
00-0037248,2025,3,RB,James Cook,BUF,xgb,18.086000442504883,11.175000190734863,25.40399932861328,20.8
00-0037256,2025,3,RB,Rachaad White,TB,xgb,10.814000129699707,3.9030001163482666,18.131999969482422,2.4000000000000004
00-0037263,2025,3,RB,Tyler Allgeier,ATL,xgb,13.074999809265137,6.164000034332275,20.39299964904785,1.4
00-0037267,2025,3,RB,Jerome Ford,CLE,xgb,10.779000282287598,3.868000030517578,18.097000122070312,5.0
00-0037525,2025,3,RB,Jordan Mason,MIN,xgb,10.348999977111816,3.437999963760376,17.66699981689453,23.6
00-0037594,2025,3,RB,Julius Chestnut,TEN,xgb,3.36899995803833,0.0,10.687000274658203,2.6
00-0037617,2025,3,RB,Hassan Haskins,LAC,xgb,4.002999782562256,0.0,11.321000099182129,0.0
00-0037746,2025,3,RB,Brian Robinson,SF,xgb,6.572000026702881,0.0,13.890000343322754,2.2
00-0037840,2025,3,RB,Kyren Williams,LA,xgb,14.458000183105469,7.546999931335449,21.775999069213867,19.200000000000003
00-0038040,2025,3,RB,Zamir White,LV,xgb,4.954999923706055,0.0,12.27299976348877,3.3000000000000003
00-0038120,2025,3,RB,Breece Hall,NYJ,xgb,14.071999549865723,7.160999774932861,21.389999389648438,9.2
00-0038134,2025,3,RB,Kenneth Walker III,SEA,xgb,12.553000450134277,5.642000198364258,19.871000289916992,18.0
00-0038488,2025,3,RB,Brady Russell,SEA,xgb,0.9539999961853027,0.0,8.27299976348877,0.0
00-0038542,2025,3,RB,Bijan Robinson,ATL,xgb,20.054000854492188,13.142999649047852,27.371999740600586,16.1
00-0038551,2025,3,RB,Kendre Miller,NO,xgb,4.639999866485596,0.0,11.958000183105469,5.6
00-0038555,2025,3,RB,Tank Bigsby,PHI,xgb,5.567999839782715,0.0,12.88599967956543,0.0
00-0038597,2025,3,RB,Chase Brown,CIN,xgb,17.172000885009766,10.26099967956543,24.489999771118164,6.0
00-0038611,2025,3,RB,Chris Rodriguez Jr.,WAS,xgb,3.934000015258789,0.0,11.251999855041504,3.9000000000000004
00-0038685,2025,3,RB,Chris Brooks,GB,xgb,4.324999809265137,0.0,11.644000053405762,0.0
00-0038705,2025,3,RB,Emari Demercado,ARI,xgb,2.5179998874664307,0.0,9.836999893188477,0.0
00-0038797,2025,3,RB,Emanuel Wilson,GB,xgb,2.2829999923706055,0.0,9.60099983215332,2.5
00-0038896,2025,3,RB,Jacob Saylors,DET,xgb,0.9539999961853027,0.0,8.27299976348877,0.0
00-0038951,2025,3,RB,Sean Tucker,TB,xgb,1.8730000257492065,0.0,9.192000389099121,0.0
00-0039021,2025,3,RB,Roschon Johnson,CHI,xgb,2.2679998874664307,0.0,9.586000442504883,0.0
00-0039040,2025,3,RB,De'Von Achane,MIA,xgb,13.46500015258789,6.553999900817871,20.783000946044922,16.1
00-0039139,2025,3,RB,Jahmyr Gibbs,DET,xgb,14.307000160217285,7.395999908447266,21.625,26.9
00-0039299,2025,3,RB,George Holani,SEA,xgb,1.0010000467300415,0.0,8.319000244140625,4.2
00-0039361,2025,3,RB,Bucky Irving,TB,xgb,18.236000061035156,11.324999809265137,25.554000854492188,13.9
00-0039363,2025,3,RB,Isaac Guerendo,SF,xgb,3.121999979019165,0.0,10.4399995803833,0.0
00-0039364,2025,3,RB,Sione Vaki,DET,xgb,1.9520000219345093,0.0,9.270000457763672,0.0
00-0039384,2025,3,RB,Tyrone Tracy Jr.,NYG,xgb,11.758000373840332,4.8470001220703125,19.076000213623047,5.6
00-0039407,2025,3,RB,Dylan Laube,LV,xgb,2.188999891281128,0.0,9.506999969482422,0.2
00-0039738,2025,3,RB,Blake Corum,LA,xgb,3.690999984741211,0.0,11.008999824523926,5.300000000000001
00-0039794,2025,3,RB,Braelon Allen,NYJ,xgb,4.447000026702881,0.0,11.765000343322754,6.7
00-0039796,2025,3,RB,Rasheen Ali,BAL,xgb,1.0989999771118164,0.0,8.416999816894531,0.0
00-0039798,2025,3,RB,Isaiah Davis,NYJ,xgb,3.319000005722046,0.0,10.637999534606934,0.0
00-0039875,2025,3,RB,Ray Davis,BUF,xgb,4.190000057220459,0.0,11.508000373840332,0.0
00-0039921,2025,3,RB,Trey Benson,ARI,xgb,6.834000110626221,0.0,14.152000427246094,8.100000000000001
00-0040078,2025,3,RB,Brashard Smith,KC,xgb,1.906999945640564,0.0,9.225000381469727,1.3
00-0040122,2025,3,RB,Ashton Jeanty,LV,xgb,14.817999839782715,7.9070000648498535,22.13599967956543,6.300000000000001
00-0040162,2025,3,RB,Dylan Sampson,CLE,xgb,12.043000221252441,5.131999969482422,19.361000061035156,0.2
00-0040179,2025,3,RB,DJ Giddens,IND,xgb,4.974999904632568,0.0,12.293000221252441,0.30000000000000004
00-0040198,2025,3,RB,Ollie Gordon II,MIA,xgb,4.159999847412109,0.0,11.477999687194824,9.8
00-0040208,2025,3,RB,Tahj Brooks,CIN,xgb,0.9539999961853027,0.0,8.27299976348877,1.7000000000000002
00-0040236,2025,3,RB,Kyle Monangai,CHI,xgb,5.578999996185303,0.0,12.897000312805176,3.0
00-0040238,2025,3,RB,LeQuint Allen Jr.,JAX,xgb,2.628000020980835,0.0,9.946000099182129,1.9
00-0040242,2025,3,RB,Jacory Croskey-Merritt,WAS,xgb,4.7820000648498535,0.0,12.100000381469727,10.1
00-0040583,2025,3,RB,Woody Marks,HOU,xgb,5.9079999923706055,0.0,13.22599983215332,4.6
00-0040644,2025,3,RB,Trevor Etienne,CAR,xgb,1.8020000457763672,0.0,9.119999885559082,0.0
00-0040666,2025,3,RB,Omarion Hampton,LAC,xgb,8.946999549865723,2.0360000133514404,16.264999389648438,24.9
00-0040715,2025,3,RB,Cam Skattebo,NYG,xgb,6.2829999923706055,0.0,13.60200023651123,24.1
00-0040719,2025,3,RB,Bhayshul Tuten,JAX,xgb,12.574999809265137,5.664000034332275,19.89299964904785,8.1
00-0040730,2025,3,RB,RJ Harvey,DEN,xgb,7.4629998207092285,0.5519999861717224,14.781000137329102,4.6
00-0040734,2025,3,RB,TreVeyon Henderson,NE,xgb,9.970999717712402,3.059999942779541,17.288999557495117,7.7
00-0040784,2025,3,RB,Quinshon Judkins,CLE,xgb,11.234000205993652,4.322999954223633,18.552000045776367,16.5
00-0031687,2025,4,RB,Raheem Mostert,LV,xgb,2.867000102996826,0.0,10.1850004196167,8.3
00-0032764,2025,4,RB,Derrick Henry,BAL,xgb,14.222999572753906,7.311999797821045,21.541000366210938,7.800000000000001
00-0033280,2025,4,RB,Christian McCaffrey,SF,xgb,17.849000930786133,10.937999725341797,25.16699981689453,26.1
00-0033526,2025,4,RB,Samaje Perine,CIN,xgb,3.4700000286102295,0.0,10.788999557495117,0.4
00-0033906,2025,4,RB,Alvin Kamara,NO,xgb,14.795999526977539,7.885000228881836,22.11400032043457,11.2
00-0033923,2025,4,RB,Kareem Hunt,KC,xgb,7.710000038146973,0.7990000247955322,15.027999877929688,5.7
00-0033955,2025,4,RB,Jeremy McNichols,WAS,xgb,5.3480000495910645,0.0,12.666999816894531,1.3
00-0034791,2025,4,RB,Nick Chubb,HOU,xgb,10.5600004196167,3.6489999294281006,17.878999710083008,8.2
00-0034844,2025,4,RB,Saquon Barkley,PHI,xgb,14.598999977111816,7.689000129699707,21.917999267578125,17.4
00-0034975,2025,4,RB,Justice Hill,BAL,xgb,4.834000110626221,0.0,12.152000427246094,28.700000000000003
00-0035243,2025,4,RB,Miles Sanders,DAL,xgb,9.861000061035156,2.950000047683716,17.179000854492188,4.5
00-0035250,2025,4,RB,Devin Singletary,NYG,xgb,3.3429999351501465,0.0,10.66100025177002,2.8000000000000003
00-0035261,2025,4,RB,Tony Pollard,TEN,xgb,13.588000297546387,6.677000045776367,20.9060001373291,10.600000000000001
00-0035537,2025,4,RB,Ty Johnson,BUF,xgb,3.322999954223633,0.0,10.640999794006348,0.0
00-0035567,2025,4,RB,Craig Reynolds,DET,xgb,3.3570001125335693,0.0,10.675000190734863,0.0
00-0035685,2025,4,RB,David Montgomery,DET,xgb,9.406000137329102,2.494999885559082,16.724000930786133,1.2000000000000002
00-0035700,2025,4,RB,Josh Jacobs,GB,xgb,17.777000427246094,10.866000175476074,25.094999313354492,31.700000000000003
00-0036139,2025,4,RB,Rico Dowdle,CAR,xgb,10.302000045776367,3.3910000324249268,17.6200008392334,4.0
00-0036158,2025,4,RB,J.K. Dobbins,DEN,xgb,11.932000160217285,5.020999908447266,19.25,11.5
00-0036223,2025,4,RB,Jonathan Taylor,IND,xgb,18.424999237060547,11.513999938964844,25.743000030517578,14.600000000000001
00-0036265,2025,4,RB,AJ Dillon,PHI,xgb,3.7780001163482666,0.0,11.095999717712402,1.7000000000000002
00-0036275,2025,4,RB,D'Andre Swift,CHI,xgb,14.718000411987305,7.807000160217285,22.035999298095703,16.0
00-0036328,2025,4,RB,Antonio Gibson,NE,xgb,3.8310000896453857,0.0,11.14900016784668,8.7
00-0036555,2025,4,RB,Chuba Hubbard,CAR,xgb,14.204999923706055,7.294000148773193,21.523000717163086,9.9
00-0036875,2025,4,RB,Rhamondre Stevenson,NE,xgb,10.479000091552734,3.568000078201294,17.797000885009766,5.1000000000000005
00-0036919,2025,4,RB,Kenny Gainwell,PIT,xgb,8.248000144958496,1.3370000123977661,15.567000389099121,31.4
00-0036924,2025,4,RB,Michael Carter,ARI,xgb,8.305999755859375,1.3949999809265137,15.62399959564209,0.1
00-0036973,2025,4,RB,Travis Etienne,JAX,xgb,12.63599967956543,5.724999904632568,19.95400047302246,19.5
00-0036984,2025,4,RB,Trey Sermon,PIT,xgb,2.48799991607666,0.0,9.805999755859375,0.0
00-0036997,2025,4,RB,Javonte Williams,DAL,xgb,15.564000129699707,8.652999877929688,22.881999969482422,19.0
00-0037085,2025,4,RB,Tyler Badie,DEN,xgb,3.8559999465942383,0.0,11.173999786376953,2.1
00-0037120,2025,4,RB,Tyler Goodson,IND,xgb,3.007999897003174,0.0,10.326000213623047,1.0
00-0037157,2025,4,RB,Bam Knight,ARI,xgb,2.3389999866485596,0.0,9.656999588012695,0.0
00-0037197,2025,4,RB,Isiah Pacheco,KC,xgb,6.539000034332275,0.0,13.857000350952148,12.8
00-0037248,2025,4,RB,James Cook,BUF,xgb,16.124000549316406,9.213000297546387,23.441999435424805,22.5
00-0037256,2025,4,RB,Rachaad White,TB,xgb,8.949000358581543,2.0380001068115234,16.267000198364258,8.600000000000001
00-0037263,2025,4,RB,Tyler Allgeier,ATL,xgb,5.383999824523926,0.0,12.70199966430664,11.100000000000001
00-0037267,2025,4,RB,Jerome Ford,CLE,xgb,12.524999618530273,5.613999843597412,19.843000411987305,1.3
00-0037525,2025,4,RB,Jordan Mason,MIN,xgb,9.156999588012695,2.246000051498413,16.475000381469727,10.2
00-0037594,2025,4,RB,Julius Chestnut,TEN,xgb,2.6449999809265137,0.0,9.963000297546387,0.0
00-0037617,2025,4,RB,Hassan Haskins,LAC,xgb,2.194000005722046,0.0,9.512999534606934,0.0
00-0037746,2025,4,RB,Brian Robinson,SF,xgb,5.111999988555908,0.0,12.430000305175781,2.1
00-0037840,2025,4,RB,Kyren Williams,LA,xgb,11.944000244140625,5.0329999923706055,19.261999130249023,10.4
00-0038120,2025,4,RB,Breece Hall,NYJ,xgb,15.73799991607666,8.82699966430664,23.055999755859375,16.1
00-0038134,2025,4,RB,Kenneth Walker III,SEA,xgb,13.093000411987305,6.182000160217285,20.410999298095703,12.0
00-0038440,2025,4,RB,Zavier Scott,MIN,xgb,9.07699966430664,2.1659998893737793,16.395000457763672,16.4
00-0038542,2025,4,RB,Bijan Robinson,ATL,xgb,21.125,14.21399974822998,28.44300079345703,28.1
00-0038551,2025,4,RB,Kendre Miller,NO,xgb,5.520999908447266,0.0,12.83899974822998,12.5
00-0038555,2025,4,RB,Tank Bigsby,PHI,xgb,1.9869999885559082,0.0,9.305000305175781,0.0
00-0038597,2025,4,RB,Chase Brown,CIN,xgb,12.699000358581543,5.788000106811523,20.017000198364258,10.100000000000001
00-0038611,2025,4,RB,Chris Rodriguez Jr.,WAS,xgb,4.61299991607666,0.0,11.930999755859375,5.9
00-0038685,2025,4,RB,Chris Brooks,GB,xgb,3.0840001106262207,0.0,10.402999877929688,1.1
00-0038705,2025,4,RB,Emari Demercado,ARI,xgb,3.315000057220459,0.0,10.633000373840332,10.1
00-0038738,2025,4,RB,Hunter Luepke,DAL,xgb,2.7339999675750732,0.0,10.052000045776367,0.6000000000000001
00-0038797,2025,4,RB,Emanuel Wilson,GB,xgb,3.243000030517578,0.0,10.560999870300293,11.1
00-0038896,2025,4,RB,Jacob Saylors,DET,xgb,0.9300000071525574,0.0,8.248000144958496,1.1
00-0038951,2025,4,RB,Sean Tucker,TB,xgb,1.7879999876022339,0.0,9.105999946594238,0.0
00-0039021,2025,4,RB,Roschon Johnson,CHI,xgb,2.0480000972747803,0.0,9.366999626159668,0.0
00-0039040,2025,4,RB,De'Von Achane,MIA,xgb,20.083999633789062,13.17300033569336,27.402000427246094,17.1
00-0039139,2025,4,RB,Jahmyr Gibbs,DET,xgb,20.951000213623047,14.039999961853027,28.268999099731445,17.700000000000003
00-0039165,2025,4,RB,Zach Charbonnet,SEA,xgb,9.383000373840332,2.4719998836517334,16.701000213623047,12.4
00-0039299,2025,4,RB,George Holani,SEA,xgb,4.3470001220703125,0.0,11.666000366210938,0.0
00-0039361,2025,4,RB,Bucky Irving,TB,xgb,14.770000457763672,7.859000205993652,22.08799934387207,25.5
00-0039391,2025,4,RB,Kimani Vidal,LAC,xgb,3.9679999351501465,0.0,11.286999702453613,0.0
00-0039407,2025,4,RB,Dylan Laube,LV,xgb,3.306999921798706,0.0,10.625,0.0
00-0039738,2025,4,RB,Blake Corum,LA,xgb,5.335000038146973,0.0,12.652999877929688,3.6
00-0039746,2025,4,RB,Will Shipley,PHI,xgb,3.180000066757202,0.0,10.498000144958496,0.0
00-0039794,2025,4,RB,Braelon Allen,NYJ,xgb,5.742000102996826,0.0,13.0600004196167,0.6000000000000001
00-0039796,2025,4,RB,Rasheen Ali,BAL,xgb,0.8629999756813049,0.0,8.180999755859375,0.0
00-0039798,2025,4,RB,Isaiah Davis,NYJ,xgb,1.9170000553131104,0.0,9.234999656677246,4.7
00-0039875,2025,4,RB,Ray Davis,BUF,xgb,3.384999990463257,0.0,10.70300006866455,0.30000000000000004
00-0039921,2025,4,RB,Trey Benson,ARI,xgb,9.347000122070312,2.436000108718872,16.665000915527344,10.4
00-0040078,2025,4,RB,Brashard Smith,KC,xgb,3.1110000610351562,0.0,10.430000305175781,6.6
00-0040122,2025,4,RB,Ashton Jeanty,LV,xgb,11.734999656677246,4.824999809265137,19.054000854492188,33.5
00-0040142,2025,4,RB,Kaleb Johnson,PIT,xgb,5.388000011444092,0.0,12.706999778747559,2.2
00-0040162,2025,4,RB,Dylan Sampson,CLE,xgb,10.24899959564209,3.3389999866485596,17.56800079345703,-0.2
00-0040198,2025,4,RB,Ollie Gordon II,MIA,xgb,5.03000020980835,0.0,12.347999572753906,1.0
00-0040208,2025,4,RB,Tahj Brooks,CIN,xgb,2.9649999141693115,0.0,10.282999992370605,0.0
00-0040236,2025,4,RB,Kyle Monangai,CHI,xgb,5.77400016784668,0.0,13.092000007629395,1.8
00-0040238,2025,4,RB,LeQuint Allen Jr.,JAX,xgb,2.0969998836517334,0.0,9.414999961853027,1.7000000000000002
00-0040242,2025,4,RB,Jacory Croskey-Merritt,WAS,xgb,9.60099983215332,2.690000057220459,16.91900062561035,7.7
00-0040583,2025,4,RB,Woody Marks,HOU,xgb,6.880000114440918,0.0,14.199000358581543,27.9
00-0040644,2025,4,RB,Trevor Etienne,CAR,xgb,1.2640000581741333,0.0,8.581999778747559,3.3000000000000003
00-0040666,2025,4,RB,Omarion Hampton,LAC,xgb,11.684000015258789,4.77400016784668,19.003000259399414,27.5
00-0040715,2025,4,RB,Cam Skattebo,NYG,xgb,6.577000141143799,0.0,13.895000457763672,13.0
00-0040719,2025,4,RB,Bhayshul Tuten,JAX,xgb,5.74399995803833,0.0,13.062999725341797,3.2
00-0040730,2025,4,RB,RJ Harvey,DEN,xgb,5.375,0.0,12.692999839782715,19.8
00-0040734,2025,4,RB,TreVeyon Henderson,NE,xgb,10.154000282287598,3.243000030517578,17.472999572753906,12.600000000000001
00-0040784,2025,4,RB,Quinshon Judkins,CLE,xgb,12.758000373840332,5.8470001220703125,20.076000213623047,21.5
00-0031687,2025,5,RB,Raheem Mostert,LV,xgb,11.25,4.339000225067139,18.56800079345703,2.2
00-0032104,2025,5,RB,Ameer Abdullah,IND,xgb,10.383999824523926,3.4730000495910645,17.70199966430664,6.6
00-0032764,2025,5,RB,Derrick Henry,BAL,xgb,14.244000434875488,7.333000183105469,21.562000274658203,9.3
00-0033280,2025,5,RB,Christian McCaffrey,SF,xgb,14.331000328063965,7.420000076293945,21.64900016784668,27.9
00-0033526,2025,5,RB,Samaje Perine,CIN,xgb,4.245999813079834,0.0,11.564000129699707,4.9
00-0033854,2025,5,RB,Dare Ogunbowale,HOU,xgb,2.6449999809265137,0.0,9.963000297546387,0.0
00-0033906,2025,5,RB,Alvin Kamara,NO,xgb,15.20199966430664,8.291000366210938,22.520000457763672,9.5
00-0033923,2025,5,RB,Kareem Hunt,KC,xgb,10.727999687194824,3.816999912261963,18.04599952697754,18.7
00-0033955,2025,5,RB,Jeremy McNichols,WAS,xgb,4.831999778747559,0.0,12.151000022888184,2.8
00-0034791,2025,5,RB,Nick Chubb,HOU,xgb,12.692999839782715,5.7820000648498535,20.01099967956543,12.100000000000001
00-0034844,2025,5,RB,Saquon Barkley,PHI,xgb,13.725000381469727,6.814000129699707,21.042999267578125,17.8
00-0034975,2025,5,RB,Justice Hill,BAL,xgb,8.293999671936035,1.3830000162124634,15.612000465393066,2.2
00-0035250,2025,5,RB,Devin Singletary,NYG,xgb,3.562000036239624,0.0,10.880000114440918,3.4000000000000004
00-0035261,2025,5,RB,Tony Pollard,TEN,xgb,13.510000228881836,6.598999977111816,20.827999114990234,14.8
00-0035537,2025,5,RB,Ty Johnson,BUF,xgb,3.6670000553131104,0.0,10.984999656677246,1.0
00-0035567,2025,5,RB,Craig Reynolds,DET,xgb,2.2230000495910645,0.0,9.541000366210938,0.0
00-0035685,2025,5,RB,David Montgomery,DET,xgb,9.743000030517578,2.8320000171661377,17.062000274658203,18.22
00-0036139,2025,5,RB,Rico Dowdle,CAR,xgb,6.408999919891357,0.0,13.72700023651123,32.400000000000006
00-0036158,2025,5,RB,J.K. Dobbins,DEN,xgb,10.508000373840332,3.5969998836517334,17.82699966430664,15.4
00-0036187,2025,5,RB,Reggie Gilliam,BUF,xgb,1.2089999914169312,0.0,8.527000427246094,0.0
00-0036223,2025,5,RB,Jonathan Taylor,IND,xgb,17.499000549316406,10.588000297546387,24.816999435424805,31.6
00-0036265,2025,5,RB,AJ Dillon,PHI,xgb,3.5239999294281006,0.0,10.842000007629395,1.2000000000000002
00-0036328,2025,5,RB,Antonio Gibson,NE,xgb,6.165999889373779,0.0,13.484000205993652,3.6
00-0036414,2025,5,RB,Cam Akers,MIN,xgb,6.729000091552734,0.0,14.04699993133545,5.28
00-0036425,2025,5,RB,DeeJay Dallas,CAR,xgb,1.9420000314712524,0.0,9.260000228881836,0.0
00-0036875,2025,5,RB,Rhamondre Stevenson,NE,xgb,10.809000015258789,3.8980000019073486,18.12700080871582,14.7
00-0036906,2025,5,RB,Khalil Herbert,NYJ,xgb,5.177999973297119,0.0,12.496000289916992,0.0
00-0036924,2025,5,RB,Michael Carter,ARI,xgb,5.888000011444092,0.0,13.206000328063965,18.3
00-0036950,2025,5,RB,Avery Williams,NYJ,xgb,0.8820000290870667,0.0,8.199999809265137,0.0
00-0036973,2025,5,RB,Travis Etienne,JAX,xgb,14.944000244140625,8.032999992370605,22.261999130249023,8.8
00-0036997,2025,5,RB,Javonte Williams,DAL,xgb,18.03700065612793,11.12600040435791,25.354999542236328,26.9
00-0037085,2025,5,RB,Tyler Badie,DEN,xgb,2.6579999923706055,0.0,9.97599983215332,2.6
00-0037157,2025,5,RB,Bam Knight,ARI,xgb,1.3619999885559082,0.0,8.680000305175781,9.4
00-0037197,2025,5,RB,Isiah Pacheco,KC,xgb,12.647000312805176,5.736000061035156,19.96500015258789,8.600000000000001
00-0037248,2025,5,RB,James Cook,BUF,xgb,18.2450008392334,11.333999633789062,25.562999725341797,4.9
00-0037256,2025,5,RB,Rachaad White,TB,xgb,11.298999786376953,4.388000011444092,18.617000579833984,23.1
00-0037258,2025,5,RB,Dameon Pierce,HOU,xgb,6.318999767303467,0.0,13.63700008392334,2.1
00-0037267,2025,5,RB,Jerome Ford,CLE,xgb,6.74399995803833,0.0,14.062999725341797,5.800000000000001
00-0037525,2025,5,RB,Jordan Mason,MIN,xgb,15.463000297546387,8.552000045776367,22.7810001373291,12.600000000000001
00-0037594,2025,5,RB,Julius Chestnut,TEN,xgb,3.0260000228881836,0.0,10.345000267028809,0.30000000000000004
00-0037617,2025,5,RB,Hassan Haskins,LAC,xgb,2.696000099182129,0.0,10.013999938964844,2.5
00-0037746,2025,5,RB,Brian Robinson,SF,xgb,5.750999927520752,0.0,13.069000244140625,1.2000000000000002
00-0037840,2025,5,RB,Kyren Williams,LA,xgb,15.430999755859375,8.520000457763672,22.749000549316406,31.1
00-0038120,2025,5,RB,Breece Hall,NYJ,xgb,14.788000106811523,7.876999855041504,22.106000900268555,17.5
00-0038134,2025,5,RB,Kenneth Walker III,SEA,xgb,15.756999969482422,8.845999717712402,23.075000762939453,9.6
00-0038440,2025,5,RB,Zavier Scott,MIN,xgb,9.055999755859375,2.1449999809265137,16.374000549316406,-0.19999999999999996
00-0038454,2025,5,RB,Keaton Mitchell,BAL,xgb,2.9079999923706055,0.0,10.22599983215332,2.3
00-0038551,2025,5,RB,Kendre Miller,NO,xgb,7.554999828338623,0.6439999938011169,14.873000144958496,5.9
00-0038555,2025,5,RB,Tank Bigsby,PHI,xgb,3.500999927520752,0.0,10.819000244140625,0.0
00-0038597,2025,5,RB,Chase Brown,CIN,xgb,15.553000450134277,8.642000198364258,22.871000289916992,11.8
00-0038611,2025,5,RB,Chris Rodriguez Jr.,WAS,xgb,3.558000087738037,0.0,10.87600040435791,0.7000000000000001
00-0038705,2025,5,RB,Emari Demercado,ARI,xgb,4.9629998207092285,0.0,12.281000137329102,6.1
00-0038738,2025,5,RB,Hunter Luepke,DAL,xgb,2.796999931335449,0.0,10.116000175476074,2.0
00-0038896,2025,5,RB,Jacob Saylors,DET,xgb,2.888000011444092,0.0,10.206000328063965,0.0
00-0038951,2025,5,RB,Sean Tucker,TB,xgb,1.24399995803833,0.0,8.562000274658203,2.9
00-0039032,2025,5,RB,Tyjae Spears,TEN,xgb,8.020999908447266,1.1109999418258667,15.34000015258789,1.4000000000000001
00-0039040,2025,5,RB,De'Von Achane,MIA,xgb,20.572999954223633,13.661999702453613,27.891000747680664,16.6
00-0039139,2025,5,RB,Jahmyr Gibbs,DET,xgb,18.900999069213867,11.989999771118164,26.2189998626709,16.700000000000003
00-0039165,2025,5,RB,Zach Charbonnet,SEA,xgb,10.414999961853027,3.503999948501587,17.732999801635742,11.8
00-0039299,2025,5,RB,George Holani,SEA,xgb,2.759000062942505,0.0,10.07699966430664,0.0
00-0039363,2025,5,RB,Isaac Guerendo,SF,xgb,2.6659998893737793,0.0,9.984000205993652,0.0
00-0039391,2025,5,RB,Kimani Vidal,LAC,xgb,2.9030001163482666,0.0,10.222000122070312,2.9000000000000004
00-0039407,2025,5,RB,Dylan Laube,LV,xgb,2.049999952316284,0.0,9.368000030517578,0.0
00-0039603,2025,5,RB,British Brooks,HOU,xgb,1.8350000381469727,0.0,9.152999877929688,1.5
00-0039738,2025,5,RB,Blake Corum,LA,xgb,7.514999866485596,0.6039999723434448,14.833000183105469,1.3
00-0039746,2025,5,RB,Will Shipley,PHI,xgb,2.5869998931884766,0.0,9.906000137329102,1.4
00-0039796,2025,5,RB,Rasheen Ali,BAL,xgb,0.9750000238418579,0.0,8.293000221252441,0.0
00-0039798,2025,5,RB,Isaiah Davis,NYJ,xgb,4.208000183105469,0.0,11.527000427246094,6.300000000000001
00-0039875,2025,5,RB,Ray Davis,BUF,xgb,3.5239999294281006,0.0,10.842000007629395,0.1
00-0040078,2025,5,RB,Brashard Smith,KC,xgb,5.400000095367432,0.0,12.718000411987305,6.6
00-0040122,2025,5,RB,Ashton Jeanty,LV,xgb,12.850000381469727,5.939000129699707,20.167999267578125,15.9
00-0040162,2025,5,RB,Dylan Sampson,CLE,xgb,6.0329999923706055,0.0,13.35099983215332,1.2
00-0040179,2025,5,RB,DJ Giddens,IND,xgb,3.5339999198913574,0.0,10.85200023651123,2.2
00-0040198,2025,5,RB,Ollie Gordon II,MIA,xgb,6.427000045776367,0.0,13.744999885559082,-0.2
00-0040238,2025,5,RB,LeQuint Allen Jr.,JAX,xgb,1.6799999475479126,0.0,8.998000144958496,0.0
00-0040242,2025,5,RB,Jacory Croskey-Merritt,WAS,xgb,8.027000427246094,1.1169999837875366,15.345999717712402,27.0
00-0040583,2025,5,RB,Woody Marks,HOU,xgb,9.189000129699707,2.2780001163482666,16.506999969482422,2.4000000000000004
00-0040644,2025,5,RB,Trevor Etienne,CAR,xgb,3.5350000858306885,0.0,10.854000091552734,3.9000000000000004
00-0040666,2025,5,RB,Omarion Hampton,LAC,xgb,20.072999954223633,13.163000106811523,27.392000198364258,13.0
00-0040715,2025,5,RB,Cam Skattebo,NYG,xgb,8.984000205993652,2.072999954223633,16.302000045776367,14.4
00-0040719,2025,5,RB,Bhayshul Tuten,JAX,xgb,8.5649995803833,1.6549999713897705,15.883999824523926,2.1
00-0040730,2025,5,RB,RJ Harvey,DEN,xgb,11.211999893188477,4.301000118255615,18.530000686645508,6.0
00-0040734,2025,5,RB,TreVeyon Henderson,NE,xgb,11.232000350952148,4.321000099182129,18.549999237060547,4.7
00-0040784,2025,5,RB,Quinshon Judkins,CLE,xgb,13.781999588012695,6.870999813079834,21.100000381469727,13.8
00-0031687,2025,6,RB,Raheem Mostert,LV,xgb,3.9159998893737793,0.0,11.234999656677246,-0.4
00-0032104,2025,6,RB,Ameer Abdullah,IND,xgb,4.343999862670898,0.0,11.663000106811523,2.6
00-0032764,2025,6,RB,Derrick Henry,BAL,xgb,10.569999694824219,3.6589999198913574,17.88800048828125,14.0
00-0033280,2025,6,RB,Christian McCaffrey,SF,xgb,14.48900032043457,7.578000068664551,21.80699920654297,24.1
00-0033526,2025,6,RB,Samaje Perine,CIN,xgb,5.184000015258789,0.0,12.501999855041504,5.2
00-0033906,2025,6,RB,Alvin Kamara,NO,xgb,16.04599952697754,9.135000228881836,23.36400032043457,12.600000000000001
00-0033923,2025,6,RB,Kareem Hunt,KC,xgb,9.657999992370605,2.746999979019165,16.97599983215332,4.4
00-0033955,2025,6,RB,Jeremy McNichols,WAS,xgb,2.9700000286102295,0.0,10.288000106811523,6.5
00-0034367,2025,6,RB,Nyheim Hines,LAC,xgb,1.8630000352859497,0.0,9.180999755859375,0.0
00-0034844,2025,6,RB,Saquon Barkley,PHI,xgb,18.67099952697754,11.760000228881836,25.989999771118164,8.7
00-0034975,2025,6,RB,Justice Hill,BAL,xgb,6.936999797821045,0.026000000536441803,14.255000114440918,9.4
00-0035250,2025,6,RB,Devin Singletary,NYG,xgb,4.639999866485596,0.0,11.958000183105469,1.0
00-0035261,2025,6,RB,Tony Pollard,TEN,xgb,14.468999862670898,7.558000087738037,21.78700065612793,6.7
00-0035537,2025,6,RB,Ty Johnson,BUF,xgb,3.630000114440918,0.0,10.947999954223633,2.6
00-0035567,2025,6,RB,Craig Reynolds,DET,xgb,1.8600000143051147,0.0,9.178000450134277,0.0
00-0035685,2025,6,RB,David Montgomery,DET,xgb,12.114999771118164,5.203999996185303,19.433000564575195,8.100000000000001
00-0035700,2025,6,RB,Josh Jacobs,GB,xgb,12.739999771118164,5.828999996185303,20.058000564575195,32.0
00-0036139,2025,6,RB,Rico Dowdle,CAR,xgb,12.4350004196167,5.52400016784668,19.753000259399414,33.900000000000006
00-0036158,2025,6,RB,J.K. Dobbins,DEN,xgb,14.661999702453613,7.750999927520752,21.979999542236328,4.0
00-0036223,2025,6,RB,Jonathan Taylor,IND,xgb,21.86400032043457,14.95300006866455,29.18199920654297,23.700000000000003
00-0036265,2025,6,RB,AJ Dillon,PHI,xgb,4.107999801635742,0.0,11.425999641418457,2.0
00-0036275,2025,6,RB,D'Andre Swift,CHI,xgb,15.644000053405762,8.732999801635742,22.961999893188477,25.5
00-0036425,2025,6,RB,DeeJay Dallas,CAR,xgb,1.097000002861023,0.0,8.414999961853027,0.0
00-0036842,2025,6,RB,Kene Nwangwu,NYJ,xgb,1.1319999694824219,0.0,8.451000213623047,0.0
00-0036875,2025,6,RB,Rhamondre Stevenson,NE,xgb,9.477999687194824,2.566999912261963,16.79599952697754,1.8
00-0036919,2025,6,RB,Kenny Gainwell,PIT,xgb,9.774999618530273,2.865000009536743,17.0939998626709,9.6
00-0036924,2025,6,RB,Michael Carter,ARI,xgb,14.413999557495117,7.502999782562256,21.73200035095215,8.4
00-0036973,2025,6,RB,Travis Etienne,JAX,xgb,13.442999839782715,6.5320000648498535,20.76099967956543,9.5
00-0036997,2025,6,RB,Javonte Williams,DAL,xgb,14.399999618530273,7.488999843597412,21.718000411987305,8.4
00-0037157,2025,6,RB,Bam Knight,ARI,xgb,3.190999984741211,0.0,10.508999824523926,12.4
00-0037197,2025,6,RB,Isiah Pacheco,KC,xgb,12.355999946594238,5.445000171661377,19.673999786376953,6.1000000000000005
00-0037228,2025,6,RB,Jaylen Warren,PIT,xgb,18.742000579833984,11.831000328063965,26.059999465942383,8.3
00-0037248,2025,6,RB,James Cook,BUF,xgb,14.437999725341797,7.5269999504089355,21.756000518798828,8.700000000000001
00-0037256,2025,6,RB,Rachaad White,TB,xgb,12.923999786376953,6.013000011444092,20.242000579833984,17.6
00-0037263,2025,6,RB,Tyler Allgeier,ATL,xgb,7.953999996185303,1.0429999828338623,15.272000312805176,10.8
00-0037267,2025,6,RB,Jerome Ford,CLE,xgb,7.788000106811523,0.8769999742507935,15.105999946594238,8.0
00-0037594,2025,6,RB,Julius Chestnut,TEN,xgb,3.0190000534057617,0.0,10.336999893188477,0.0
00-0037617,2025,6,RB,Hassan Haskins,LAC,xgb,3.0950000286102295,0.0,10.413000106811523,3.3000000000000003
00-0037746,2025,6,RB,Brian Robinson,SF,xgb,5.500999927520752,0.0,12.819000244140625,3.8
00-0037840,2025,6,RB,Kyren Williams,LA,xgb,18.51099967956543,11.600000381469727,25.82900047302246,16.700000000000003
00-0038120,2025,6,RB,Breece Hall,NYJ,xgb,20.591999053955078,13.680999755859375,27.90999984741211,5.9
00-0038134,2025,6,RB,Kenneth Walker III,SEA,xgb,12.244000434875488,5.333000183105469,19.562000274658203,4.7
00-0038454,2025,6,RB,Keaton Mitchell,BAL,xgb,4.4679999351501465,0.0,11.786999702453613,0.0
00-0038488,2025,6,RB,Brady Russell,SEA,xgb,0.9210000038146973,0.0,8.23900032043457,0.0
00-0038542,2025,6,RB,Bijan Robinson,ATL,xgb,20.7810001373291,13.869999885559082,28.099000930786133,35.8
00-0038551,2025,6,RB,Kendre Miller,NO,xgb,7.618000030517578,0.7070000171661377,14.935999870300293,4.2
00-0038555,2025,6,RB,Tank Bigsby,PHI,xgb,2.119999885559082,0.0,9.437999725341797,0.0
00-0038597,2025,6,RB,Chase Brown,CIN,xgb,11.545999526977539,4.635000228881836,18.86400032043457,8.9
00-0038685,2025,6,RB,Chris Brooks,GB,xgb,4.441999912261963,0.0,11.760000228881836,0.1
00-0038705,2025,6,RB,Emari Demercado,ARI,xgb,3.015000104904175,0.0,10.333000183105469,0.1
00-0038738,2025,6,RB,Hunter Luepke,DAL,xgb,1.6790000200271606,0.0,8.996999740600586,8.7
00-0038794,2025,6,RB,Jaleel McLaughlin,DEN,xgb,6.085000038146973,0.0,13.402999877929688,0.0
00-0038797,2025,6,RB,Emanuel Wilson,GB,xgb,8.902999877929688,1.9919999837875366,16.22100067138672,1.7000000000000002
00-0038951,2025,6,RB,Sean Tucker,TB,xgb,3.0350000858306885,0.0,10.352999687194824,8.5
00-0039021,2025,6,RB,Roschon Johnson,CHI,xgb,1.565999984741211,0.0,8.883999824523926,0.6000000000000001
00-0039032,2025,6,RB,Tyjae Spears,TEN,xgb,7.13100004196167,0.2199999988079071,14.449000358581543,9.0
00-0039040,2025,6,RB,De'Von Achane,MIA,xgb,17.46500015258789,10.553999900817871,24.783000946044922,31.0
00-0039139,2025,6,RB,Jahmyr Gibbs,DET,xgb,19.459999084472656,12.550000190734863,26.77899932861328,7.5
00-0039165,2025,6,RB,Zach Charbonnet,SEA,xgb,7.849999904632568,0.9390000104904175,15.168000221252441,4.7
00-0039299,2025,6,RB,George Holani,SEA,xgb,2.6110000610351562,0.0,9.928999900817871,0.0
00-0039384,2025,6,RB,Tyrone Tracy Jr.,NYG,xgb,10.659000396728516,3.747999906539917,17.976999282836914,0.6000000000000001
00-0039391,2025,6,RB,Kimani Vidal,LAC,xgb,4.290999889373779,0.0,11.609000205993652,22.8
00-0039407,2025,6,RB,Dylan Laube,LV,xgb,1.7319999933242798,0.0,9.050000190734863,0.0
00-0039738,2025,6,RB,Blake Corum,LA,xgb,5.947000026702881,0.0,13.265000343322754,2.3000000000000003
00-0039746,2025,6,RB,Will Shipley,PHI,xgb,3.046999931335449,0.0,10.366000175476074,0.0
00-0039796,2025,6,RB,Rasheen Ali,BAL,xgb,1.0369999408721924,0.0,8.354999542236328,0.0
00-0039798,2025,6,RB,Isaiah Davis,NYJ,xgb,3.937999963760376,0.0,11.255999565124512,1.1
00-0039875,2025,6,RB,Ray Davis,BUF,xgb,3.0450000762939453,0.0,10.36400032043457,9.9
00-0040078,2025,6,RB,Brashard Smith,KC,xgb,5.085000038146973,0.0,12.402999877929688,5.1
00-0040122,2025,6,RB,Ashton Jeanty,LV,xgb,17.200000762939453,10.288999557495117,24.51799964904785,16.6
00-0040142,2025,6,RB,Kaleb Johnson,PIT,xgb,2.884999990463257,0.0,10.20300006866455,1.5
00-0040162,2025,6,RB,Dylan Sampson,CLE,xgb,5.504000186920166,0.0,12.821999549865723,4.4
00-0040198,2025,6,RB,Ollie Gordon II,MIA,xgb,5.458000183105469,0.0,12.776000022888184,1.2
00-0040236,2025,6,RB,Kyle Monangai,CHI,xgb,5.184999942779541,0.0,12.503999710083008,5.4
00-0040238,2025,6,RB,LeQuint Allen Jr.,JAX,xgb,1.6059999465942383,0.0,8.923999786376953,2.2
00-0040242,2025,6,RB,Jacory Croskey-Merritt,WAS,xgb,9.020999908447266,2.109999895095825,16.34000015258789,5.800000000000001
00-0040586,2025,6,RB,Jaydon Blue,DAL,xgb,3.3440001010894775,0.0,10.661999702453613,0.0
00-0040644,2025,6,RB,Trevor Etienne,CAR,xgb,3.200000047683716,0.0,10.517999649047852,1.7000000000000002
00-0040715,2025,6,RB,Cam Skattebo,NYG,xgb,18.799999237060547,11.888999938964844,26.118000030517578,31.0
00-0040719,2025,6,RB,Bhayshul Tuten,JAX,xgb,5.663000106811523,0.0,12.980999946594238,4.800000000000001
00-0040730,2025,6,RB,RJ Harvey,DEN,xgb,9.442000389099121,2.5309998989105225,16.760000228881836,6.5
00-0040734,2025,6,RB,TreVeyon Henderson,NE,xgb,10.404999732971191,3.49399995803833,17.722999572753906,4.6
00-0040784,2025,6,RB,Quinshon Judkins,CLE,xgb,12.746000289916992,5.835000038146973,20.06399917602539,3.6
00-0031687,2025,7,RB,Raheem Mostert,LV,xgb,6.478000164031982,0.0,13.795999526977539,1.2
00-0032104,2025,7,RB,Ameer Abdullah,IND,xgb,3.319000005722046,0.0,10.63700008392334,3.7
00-0033280,2025,7,RB,Christian McCaffrey,SF,xgb,12.918000221252441,6.006999969482422,20.236000061035156,39.1
00-0033526,2025,7,RB,Samaje Perine,CIN,xgb,5.867000102996826,0.0,13.1850004196167,3.1
00-0033854,2025,7,RB,Dare Ogunbowale,HOU,xgb,2.0429999828338623,0.0,9.361000061035156,0.0
00-0033906,2025,7,RB,Alvin Kamara,NO,xgb,16.559999465942383,9.64900016784668,23.878000259399414,5.9
00-0033923,2025,7,RB,Kareem Hunt,KC,xgb,7.085000038146973,0.17399999499320984,14.402999877929688,1.8
00-0033955,2025,7,RB,Jeremy McNichols,WAS,xgb,4.875999927520752,0.0,12.194000244140625,6.5
00-0034367,2025,7,RB,Nyheim Hines,LAC,xgb,1.2339999675750732,0.0,8.552000045776367,0.0
00-0034791,2025,7,RB,Nick Chubb,HOU,xgb,11.46399974822998,4.552999973297119,18.781999588012695,2.1
00-0034844,2025,7,RB,Saquon Barkley,PHI,xgb,11.508999824523926,4.5980000495910645,18.82699966430664,5.2
00-0035250,2025,7,RB,Devin Singletary,NYG,xgb,4.245999813079834,0.0,11.564000129699707,0.2
00-0035261,2025,7,RB,Tony Pollard,TEN,xgb,12.644000053405762,5.734000205993652,19.96299934387207,12.100000000000001
00-0035594,2025,7,RB,Travis Homer,CHI,xgb,3.13100004196167,0.0,10.449999809265137,0.0
00-0035628,2025,7,RB,D'Ernest Johnson,ARI,xgb,1.7730000019073486,0.0,9.090999603271484,0.0
00-0035685,2025,7,RB,David Montgomery,DET,xgb,13.319999694824219,6.408999919891357,20.63800048828125,5.9
00-0035700,2025,7,RB,Josh Jacobs,GB,xgb,23.614999771118164,16.70400047302246,30.933000564575195,18.8
00-0036139,2025,7,RB,Rico Dowdle,CAR,xgb,17.79400062561035,10.883000373840332,25.113000869750977,10.600000000000001
00-0036158,2025,7,RB,J.K. Dobbins,DEN,xgb,14.592000007629395,7.681000232696533,21.90999984741211,9.0
00-0036223,2025,7,RB,Jonathan Taylor,IND,xgb,18.964000701904297,12.053000450134277,26.283000946044922,34.2
00-0036275,2025,7,RB,D'Andre Swift,CHI,xgb,18.70199966430664,11.791000366210938,26.020000457763672,20.8
00-0036555,2025,7,RB,Chuba Hubbard,CAR,xgb,14.225000381469727,7.314000129699707,21.542999267578125,7.5
00-0036842,2025,7,RB,Kene Nwangwu,NYJ,xgb,1.2050000429153442,0.0,8.52299976348877,0.0
00-0036875,2025,7,RB,Rhamondre Stevenson,NE,xgb,9.501999855041504,2.5910000801086426,16.820999145507812,16.8
00-0036919,2025,7,RB,Kenny Gainwell,PIT,xgb,10.1899995803833,3.2790000438690186,17.507999420166016,3.5
00-0036924,2025,7,RB,Michael Carter,ARI,xgb,10.944000244140625,4.0329999923706055,18.261999130249023,5.6
00-0036973,2025,7,RB,Travis Etienne,JAX,xgb,13.262999534606934,6.3520002365112305,20.58099937438965,6.5
00-0036997,2025,7,RB,Javonte Williams,DAL,xgb,15.442000389099121,8.531999588012695,22.76099967956543,18.8
00-0037085,2025,7,RB,Tyler Badie,DEN,xgb,2.7049999237060547,0.0,10.02299976348877,3.9000000000000004
00-0037157,2025,7,RB,Bam Knight,ARI,xgb,4.688000202178955,0.0,12.006999969482422,9.4
00-0037197,2025,7,RB,Isiah Pacheco,KC,xgb,9.880999565124512,2.9700000286102295,17.198999404907227,12.4
00-0037228,2025,7,RB,Jaylen Warren,PIT,xgb,14.3100004196167,7.39900016784668,21.628000259399414,19.8
00-0037256,2025,7,RB,Rachaad White,TB,xgb,9.92300033569336,3.013000011444092,17.242000579833984,8.4
00-0037263,2025,7,RB,Tyler Allgeier,ATL,xgb,7.775000095367432,0.8640000224113464,15.093000411987305,1.6
00-0037267,2025,7,RB,Jerome Ford,CLE,xgb,7.448999881744385,0.5379999876022339,14.767999649047852,3.0
00-0037525,2025,7,RB,Jordan Mason,MIN,xgb,9.98900032043457,3.078000068664551,17.30699920654297,11.7
00-0037563,2025,7,RB,Malik Davis,DAL,xgb,2.49399995803833,0.0,9.812000274658203,0.0
00-0037594,2025,7,RB,Julius Chestnut,TEN,xgb,1.7269999980926514,0.0,9.045000076293945,0.0
00-0037617,2025,7,RB,Hassan Haskins,LAC,xgb,3.7980000972747803,0.0,11.116000175476074,2.5
00-0037746,2025,7,RB,Brian Robinson,SF,xgb,7.504000186920166,0.5929999947547913,14.821999549865723,3.6
00-0037840,2025,7,RB,Kyren Williams,LA,xgb,18.975000381469727,12.064000129699707,26.292999267578125,8.5
00-0038120,2025,7,RB,Breece Hall,NYJ,xgb,11.274999618530273,4.363999843597412,18.593000411987305,7.2
00-0038134,2025,7,RB,Kenneth Walker III,SEA,xgb,11.517000198364258,4.605999946594238,18.834999084472656,6.6000000000000005
00-0038440,2025,7,RB,Zavier Scott,MIN,xgb,6.945000171661377,0.03400000184774399,14.262999534606934,1.6
00-0038488,2025,7,RB,Brady Russell,SEA,xgb,0.9229999780654907,0.0,8.241000175476074,0.0
00-0038542,2025,7,RB,Bijan Robinson,ATL,xgb,17.395999908447266,10.486000061035156,24.71500015258789,21.200000000000003
00-0038551,2025,7,RB,Kendre Miller,NO,xgb,7.01200008392334,0.10100000351667404,14.329999923706055,0.7000000000000001
00-0038555,2025,7,RB,Tank Bigsby,PHI,xgb,1.3980000019073486,0.0,8.715999603271484,2.0
00-0038597,2025,7,RB,Chase Brown,CIN,xgb,12.62399959564209,5.714000225067139,19.94300079345703,12.0
00-0038611,2025,7,RB,Chris Rodriguez Jr.,WAS,xgb,5.60699987411499,0.0,12.925000190734863,7.2
00-0038685,2025,7,RB,Chris Brooks,GB,xgb,2.069000005722046,0.0,9.38700008392334,0.0
00-0038738,2025,7,RB,Hunter Luepke,DAL,xgb,1.875,0.0,9.192999839782715,1.3
00-0038797,2025,7,RB,Emanuel Wilson,GB,xgb,6.077000141143799,0.0,13.395000457763672,2.5
00-0038896,2025,7,RB,Jacob Saylors,DET,xgb,1.7259999513626099,0.0,9.043999671936035,0.0
00-0038951,2025,7,RB,Sean Tucker,TB,xgb,2.6459999084472656,0.0,9.96399974822998,1.6
00-0039021,2025,7,RB,Roschon Johnson,CHI,xgb,2.1019999980926514,0.0,9.420999526977539,1.1
00-0039032,2025,7,RB,Tyjae Spears,TEN,xgb,15.234000205993652,8.322999954223633,22.552000045776367,7.0
00-0039040,2025,7,RB,De'Von Achane,MIA,xgb,14.810999870300293,7.900000095367432,22.128999710083008,12.8
00-0039139,2025,7,RB,Jahmyr Gibbs,DET,xgb,13.043999671936035,6.132999897003174,20.36199951171875,36.8
00-0039165,2025,7,RB,Zach Charbonnet,SEA,xgb,9.048999786376953,2.1389999389648438,16.368000030517578,19.5
00-0039299,2025,7,RB,George Holani,SEA,xgb,1.9270000457763672,0.0,9.244999885559082,0.0
00-0039363,2025,7,RB,Isaac Guerendo,SF,xgb,1.0210000276565552,0.0,8.33899974822998,0.0
00-0039384,2025,7,RB,Tyrone Tracy Jr.,NYG,xgb,6.170000076293945,0.0,13.48799991607666,10.600000000000001
00-0039391,2025,7,RB,Kimani Vidal,LAC,xgb,10.468000411987305,3.556999921798706,17.785999298095703,7.5
00-0039407,2025,7,RB,Dylan Laube,LV,xgb,1.5770000219345093,0.0,8.895000457763672,1.4
00-0039738,2025,7,RB,Blake Corum,LA,xgb,4.7729997634887695,0.0,12.090999603271484,5.3
00-0039746,2025,7,RB,Will Shipley,PHI,xgb,2.5320000648498535,0.0,9.850000381469727,1.7000000000000002
00-0039757,2025,7,RB,Terrell Jennings,NE,xgb,4.26200008392334,0.0,11.581000328063965,1.8
00-0039798,2025,7,RB,Isaiah Davis,NYJ,xgb,3.621000051498413,0.0,10.9399995803833,5.2
00-0040078,2025,7,RB,Brashard Smith,KC,xgb,4.010000228881836,0.0,11.32800006866455,13.1
00-0040122,2025,7,RB,Ashton Jeanty,LV,xgb,14.050999641418457,7.139999866485596,21.368999481201172,4.4
00-0040162,2025,7,RB,Dylan Sampson,CLE,xgb,5.289999961853027,0.0,12.607999801635742,2.7
00-0040198,2025,7,RB,Ollie Gordon II,MIA,xgb,4.083000183105469,0.0,11.401000022888184,2.3
00-0040202,2025,7,RB,Devin Neal,NO,xgb,2.984999895095825,0.0,10.303000450134277,0.1
00-0040208,2025,7,RB,Tahj Brooks,CIN,xgb,1.7139999866485596,0.0,9.031999588012695,0.0
00-0040236,2025,7,RB,Kyle Monangai,CHI,xgb,5.670000076293945,0.0,12.98799991607666,17.4
00-0040238,2025,7,RB,LeQuint Allen Jr.,JAX,xgb,2.7660000324249268,0.0,10.083999633789062,1.4
00-0040242,2025,7,RB,Jacory Croskey-Merritt,WAS,xgb,9.381999969482422,2.4709999561309814,16.700000762939453,4.2
00-0040583,2025,7,RB,Woody Marks,HOU,xgb,7.64300012588501,0.7319999933242798,14.961000442504883,12.5
00-0040586,2025,7,RB,Jaydon Blue,DAL,xgb,3.4159998893737793,0.0,10.734000205993652,4.4
00-0040644,2025,7,RB,Trevor Etienne,CAR,xgb,2.818000078201294,0.0,10.13599967956543,0.0
00-0040715,2025,7,RB,Cam Skattebo,NYG,xgb,14.182999610900879,7.2729997634887695,21.50200080871582,18.4
00-0040719,2025,7,RB,Bhayshul Tuten,JAX,xgb,6.188000202178955,0.0,13.505999565124512,2.2
00-0040730,2025,7,RB,RJ Harvey,DEN,xgb,8.565999984741211,1.656000018119812,15.885000228881836,7.2
00-0040734,2025,7,RB,TreVeyon Henderson,NE,xgb,7.510000228881836,0.5989999771118164,14.82800006866455,0.5
00-0040784,2025,7,RB,Quinshon Judkins,CLE,xgb,12.840999603271484,5.929999828338623,20.159000396728516,26.4
00-0032104,2025,8,RB,Ameer Abdullah,IND,xgb,5.425000190734863,0.0,12.743000030517578,1.8
00-0032764,2025,8,RB,Derrick Henry,BAL,xgb,11.782999992370605,4.872000217437744,19.10099983215332,19.1
00-0033280,2025,8,RB,Christian McCaffrey,SF,xgb,13.654999732971191,6.74399995803833,20.972999572753906,9.8
00-0033293,2025,8,RB,Aaron Jones,MIN,xgb,7.815999984741211,0.906000018119812,15.135000228881836,5.0
00-0033526,2025,8,RB,Samaje Perine,CIN,xgb,4.863999843597412,0.0,12.182000160217285,17.0
00-0033854,2025,8,RB,Dare Ogunbowale,HOU,xgb,0.9580000042915344,0.0,8.276000022888184,2.7
00-0033906,2025,8,RB,Alvin Kamara,NO,xgb,11.722000122070312,4.810999870300293,19.040000915527344,6.5
00-0033923,2025,8,RB,Kareem Hunt,KC,xgb,5.099999904632568,0.0,12.418000221252441,17.2
00-0033955,2025,8,RB,Jeremy McNichols,WAS,xgb,5.6570000648498535,0.0,12.975000381469727,11.8
00-0034367,2025,8,RB,Nyheim Hines,LAC,xgb,0.8669999837875366,0.0,8.185999870300293,-0.2
00-0034791,2025,8,RB,Nick Chubb,HOU,xgb,8.4350004196167,1.524999976158142,15.753999710083008,8.9
00-0034844,2025,8,RB,Saquon Barkley,PHI,xgb,15.029000282287598,8.118000030517578,22.347000122070312,33.400000000000006
00-0034975,2025,8,RB,Justice Hill,BAL,xgb,7.573999881744385,0.6629999876022339,14.892000198364258,0.2
00-0035250,2025,8,RB,Devin Singletary,NYG,xgb,4.497000217437744,0.0,11.815999984741211,3.8000000000000003
00-0035261,2025,8,RB,Tony Pollard,TEN,xgb,13.557000160217285,6.645999908447266,20.875,6.300000000000001
00-0035537,2025,8,RB,Ty Johnson,BUF,xgb,3.2060000896453857,0.0,10.52400016784668,0.6000000000000001
00-0035594,2025,8,RB,Travis Homer,CHI,xgb,2.1540000438690186,0.0,9.472000122070312,0.0
00-0035700,2025,8,RB,Josh Jacobs,GB,xgb,19.048999786376953,12.137999534606934,26.367000579833984,13.5
00-0036139,2025,8,RB,Rico Dowdle,CAR,xgb,17.5,10.58899974822998,24.81800079345703,5.4
00-0036158,2025,8,RB,J.K. Dobbins,DEN,xgb,18.819000244140625,11.907999992370605,26.13800048828125,14.100000000000001
00-0036187,2025,8,RB,Reggie Gilliam,BUF,xgb,0.9580000042915344,0.0,8.277000427246094,0.0
00-0036223,2025,8,RB,Jonathan Taylor,IND,xgb,18.761999130249023,11.85099983215332,26.079999923706055,37.400000000000006
00-0036275,2025,8,RB,D'Andre Swift,CHI,xgb,15.597999572753906,8.687000274658203,22.916000366210938,15.100000000000001
00-0036555,2025,8,RB,Chuba Hubbard,CAR,xgb,18.15399932861328,11.243000030517578,25.472000122070312,9.4
00-0036755,2025,8,RB,Jaret Patterson,LAC,xgb,5.624000072479248,0.0,12.942000389099121,3.0
00-0036875,2025,8,RB,Rhamondre Stevenson,NE,xgb,8.552000045776367,1.6410000324249268,15.869999885559082,5.9
00-0036919,2025,8,RB,Kenny Gainwell,PIT,xgb,5.831999778747559,0.0,13.149999618530273,3.5
00-0036997,2025,8,RB,Javonte Williams,DAL,xgb,15.574999809265137,8.663999557495117,22.89299964904785,17.9
00-0037085,2025,8,RB,Tyler Badie,DEN,xgb,2.0179998874664307,0.0,9.336000442504883,0.6000000000000001
00-0037120,2025,8,RB,Tyler Goodson,IND,xgb,1.6929999589920044,0.0,9.01099967956543,0.2
00-0037197,2025,8,RB,Isiah Pacheco,KC,xgb,11.133000373840332,4.2220001220703125,18.451000213623047,5.800000000000001
00-0037228,2025,8,RB,Jaylen Warren,PIT,xgb,18.197999954223633,11.286999702453613,25.516000747680664,9.3
00-0037248,2025,8,RB,James Cook,BUF,xgb,19.72100067138672,12.8100004196167,27.038999557495117,33.6
00-0037256,2025,8,RB,Rachaad White,TB,xgb,10.571999549865723,3.6610000133514404,17.889999389648438,8.100000000000001
00-0037258,2025,8,RB,Dameon Pierce,HOU,xgb,5.059000015258789,0.0,12.376999855041504,0.0
00-0037263,2025,8,RB,Tyler Allgeier,ATL,xgb,7.26800012588501,0.3569999933242798,14.586000442504883,9.4
00-0037267,2025,8,RB,Jerome Ford,CLE,xgb,8.147000312805176,1.2359999418258667,15.46500015258789,0.9
00-0037525,2025,8,RB,Jordan Mason,MIN,xgb,10.706000328063965,3.7950000762939453,18.02400016784668,1.6
00-0037563,2025,8,RB,Malik Davis,DAL,xgb,2.740999937057495,0.0,10.059000015258789,0.30000000000000004
00-0037594,2025,8,RB,Julius Chestnut,TEN,xgb,2.068000078201294,0.0,9.38599967956543,0.5
00-0037746,2025,8,RB,Brian Robinson,SF,xgb,6.150000095367432,0.0,13.468000411987305,0.0
00-0038120,2025,8,RB,Breece Hall,NYJ,xgb,14.706999778747559,7.796000003814697,22.024999618530273,32.86
00-0038440,2025,8,RB,Zavier Scott,MIN,xgb,5.294000148773193,0.0,12.612000465393066,4.4
00-0038454,2025,8,RB,Keaton Mitchell,BAL,xgb,2.434000015258789,0.0,9.751999855041504,4.3
00-0038542,2025,8,RB,Bijan Robinson,ATL,xgb,20.61400032043457,13.70300006866455,27.93199920654297,5.800000000000001
00-0038555,2025,8,RB,Tank Bigsby,PHI,xgb,4.605000019073486,0.0,11.92300033569336,10.4
00-0038597,2025,8,RB,Chase Brown,CIN,xgb,11.833000183105469,4.921999931335449,19.150999069213867,25.5
00-0038611,2025,8,RB,Chris Rodriguez Jr.,WAS,xgb,3.380000114440918,0.0,10.697999954223633,0.2
00-0038685,2025,8,RB,Chris Brooks,GB,xgb,2.885999917984009,0.0,10.204000473022461,0.0
00-0038738,2025,8,RB,Hunter Luepke,DAL,xgb,1.9620000123977661,0.0,9.279999732971191,0.2
00-0038797,2025,8,RB,Emanuel Wilson,GB,xgb,5.454999923706055,0.0,12.77299976348877,11.700000000000001
00-0038951,2025,8,RB,Sean Tucker,TB,xgb,3.3499999046325684,0.0,10.668000221252441,10.2
00-0039032,2025,8,RB,Tyjae Spears,TEN,xgb,8.269000053405762,1.3580000400543213,15.588000297546387,17.200000000000003
00-0039040,2025,8,RB,De'Von Achane,MIA,xgb,17.39900016784668,10.48799991607666,24.718000411987305,20.1
00-0039384,2025,8,RB,Tyrone Tracy Jr.,NYG,xgb,7.89300012588501,0.9819999933242798,15.211000442504883,7.300000000000001
00-0039391,2025,8,RB,Kimani Vidal,LAC,xgb,8.708999633789062,1.7979999780654907,16.027999877929688,19.700000000000003
00-0039603,2025,8,RB,British Brooks,HOU,xgb,2.578000068664551,0.0,9.895999908447266,0.0
00-0039746,2025,8,RB,Will Shipley,PHI,xgb,1.8830000162124634,0.0,9.201000213623047,0.2
00-0039757,2025,8,RB,Terrell Jennings,NE,xgb,4.309999942779541,0.0,11.628000259399414,1.5
00-0039796,2025,8,RB,Rasheen Ali,BAL,xgb,0.9229999780654907,0.0,8.241000175476074,0.0
00-0039798,2025,8,RB,Isaiah Davis,NYJ,xgb,4.574999809265137,0.0,11.892999649047852,17.9
00-0039874,2025,8,RB,Jaylen Wright,MIA,xgb,3.125,0.0,10.444000244140625,3.8000000000000003
00-0039875,2025,8,RB,Ray Davis,BUF,xgb,3.502000093460083,0.0,10.819999694824219,1.6
00-0040078,2025,8,RB,Brashard Smith,KC,xgb,10.684000015258789,3.7730000019073486,18.00200080871582,0.8
00-0040162,2025,8,RB,Dylan Sampson,CLE,xgb,3.9489998817443848,0.0,11.267000198364258,7.9
00-0040198,2025,8,RB,Ollie Gordon II,MIA,xgb,5.163000106811523,0.0,12.480999946594238,13.600000000000001
00-0040202,2025,8,RB,Devin Neal,NO,xgb,3.1760001182556152,0.0,10.494000434875488,4.1
00-0040208,2025,8,RB,Tahj Brooks,CIN,xgb,1.7139999866485596,0.0,9.031999588012695,0.0
00-0040236,2025,8,RB,Kyle Monangai,CHI,xgb,10.843999862670898,3.933000087738037,18.16200065612793,2.4000000000000004
00-0040242,2025,8,RB,Jacory Croskey-Merritt,WAS,xgb,8.585000038146973,1.6740000247955322,15.902999877929688,2.5
00-0040429,2025,8,RB,Josh Williams,TB,xgb,0.8659999966621399,0.0,8.1850004196167,1.1
00-0040547,2025,8,RB,Nate Carter,ATL,xgb,3.1549999713897705,0.0,10.472999572753906,1.4000000000000001
00-0040583,2025,8,RB,Woody Marks,HOU,xgb,9.232000350952148,2.321000099182129,16.551000595092773,15.100000000000001
00-0040586,2025,8,RB,Jaydon Blue,DAL,xgb,4.796999931335449,0.0,12.114999771118164,2.9000000000000004
00-0040644,2025,8,RB,Trevor Etienne,CAR,xgb,3.3540000915527344,0.0,10.67199993133545,1.6
00-0040715,2025,8,RB,Cam Skattebo,NYG,xgb,22.597000122070312,15.685999870300293,29.915000915527344,10.0
00-0040730,2025,8,RB,RJ Harvey,DEN,xgb,7.749000072479248,0.8379999995231628,15.067000389099121,24.1
00-0040734,2025,8,RB,TreVeyon Henderson,NE,xgb,5.90500020980835,0.0,13.222999572753906,5.5
00-0040784,2025,8,RB,Quinshon Judkins,CLE,xgb,11.21399974822998,4.302999973297119,18.531999588012695,4.7
00-0031687,2025,9,RB,Raheem Mostert,LV,xgb,2.8959999084472656,0.0,10.21399974822998,2.4000000000000004
00-0032104,2025,9,RB,Ameer Abdullah,IND,xgb,4.045000076293945,0.0,11.36299991607666,1.5
00-0032764,2025,9,RB,Derrick Henry,BAL,xgb,11.222999572753906,4.313000202178955,18.54199981689453,13.100000000000001
00-0033280,2025,9,RB,Christian McCaffrey,SF,xgb,19.48200035095215,12.571000099182129,26.801000595092773,34.3
00-0033293,2025,9,RB,Aaron Jones,MIN,xgb,9.362000465393066,2.4509999752044678,16.68000030517578,11.8
00-0033526,2025,9,RB,Samaje Perine,CIN,xgb,8.095999717712402,1.1859999895095825,15.414999961853027,0.5
00-0033854,2025,9,RB,Dare Ogunbowale,HOU,xgb,2.444000005722046,0.0,9.76200008392334,1.2
00-0033906,2025,9,RB,Alvin Kamara,NO,xgb,9.555000305175781,2.6440000534057617,16.87299919128418,0.7000000000000002
00-0033923,2025,9,RB,Kareem Hunt,KC,xgb,7.043000221252441,0.13199999928474426,14.361000061035156,12.5
00-0033955,2025,9,RB,Jeremy McNichols,WAS,xgb,4.929999828338623,0.0,12.248000144958496,0.0
00-0034791,2025,9,RB,Nick Chubb,HOU,xgb,10.248000144958496,3.3380000591278076,17.566999435424805,3.4000000000000004
00-0034975,2025,9,RB,Justice Hill,BAL,xgb,6.2820000648498535,0.0,13.600000381469727,3.5
00-0035250,2025,9,RB,Devin Singletary,NYG,xgb,5.465000152587891,0.0,12.782999992370605,7.1000000000000005
00-0035261,2025,9,RB,Tony Pollard,TEN,xgb,13.868000030517578,6.958000183105469,21.187000274658203,7.800000000000001
00-0035537,2025,9,RB,Ty Johnson,BUF,xgb,3.374000072479248,0.0,10.692000389099121,10.0
00-0035594,2025,9,RB,Travis Homer,CHI,xgb,1.819000005722046,0.0,9.13700008392334,0.0
00-0035685,2025,9,RB,David Montgomery,DET,xgb,11.458000183105469,4.546999931335449,18.775999069213867,11.0
00-0035700,2025,9,RB,Josh Jacobs,GB,xgb,15.437000274658203,8.526000022888184,22.7549991607666,20.0
00-0036139,2025,9,RB,Rico Dowdle,CAR,xgb,10.581000328063965,3.6700000762939453,17.89900016784668,28.1
00-0036158,2025,9,RB,J.K. Dobbins,DEN,xgb,14.04800033569336,7.13700008392334,21.365999221801758,6.9
00-0036187,2025,9,RB,Reggie Gilliam,BUF,xgb,0.9509999752044678,0.0,8.269000053405762,0.0
00-0036223,2025,9,RB,Jonathan Taylor,IND,xgb,23.87700080871582,16.966999053955078,31.195999145507812,7.7
00-0036360,2025,9,RB,Clyde Edwards-Helaire,KC,xgb,4.7820000648498535,0.0,12.100000381469727,0.5
00-0036555,2025,9,RB,Chuba Hubbard,CAR,xgb,9.656000137329102,2.744999885559082,16.974000930786133,1.7000000000000002
00-0036755,2025,9,RB,Jaret Patterson,LAC,xgb,6.945000171661377,0.03400000184774399,14.262999534606934,4.4
00-0036919,2025,9,RB,Kenny Gainwell,PIT,xgb,8.050000190734863,1.1399999856948853,15.369000434875488,7.4
00-0036973,2025,9,RB,Travis Etienne,JAX,xgb,9.984999656677246,3.0739998817443848,17.30299949645996,16.5
00-0036984,2025,9,RB,Trey Sermon,PIT,xgb,2.0439999103546143,0.0,9.362000465393066,0.0
00-0036997,2025,9,RB,Javonte Williams,DAL,xgb,17.045000076293945,10.133999824523926,24.363000869750977,7.300000000000001
00-0037085,2025,9,RB,Tyler Badie,DEN,xgb,3.486999988555908,0.0,10.805000305175781,2.6
00-0037120,2025,9,RB,Tyler Goodson,IND,xgb,2.9579999446868896,0.0,10.276000022888184,1.8
00-0037157,2025,9,RB,Bam Knight,ARI,xgb,9.442999839782715,2.5320000648498535,16.76099967956543,6.7
00-0037228,2025,9,RB,Jaylen Warren,PIT,xgb,13.640999794006348,6.730000019073486,20.958999633789062,16.9
00-0037248,2025,9,RB,James Cook,BUF,xgb,17.062000274658203,10.151000022888184,24.3799991607666,13.5
00-0037263,2025,9,RB,Tyler Allgeier,ATL,xgb,5.132999897003174,0.0,12.451000213623047,0.6000000000000001
00-0037329,2025,9,RB,Brittain Brown,CHI,xgb,0.8659999966621399,0.0,8.184000015258789,9.7
00-0037525,2025,9,RB,Jordan Mason,MIN,xgb,8.708999633789062,1.7979999780654907,16.027000427246094,4.7
00-0037563,2025,9,RB,Malik Davis,DAL,xgb,3.0139999389648438,0.0,10.331999778747559,0.30000000000000004
00-0037594,2025,9,RB,Julius Chestnut,TEN,xgb,3.5920000076293945,0.0,10.91100025177002,0.0
00-0037746,2025,9,RB,Brian Robinson,SF,xgb,4.294000148773193,0.0,11.612000465393066,11.3
00-0037840,2025,9,RB,Kyren Williams,LA,xgb,18.472999572753906,11.562000274658203,25.791000366210938,17.4
00-0038134,2025,9,RB,Kenneth Walker III,SEA,xgb,10.276000022888184,3.365000009536743,17.5939998626709,8.100000000000001
00-0038440,2025,9,RB,Zavier Scott,MIN,xgb,5.170000076293945,0.0,12.48799991607666,0.0
00-0038454,2025,9,RB,Keaton Mitchell,BAL,xgb,3.4709999561309814,0.0,10.788999557495117,2.8
00-0038542,2025,9,RB,Bijan Robinson,ATL,xgb,20.268999099731445,13.357999801635742,27.586999893188477,17.6
00-0038597,2025,9,RB,Chase Brown,CIN,xgb,13.314000129699707,6.4029998779296875,20.631999969482422,19.200000000000003
00-0038611,2025,9,RB,Chris Rodriguez Jr.,WAS,xgb,4.294000148773193,0.0,11.612000465393066,12.5
00-0038685,2025,9,RB,Chris Brooks,GB,xgb,1.7109999656677246,0.0,9.029000282287598,4.4
00-0038705,2025,9,RB,Emari Demercado,ARI,xgb,2.382999897003174,0.0,9.701000213623047,8.8
00-0038738,2025,9,RB,Hunter Luepke,DAL,xgb,2.2660000324249268,0.0,9.583999633789062,0.0
00-0038797,2025,9,RB,Emanuel Wilson,GB,xgb,7.354000091552734,0.4429999887943268,14.67199993133545,2.7
00-0038896,2025,9,RB,Jacob Saylors,DET,xgb,1.6740000247955322,0.0,8.991999626159668,0.0
00-0039032,2025,9,RB,Tyjae Spears,TEN,xgb,10.468999862670898,3.558000087738037,17.78700065612793,9.2
00-0039040,2025,9,RB,De'Von Achane,MIA,xgb,16.516000747680664,9.604999542236328,23.833999633789062,16.6
00-0039139,2025,9,RB,Jahmyr Gibbs,DET,xgb,13.645999908447266,6.735000133514404,20.964000701904297,5.800000000000001
00-0039165,2025,9,RB,Zach Charbonnet,SEA,xgb,11.020000457763672,4.109000205993652,18.339000701904297,5.6000000000000005
00-0039299,2025,9,RB,George Holani,SEA,xgb,1.7610000371932983,0.0,9.079000473022461,0.9
00-0039363,2025,9,RB,Isaac Guerendo,SF,xgb,0.871999979019165,0.0,8.1899995803833,0.0
00-0039364,2025,9,RB,Sione Vaki,DET,xgb,1.7619999647140503,0.0,9.081000328063965,0.0
00-0039384,2025,9,RB,Tyrone Tracy Jr.,NYG,xgb,9.057000160217285,2.1459999084472656,16.375,6.7
00-0039391,2025,9,RB,Kimani Vidal,LAC,xgb,17.14299964904785,10.232000350952148,24.461000442504883,3.0
00-0039407,2025,9,RB,Dylan Laube,LV,xgb,2.815000057220459,0.0,10.133000373840332,0.0
00-0039603,2025,9,RB,British Brooks,HOU,xgb,1.8250000476837158,0.0,9.142999649047852,0.0
00-0039738,2025,9,RB,Blake Corum,LA,xgb,4.644999980926514,0.0,11.963000297546387,5.800000000000001
00-0039757,2025,9,RB,Terrell Jennings,NE,xgb,4.369999885559082,0.0,11.687999725341797,11.4
00-0039796,2025,9,RB,Rasheen Ali,BAL,xgb,0.871999979019165,0.0,8.1899995803833,0.0
00-0039875,2025,9,RB,Ray Davis,BUF,xgb,4.502999782562256,0.0,11.821000099182129,0.0
00-0040078,2025,9,RB,Brashard Smith,KC,xgb,6.1579999923706055,0.0,13.47599983215332,0.7000000000000001
00-0040122,2025,9,RB,Ashton Jeanty,LV,xgb,14.031999588012695,7.120999813079834,21.350000381469727,19.9
00-0040142,2025,9,RB,Kaleb Johnson,PIT,xgb,4.4070000648498535,0.0,11.725000381469727,2.3
00-0040198,2025,9,RB,Ollie Gordon II,MIA,xgb,4.709000110626221,0.0,12.027000427246094,1.9
00-0040202,2025,9,RB,Devin Neal,NO,xgb,2.5309998989105225,0.0,9.848999977111816,2.2
00-0040208,2025,9,RB,Tahj Brooks,CIN,xgb,1.347000002861023,0.0,8.664999961853027,0.1
00-0040236,2025,9,RB,Kyle Monangai,CHI,xgb,6.4019999504089355,0.0,13.720000267028809,22.8
00-0040238,2025,9,RB,LeQuint Allen Jr.,JAX,xgb,1.8700000047683716,0.0,9.187999725341797,2.1
00-0040242,2025,9,RB,Jacory Croskey-Merritt,WAS,xgb,8.390000343322754,1.4789999723434448,15.708000183105469,5.1000000000000005
00-0040583,2025,9,RB,Woody Marks,HOU,xgb,10.718000411987305,3.806999921798706,18.035999298095703,2.7
00-0040644,2025,9,RB,Trevor Etienne,CAR,xgb,4.369999885559082,0.0,11.687999725341797,0.0
00-0040649,2025,9,RB,Robbie Ouzts,SEA,xgb,0.8659999966621399,0.0,8.184000015258789,0.0
00-0040719,2025,9,RB,Bhayshul Tuten,JAX,xgb,5.205999851226807,0.0,12.52400016784668,9.6
00-0040730,2025,9,RB,RJ Harvey,DEN,xgb,8.916999816894531,2.00600004196167,16.235000610351562,16.6
00-0040734,2025,9,RB,TreVeyon Henderson,NE,xgb,8.006999969482422,1.0959999561309814,15.324999809265137,12.700000000000001
00-0031687,2025,10,RB,Raheem Mostert,LV,xgb,3.305999994277954,0.0,10.62399959564209,2.5
00-0032104,2025,10,RB,Ameer Abdullah,IND,xgb,3.180000066757202,0.0,10.49899959564209,1.8
00-0032764,2025,10,RB,Derrick Henry,BAL,xgb,14.373000144958496,7.461999893188477,21.69099998474121,11.4
00-0033280,2025,10,RB,Christian McCaffrey,SF,xgb,18.299999237060547,11.388999938964844,25.618000030517578,17.6
00-0033293,2025,10,RB,Aaron Jones,MIN,xgb,9.25,2.3389999866485596,16.56800079345703,15.9
00-0033376,2025,10,RB,Patrick Ricard,BAL,xgb,1.1150000095367432,0.0,8.432999610900879,0.30000000000000004
00-0033906,2025,10,RB,Alvin Kamara,NO,xgb,10.277000427246094,3.365999937057495,17.594999313354492,14.5
00-0033955,2025,10,RB,Jeremy McNichols,WAS,xgb,5.571000099182129,0.0,12.888999938964844,3.9000000000000004
00-0034791,2025,10,RB,Nick Chubb,HOU,xgb,6.208000183105469,0.0,13.526000022888184,6.2
00-0034844,2025,10,RB,Saquon Barkley,PHI,xgb,13.736000061035156,6.824999809265137,21.054000854492188,13.100000000000001
00-0034975,2025,10,RB,Justice Hill,BAL,xgb,8.463000297546387,1.5520000457763672,15.781000137329102,8.3
00-0035250,2025,10,RB,Devin Singletary,NYG,xgb,4.885000228881836,0.0,12.20300006866455,10.3
00-0035291,2025,10,RB,Trayveon Williams,LAC,xgb,0.8360000252723694,0.0,8.154000282287598,0.0
00-0035537,2025,10,RB,Ty Johnson,BUF,xgb,2.496999979019165,0.0,9.8149995803833,4.6
00-0035628,2025,10,RB,D'Ernest Johnson,NE,xgb,2.3469998836517334,0.0,9.666000366210938,0.1
00-0035685,2025,10,RB,David Montgomery,DET,xgb,9.552000045776367,2.6410000324249268,16.8700008392334,10.100000000000001
00-0035700,2025,10,RB,Josh Jacobs,GB,xgb,15.689000129699707,8.777999877929688,23.006999969482422,19.700000000000003
00-0036139,2025,10,RB,Rico Dowdle,CAR,xgb,14.496000289916992,7.585000038146973,21.81399917602539,15.3
00-0036158,2025,10,RB,J.K. Dobbins,DEN,xgb,16.226999282836914,9.315999984741211,23.54599952697754,9.4
00-0036223,2025,10,RB,Jonathan Taylor,IND,xgb,21.0049991607666,14.093999862670898,28.322999954223633,49.6
00-0036275,2025,10,RB,D'Andre Swift,CHI,xgb,14.321999549865723,7.410999774932861,21.639999389648438,14.8
00-0036555,2025,10,RB,Chuba Hubbard,CAR,xgb,7.195000171661377,0.2840000092983246,14.512999534606934,2.5
00-0036755,2025,10,RB,Jaret Patterson,LAC,xgb,6.374000072479248,0.0,13.692000389099121,0.1
00-0036842,2025,10,RB,Kene Nwangwu,NYJ,xgb,1.1629999876022339,0.0,8.480999946594238,6.0
00-0036919,2025,10,RB,Kenny Gainwell,PIT,xgb,9.666000366210938,2.75600004196167,16.985000610351562,2.4
00-0036924,2025,10,RB,Michael Carter,ARI,xgb,8.01099967956543,1.100000023841858,15.329000473022461,0.4
00-0036973,2025,10,RB,Travis Etienne,JAX,xgb,13.6899995803833,6.7789998054504395,21.007999420166016,15.7
00-0036984,2025,10,RB,Trey Sermon,PIT,xgb,1.8179999589920044,0.0,9.13599967956543,0.0
00-0037085,2025,10,RB,Tyler Badie,DEN,xgb,2.5989999771118164,0.0,9.916999816894531,0.0
00-0037120,2025,10,RB,Tyler Goodson,IND,xgb,2.0969998836517334,0.0,9.414999961853027,0.4
00-0037157,2025,10,RB,Bam Knight,ARI,xgb,7.294000148773193,0.382999986410141,14.612000465393066,4.300000000000001
00-0037228,2025,10,RB,Jaylen Warren,PIT,xgb,15.364999771118164,8.454000473022461,22.683000564575195,11.1
00-0037248,2025,10,RB,James Cook,BUF,xgb,18.469999313354492,11.559000015258789,25.788000106811523,10.7
00-0037256,2025,10,RB,Rachaad White,TB,xgb,11.631999969482422,4.7210001945495605,18.950000762939453,10.4
00-0037258,2025,10,RB,Dameon Pierce,HOU,xgb,4.734000205993652,0.0,12.053000450134277,0.0
00-0037263,2025,10,RB,Tyler Allgeier,ATL,xgb,4.2870001792907715,0.0,11.604999542236328,17.7
00-0037267,2025,10,RB,Jerome Ford,CLE,xgb,6.307000160217285,0.0,13.625,0.1
00-0037525,2025,10,RB,Jordan Mason,MIN,xgb,10.491000175476074,3.5799999237060547,17.80900001525879,4.1
00-0037746,2025,10,RB,Brian Robinson,SF,xgb,4.375999927520752,0.0,11.694000244140625,11.5
00-0037840,2025,10,RB,Kyren Williams,LA,xgb,14.0600004196167,7.14900016784668,21.378000259399414,22.4
00-0038120,2025,10,RB,Breece Hall,NYJ,xgb,10.598999977111816,3.687999963760376,17.91699981689453,19.5
00-0038134,2025,10,RB,Kenneth Walker III,SEA,xgb,11.79699993133545,4.886000156402588,19.114999771118164,8.0
00-0038454,2025,10,RB,Keaton Mitchell,BAL,xgb,4.370999813079834,0.0,11.6899995803833,3.1
00-0038488,2025,10,RB,Brady Russell,SEA,xgb,0.8420000076293945,0.0,8.15999984741211,0.0
00-0038542,2025,10,RB,Bijan Robinson,ATL,xgb,14.911999702453613,8.00100040435791,22.229999542236328,10.8
00-0038555,2025,10,RB,Tank Bigsby,PHI,xgb,4.6529998779296875,0.0,11.970999717712402,0.7000000000000001
00-0038611,2025,10,RB,Chris Rodriguez Jr.,WAS,xgb,3.4100000858306885,0.0,10.727999687194824,7.6
00-0038685,2025,10,RB,Chris Brooks,GB,xgb,2.0209999084472656,0.0,9.33899974822998,0.0
00-0038705,2025,10,RB,Emari Demercado,ARI,xgb,6.926000118255615,0.01600000075995922,14.244999885559082,13.4
00-0038797,2025,10,RB,Emanuel Wilson,GB,xgb,5.839000225067139,0.0,13.156999588012695,1.4
00-0038951,2025,10,RB,Sean Tucker,TB,xgb,4.427000045776367,0.0,11.744999885559082,6.1000000000000005
00-0039040,2025,10,RB,De'Von Achane,MIA,xgb,16.413000106811523,9.501999855041504,23.731000900268555,40.5
00-0039139,2025,10,RB,Jahmyr Gibbs,DET,xgb,16.643999099731445,9.732999801635742,23.961999893188477,38.2
00-0039165,2025,10,RB,Zach Charbonnet,SEA,xgb,6.752999782562256,0.0,14.071000099182129,14.3
00-0039299,2025,10,RB,George Holani,SEA,xgb,3.753999948501587,0.0,11.071999549865723,9.1
00-0039364,2025,10,RB,Sione Vaki,DET,xgb,1.0809999704360962,0.0,8.39900016784668,0.4
00-0039384,2025,10,RB,Tyrone Tracy Jr.,NYG,xgb,6.9629998207092285,0.052000001072883606,14.281000137329102,8.100000000000001
00-0039391,2025,10,RB,Kimani Vidal,LAC,xgb,10.571999549865723,3.6610000133514404,17.889999389648438,17.8
00-0039407,2025,10,RB,Dylan Laube,LV,xgb,1.1410000324249268,0.0,8.458999633789062,0.0
00-0039738,2025,10,RB,Blake Corum,LA,xgb,6.436999797821045,0.0,13.755999565124512,5.6000000000000005
00-0039746,2025,10,RB,Will Shipley,PHI,xgb,2.677999973297119,0.0,9.996000289916992,5.4
00-0039757,2025,10,RB,Terrell Jennings,NE,xgb,4.656000137329102,0.0,11.975000381469727,0.5
00-0039798,2025,10,RB,Isaiah Davis,NYJ,xgb,6.339000225067139,0.0,13.656999588012695,2.1
00-0039874,2025,10,RB,Jaylen Wright,MIA,xgb,4.333000183105469,0.0,11.651000022888184,1.7000000000000002
00-0039875,2025,10,RB,Ray Davis,BUF,xgb,3.196000099182129,0.0,10.513999938964844,0.8
00-0040122,2025,10,RB,Ashton Jeanty,LV,xgb,18.49799919128418,11.586999893188477,25.81599998474121,15.3
00-0040142,2025,10,RB,Kaleb Johnson,PIT,xgb,2.453000068664551,0.0,9.770999908447266,0.30000000000000004
00-0040162,2025,10,RB,Dylan Sampson,CLE,xgb,5.422999858856201,0.0,12.741999626159668,0.9
00-0040198,2025,10,RB,Ollie Gordon II,MIA,xgb,4.5329999923706055,0.0,11.85099983215332,-0.30000000000000004
00-0040202,2025,10,RB,Devin Neal,NO,xgb,3.3570001125335693,0.0,10.675000190734863,6.1
00-0040236,2025,10,RB,Kyle Monangai,CHI,xgb,13.543999671936035,6.632999897003174,20.86199951171875,8.8
00-0040238,2025,10,RB,LeQuint Allen Jr.,JAX,xgb,3.1610000133514404,0.0,10.479000091552734,1.6
00-0040242,2025,10,RB,Jacory Croskey-Merritt,WAS,xgb,8.553999900817871,1.6430000066757202,15.871999740600586,3.0
00-0040583,2025,10,RB,Woody Marks,HOU,xgb,8.815999984741211,1.9049999713897705,16.134000778198242,16.1
00-0040644,2025,10,RB,Trevor Etienne,CAR,xgb,2.2269999980926514,0.0,9.545000076293945,0.0
00-0040649,2025,10,RB,Robbie Ouzts,SEA,xgb,0.8360000252723694,0.0,8.154000282287598,0.0
00-0040719,2025,10,RB,Bhayshul Tuten,JAX,xgb,5.468999862670898,0.0,12.786999702453613,2.0
00-0040730,2025,10,RB,RJ Harvey,DEN,xgb,10.107999801635742,3.197000026702881,17.426000595092773,3.8
00-0040734,2025,10,RB,TreVeyon Henderson,NE,xgb,9.510000228881836,2.5989999771118164,16.827999114990234,28.0
00-0040784,2025,10,RB,Quinshon Judkins,CLE,xgb,11.380999565124512,4.46999979019165,18.698999404907227,10.5
00-0031687,2025,11,RB,Raheem Mostert,LV,xgb,2.9719998836517334,0.0,10.289999961853027,3.3
00-0032764,2025,11,RB,Derrick Henry,BAL,xgb,12.130000114440918,5.218999862670898,19.447999954223633,20.200000000000003
00-0033280,2025,11,RB,Christian McCaffrey,SF,xgb,17.375,10.46399974822998,24.69300079345703,35.1
00-0033293,2025,11,RB,Aaron Jones,MIN,xgb,10.644000053405762,3.7330000400543213,17.961999893188477,11.1
00-0033376,2025,11,RB,Patrick Ricard,BAL,xgb,2.053999900817871,0.0,9.371999740600586,0.0
00-0033854,2025,11,RB,Dare Ogunbowale,HOU,xgb,1.4140000343322754,0.0,8.732000350952148,1.9
00-0033923,2025,11,RB,Kareem Hunt,KC,xgb,7.065000057220459,0.1550000011920929,14.383999824523926,13.2
00-0033955,2025,11,RB,Jeremy McNichols,WAS,xgb,5.507999897003174,0.0,12.826000213623047,4.9
00-0034681,2025,11,RB,Chase Edmonds,WAS,xgb,3.9089999198913574,0.0,11.22700023651123,0.0
00-0034791,2025,11,RB,Nick Chubb,HOU,xgb,7.572000026702881,0.6610000133514404,14.890000343322754,1.7000000000000002
00-0034844,2025,11,RB,Saquon Barkley,PHI,xgb,16.586000442504883,9.675000190734863,23.905000686645508,10.0
00-0035250,2025,11,RB,Devin Singletary,NYG,xgb,5.6620001792907715,0.0,12.979999542236328,17.7
00-0035261,2025,11,RB,Tony Pollard,TEN,xgb,13.199999809265137,6.289000034332275,20.51799964904785,5.6
00-0035291,2025,11,RB,Trayveon Williams,LAC,xgb,0.8360000252723694,0.0,8.154000282287598,0.9
00-0035537,2025,11,RB,Ty Johnson,BUF,xgb,2.4519999027252197,0.0,9.770000457763672,15.0
00-0035594,2025,11,RB,Travis Homer,CHI,xgb,1.1629999876022339,0.0,8.480999946594238,-0.2
00-0035628,2025,11,RB,D'Ernest Johnson,NE,xgb,2.5339999198913574,0.0,9.85200023651123,0.6000000000000001
00-0035685,2025,11,RB,David Montgomery,DET,xgb,11.329000473022461,4.418000221252441,18.64699935913086,4.7
00-0035700,2025,11,RB,Josh Jacobs,GB,xgb,18.385000228881836,11.473999977111816,25.702999114990234,4.0
00-0036139,2025,11,RB,Rico Dowdle,CAR,xgb,12.206999778747559,5.296000003814697,19.524999618530273,15.0
00-0036187,2025,11,RB,Reggie Gilliam,BUF,xgb,0.9399999976158142,0.0,8.258000373840332,0.0
00-0036275,2025,11,RB,D'Andre Swift,CHI,xgb,12.963000297546387,6.052000045776367,20.2810001373291,9.0
00-0036555,2025,11,RB,Chuba Hubbard,CAR,xgb,5.301000118255615,0.0,12.619000434875488,3.8000000000000003
00-0036567,2025,11,RB,Elijah Mitchell,KC,xgb,6.946000099182129,0.03500000014901161,14.263999938964844,0.0
00-0036842,2025,11,RB,Kene Nwangwu,NYJ,xgb,0.925000011920929,0.0,8.243000030517578,0.0
00-0036919,2025,11,RB,Kenny Gainwell,PIT,xgb,8.64900016784668,1.7380000352859497,15.967000007629395,29.5
00-0036924,2025,11,RB,Michael Carter,ARI,xgb,5.048999786376953,0.0,12.368000030517578,7.800000000000001
00-0036973,2025,11,RB,Travis Etienne,JAX,xgb,12.381999969482422,5.4710001945495605,19.700000762939453,19.3
00-0036997,2025,11,RB,Javonte Williams,DAL,xgb,15.515000343322754,8.604000091552734,22.83300018310547,10.3
00-0037085,2025,11,RB,Tyler Badie,DEN,xgb,2.812000036239624,0.0,10.130000114440918,1.0
00-0037157,2025,11,RB,Bam Knight,ARI,xgb,8.241000175476074,1.3300000429153442,15.559000015258789,14.5
00-0037228,2025,11,RB,Jaylen Warren,PIT,xgb,10.543000221252441,3.631999969482422,17.861000061035156,8.7
00-0037248,2025,11,RB,James Cook,BUF,xgb,21.43899917602539,14.527999877929688,28.756999969482422,20.4
00-0037256,2025,11,RB,Rachaad White,TB,xgb,13.222999572753906,6.311999797821045,20.541000366210938,8.2
00-0037263,2025,11,RB,Tyler Allgeier,ATL,xgb,7.195000171661377,0.2840000092983246,14.512999534606934,9.6
00-0037267,2025,11,RB,Jerome Ford,CLE,xgb,3.946000099182129,0.0,11.263999938964844,0.2
00-0037525,2025,11,RB,Jordan Mason,MIN,xgb,8.859999656677246,1.9490000009536743,16.17799949645996,10.5
00-0037563,2025,11,RB,Malik Davis,DAL,xgb,2.749000072479248,0.0,10.067999839782715,2.0
00-0037594,2025,11,RB,Julius Chestnut,TEN,xgb,1.2230000495910645,0.0,8.541000366210938,0.0
00-0037746,2025,11,RB,Brian Robinson,SF,xgb,4.21999979019165,0.0,11.538000106811523,2.4000000000000004
00-0037840,2025,11,RB,Kyren Williams,LA,xgb,11.25,4.339000225067139,18.56800079345703,16.6
00-0038120,2025,11,RB,Breece Hall,NYJ,xgb,15.670000076293945,8.758999824523926,22.988000869750977,8.4
00-0038134,2025,11,RB,Kenneth Walker III,SEA,xgb,10.744999885559082,3.8340001106262207,18.062999725341797,20.1
00-0038454,2025,11,RB,Keaton Mitchell,BAL,xgb,5.172999858856201,0.0,12.491000175476074,7.4
00-0038488,2025,11,RB,Brady Russell,SEA,xgb,0.8420000076293945,0.0,8.15999984741211,0.0
00-0038542,2025,11,RB,Bijan Robinson,ATL,xgb,19.266000747680664,12.354999542236328,26.583999633789062,30.3
00-0038555,2025,11,RB,Tank Bigsby,PHI,xgb,2.490000009536743,0.0,9.807999610900879,3.4000000000000004
00-0038597,2025,11,RB,Chase Brown,CIN,xgb,13.053000450134277,6.142000198364258,20.371000289916992,18.700000000000003
00-0038611,2025,11,RB,Chris Rodriguez Jr.,WAS,xgb,4.302000045776367,0.0,11.619999885559082,9.5
00-0038685,2025,11,RB,Chris Brooks,GB,xgb,2.121000051498413,0.0,9.439000129699707,0.8
00-0038705,2025,11,RB,Emari Demercado,ARI,xgb,10.847000122070312,3.936000108718872,18.165000915527344,4.0
00-0038738,2025,11,RB,Hunter Luepke,DAL,xgb,1.2230000495910645,0.0,8.541000366210938,7.1000000000000005
00-0038794,2025,11,RB,Jaleel McLaughlin,DEN,xgb,6.382999897003174,0.0,13.701000213623047,8.4
00-0038797,2025,11,RB,Emanuel Wilson,GB,xgb,4.367000102996826,0.0,11.6850004196167,13.9
00-0038896,2025,11,RB,Jacob Saylors,DET,xgb,1.1469999551773071,0.0,8.46500015258789,0.0
00-0038951,2025,11,RB,Sean Tucker,TB,xgb,4.995999813079834,0.0,12.3149995803833,34.0
00-0039021,2025,11,RB,Roschon Johnson,CHI,xgb,2.7209999561309814,0.0,10.038999557495117,0.0
00-0039032,2025,11,RB,Tyjae Spears,TEN,xgb,7.370999813079834,0.46000000834465027,14.689000129699707,8.4
00-0039040,2025,11,RB,De'Von Achane,MIA,xgb,23.017000198364258,16.106000900268555,30.334999084472656,21.5
00-0039139,2025,11,RB,Jahmyr Gibbs,DET,xgb,16.613000869750977,9.70199966430664,23.930999755859375,19.6
00-0039165,2025,11,RB,Zach Charbonnet,SEA,xgb,11.248000144958496,4.336999893188477,18.56599998474121,6.7
00-0039299,2025,11,RB,George Holani,SEA,xgb,2.515000104904175,0.0,9.833000183105469,0.6000000000000001
00-0039384,2025,11,RB,Tyrone Tracy Jr.,NYG,xgb,10.904000282287598,3.99399995803833,18.222999572753906,17.9
00-0039391,2025,11,RB,Kimani Vidal,LAC,xgb,12.605999946594238,5.695000171661377,19.923999786376953,3.2
00-0039407,2025,11,RB,Dylan Laube,LV,xgb,0.9150000214576721,0.0,8.232999801635742,0.0
00-0039738,2025,11,RB,Blake Corum,LA,xgb,6.839000225067139,0.0,14.156999588012695,1.5
00-0039796,2025,11,RB,Rasheen Ali,BAL,xgb,0.8420000076293945,0.0,8.15999984741211,2.5
00-0039798,2025,11,RB,Isaiah Davis,NYJ,xgb,7.445000171661377,0.5339999794960022,14.762999534606934,1.1
00-0039874,2025,11,RB,Jaylen Wright,MIA,xgb,4.96999979019165,0.0,12.288000106811523,0.4
00-0039875,2025,11,RB,Ray Davis,BUF,xgb,2.9800000190734863,0.0,10.29800033569336,0.0
00-0040078,2025,11,RB,Brashard Smith,KC,xgb,4.343999862670898,0.0,11.661999702453613,2.8
00-0040122,2025,11,RB,Ashton Jeanty,LV,xgb,13.295000076293945,6.383999824523926,20.61400032043457,9.4
00-0040142,2025,11,RB,Kaleb Johnson,PIT,xgb,3.061000108718872,0.0,10.378999710083008,1.5
00-0040162,2025,11,RB,Dylan Sampson,CLE,xgb,4.341000080108643,0.0,11.659000396728516,1.9000000000000001
00-0040198,2025,11,RB,Ollie Gordon II,MIA,xgb,3.750999927520752,0.0,11.069000244140625,10.5
00-0040208,2025,11,RB,Tahj Brooks,CIN,xgb,2.1710000038146973,0.0,9.489999771118164,0.5
00-0040236,2025,11,RB,Kyle Monangai,CHI,xgb,8.586999893188477,1.6759999990463257,15.904999732971191,10.7
00-0040238,2025,11,RB,LeQuint Allen Jr.,JAX,xgb,1.7699999809265137,0.0,9.088000297546387,3.6
00-0040242,2025,11,RB,Jacory Croskey-Merritt,WAS,xgb,8.57699966430664,1.6660000085830688,15.895000457763672,4.300000000000001
00-0040583,2025,11,RB,Woody Marks,HOU,xgb,10.972000122070312,4.060999870300293,18.290000915527344,6.1000000000000005
00-0040644,2025,11,RB,Trevor Etienne,CAR,xgb,2.197000026702881,0.0,9.515000343322754,0.2
00-0040719,2025,11,RB,Bhayshul Tuten,JAX,xgb,4.495999813079834,0.0,11.814000129699707,13.4
00-0040730,2025,11,RB,RJ Harvey,DEN,xgb,9.22599983215332,2.315000057220459,16.54400062561035,8.0
00-0040734,2025,11,RB,TreVeyon Henderson,NE,xgb,12.621999740600586,5.710999965667725,19.940000534057617,32.3
00-0040784,2025,11,RB,Quinshon Judkins,CLE,xgb,13.729000091552734,6.817999839782715,21.047000885009766,5.9
00-0031687,2025,12,RB,Raheem Mostert,LV,xgb,2.8940000534057617,0.0,10.211999893188477,5.0
00-0032104,2025,12,RB,Ameer Abdullah,IND,xgb,2.187000036239624,0.0,9.505999565124512,0.0
00-0032764,2025,12,RB,Derrick Henry,BAL,xgb,15.100000381469727,8.189000129699707,22.417999267578125,22.8
00-0033280,2025,12,RB,Christian McCaffrey,SF,xgb,17.099000930786133,10.187999725341797,24.41699981689453,27.200000000000003
00-0033293,2025,12,RB,Aaron Jones,MIN,xgb,12.107000350952148,5.196000099182129,19.424999237060547,8.7
00-0033854,2025,12,RB,Dare Ogunbowale,HOU,xgb,1.9040000438690186,0.0,9.222000122070312,0.0
00-0033906,2025,12,RB,Alvin Kamara,NO,xgb,10.85099983215332,3.940000057220459,18.16900062561035,3.5
00-0033923,2025,12,RB,Kareem Hunt,KC,xgb,7.658999919891357,0.7480000257492065,14.977999687194824,20.0
00-0034791,2025,12,RB,Nick Chubb,HOU,xgb,5.9730000495910645,0.0,13.291999816894531,2.5
00-0034844,2025,12,RB,Saquon Barkley,PHI,xgb,14.197999954223633,7.2870001792907715,21.516000747680664,12.4
00-0034975,2025,12,RB,Justice Hill,BAL,xgb,3.815999984741211,0.0,11.135000228881836,0.0
00-0035250,2025,12,RB,Devin Singletary,NYG,xgb,10.185999870300293,3.2750000953674316,17.503999710083008,4.7
00-0035261,2025,12,RB,Tony Pollard,TEN,xgb,10.694999694824219,3.7839999198913574,18.01300048828125,8.100000000000001
00-0035537,2025,12,RB,Ty Johnson,BUF,xgb,5.3470001220703125,0.0,12.664999961853027,8.2
00-0035685,2025,12,RB,David Montgomery,DET,xgb,7.710000038146973,0.800000011920929,15.029000282287598,6.7
00-0036139,2025,12,RB,Rico Dowdle,CAR,xgb,22.940000534057617,16.02899932861328,30.257999420166016,11.4
00-0036187,2025,12,RB,Reggie Gilliam,BUF,xgb,0.8420000076293945,0.0,8.15999984741211,1.2
00-0036223,2025,12,RB,Jonathan Taylor,IND,xgb,21.691999435424805,14.781000137329102,29.010000228881836,8.600000000000001
00-0036275,2025,12,RB,D'Andre Swift,CHI,xgb,13.826000213623047,6.914999961853027,21.143999099731445,1.9000000000000004
00-0036360,2025,12,RB,Clyde Edwards-Helaire,KC,xgb,3.319999933242798,0.0,10.637999534606934,3.7
00-0036555,2025,12,RB,Chuba Hubbard,CAR,xgb,5.566999912261963,0.0,12.885000228881836,8.3
00-0036569,2025,12,RB,Gary Brightwell,CIN,xgb,1.8300000429153442,0.0,9.14799976348877,0.0
00-0036842,2025,12,RB,Kene Nwangwu,NYJ,xgb,1.0920000076293945,0.0,8.40999984741211,0.0
00-0036875,2025,12,RB,Rhamondre Stevenson,NE,xgb,9.003999710083008,2.0929999351501465,16.322999954223633,2.0
00-0036919,2025,12,RB,Kenny Gainwell,PIT,xgb,9.258999824523926,2.3480000495910645,16.57699966430664,18.200000000000003
00-0036924,2025,12,RB,Michael Carter,ARI,xgb,7.8460001945495605,0.9359999895095825,15.164999961853027,8.8
00-0036973,2025,12,RB,Travis Etienne,JAX,xgb,14.092000007629395,7.181000232696533,21.40999984741211,20.6
00-0036997,2025,12,RB,Javonte Williams,DAL,xgb,13.741999626159668,6.830999851226807,21.059999465942383,12.100000000000001
00-0037120,2025,12,RB,Tyler Goodson,IND,xgb,2.7820000648498535,0.0,10.100000381469727,0.0
00-0037157,2025,12,RB,Bam Knight,ARI,xgb,7.2729997634887695,0.3630000054836273,14.592000007629395,13.2
00-0037228,2025,12,RB,Jaylen Warren,PIT,xgb,10.711000442504883,3.799999952316284,18.02899932861328,12.8
00-0037248,2025,12,RB,James Cook,BUF,xgb,19.07699966430664,12.166000366210938,26.395000457763672,21.9
00-0037256,2025,12,RB,Rachaad White,TB,xgb,11.550999641418457,4.639999866485596,18.868999481201172,5.2
00-0037263,2025,12,RB,Tyler Allgeier,ATL,xgb,4.693999767303467,0.0,12.01200008392334,5.9
00-0037267,2025,12,RB,Jerome Ford,CLE,xgb,2.9059998989105225,0.0,10.223999977111816,-0.30000000000000004
00-0037525,2025,12,RB,Jordan Mason,MIN,xgb,7.565000057220459,0.6539999842643738,14.883000373840332,4.2
00-0037563,2025,12,RB,Malik Davis,DAL,xgb,2.549999952316284,0.0,9.868000030517578,2.4000000000000004
00-0037594,2025,12,RB,Julius Chestnut,TEN,xgb,1.24399995803833,0.0,8.562000274658203,0.30000000000000004
00-0037746,2025,12,RB,Brian Robinson,SF,xgb,4.544000148773193,0.0,11.862000465393066,5.4
00-0037840,2025,12,RB,Kyren Williams,LA,xgb,11.626999855041504,4.716000080108643,18.94499969482422,5.800000000000001
00-0038120,2025,12,RB,Breece Hall,NYJ,xgb,14.479000091552734,7.567999839782715,21.797000885009766,13.9
00-0038134,2025,12,RB,Kenneth Walker III,SEA,xgb,12.557000160217285,5.645999908447266,19.875,13.100000000000001
00-0038396,2025,12,RB,Eric Gray,NYG,xgb,1.7389999628067017,0.0,9.057000160217285,0.0
00-0038454,2025,12,RB,Keaton Mitchell,BAL,xgb,4.954999923706055,0.0,12.27299976348877,2.9000000000000004
00-0038458,2025,12,RB,Owen Wright,TB,xgb,0.8360000252723694,0.0,8.154000282287598,0.6000000000000001
00-0038488,2025,12,RB,Brady Russell,SEA,xgb,0.8420000076293945,0.0,8.15999984741211,0.0
00-0038542,2025,12,RB,Bijan Robinson,ATL,xgb,18.750999450683594,11.840999603271484,26.06999969482422,14.700000000000001
00-0038555,2025,12,RB,Tank Bigsby,PHI,xgb,3.808000087738037,0.0,11.12600040435791,0.8
00-0038597,2025,12,RB,Chase Brown,CIN,xgb,15.366000175476074,8.454999923706055,22.68400001525879,15.0
00-0038685,2025,12,RB,Chris Brooks,GB,xgb,3.6029999256134033,0.0,10.920999526977539,3.6
00-0038738,2025,12,RB,Hunter Luepke,DAL,xgb,2.303999900817871,0.0,9.623000144958496,1.7000000000000002
00-0038797,2025,12,RB,Emanuel Wilson,GB,xgb,5.668000221252441,0.0,12.987000465393066,26.5
00-0038896,2025,12,RB,Jacob Saylors,DET,xgb,1.1469999551773071,0.0,8.46500015258789,0.0
00-0038951,2025,12,RB,Sean Tucker,TB,xgb,11.043000221252441,4.131999969482422,18.361000061035156,5.6000000000000005
00-0039032,2025,12,RB,Tyjae Spears,TEN,xgb,11.914999961853027,5.004000186920166,19.232999801635742,6.5
00-0039139,2025,12,RB,Jahmyr Gibbs,DET,xgb,17.572999954223633,10.661999702453613,24.891000747680664,55.400000000000006
00-0039165,2025,12,RB,Zach Charbonnet,SEA,xgb,10.770999908447266,3.859999895095825,18.089000701904297,9.5
00-0039384,2025,12,RB,Tyrone Tracy Jr.,NYG,xgb,14.697999954223633,7.7870001792907715,22.016000747680664,16.0
00-0039407,2025,12,RB,Dylan Laube,LV,xgb,1.4600000381469727,0.0,8.777999877929688,0.0
00-0039603,2025,12,RB,British Brooks,HOU,xgb,3.325000047683716,0.0,10.642999649047852,0.0
00-0039738,2025,12,RB,Blake Corum,LA,xgb,5.578999996185303,0.0,12.897000312805176,2.4000000000000004
00-0039746,2025,12,RB,Will Shipley,PHI,xgb,3.1519999504089355,0.0,10.470000267028809,0.0
00-0039757,2025,12,RB,Terrell Jennings,NE,xgb,4.258999824523926,0.0,11.57699966430664,0.0
00-0039798,2025,12,RB,Isaiah Davis,NYJ,xgb,7.1479997634887695,0.2370000034570694,14.465999603271484,0.7000000000000001
00-0039875,2025,12,RB,Ray Davis,BUF,xgb,2.065000057220459,0.0,9.383999824523926,6.0
00-0040078,2025,12,RB,Brashard Smith,KC,xgb,4.1519999504089355,0.0,11.470999717712402,6.6
00-0040122,2025,12,RB,Ashton Jeanty,LV,xgb,23.358999252319336,16.447999954223633,30.677000045776367,24.8
00-0040162,2025,12,RB,Dylan Sampson,CLE,xgb,4.706999778747559,0.0,12.024999618530273,16.200000000000003
00-0040202,2025,12,RB,Devin Neal,NO,xgb,3.2929999828338623,0.0,10.611000061035156,11.100000000000001
00-0040208,2025,12,RB,Tahj Brooks,CIN,xgb,2.3289999961853027,0.0,9.647000312805176,0.5
00-0040236,2025,12,RB,Kyle Monangai,CHI,xgb,13.071000099182129,6.159999847412109,20.388999938964844,10.8
00-0040238,2025,12,RB,LeQuint Allen Jr.,JAX,xgb,4.072999954223633,0.0,11.392000198364258,0.2
00-0040583,2025,12,RB,Woody Marks,HOU,xgb,10.22700023651123,3.315999984741211,17.545000076293945,7.9
00-0040644,2025,12,RB,Trevor Etienne,CAR,xgb,2.433000087738037,0.0,9.75100040435791,0.0
00-0040719,2025,12,RB,Bhayshul Tuten,JAX,xgb,8.338000297546387,1.4270000457763672,15.656000137329102,1.7000000000000002
00-0040734,2025,12,RB,TreVeyon Henderson,NE,xgb,16.340999603271484,9.430999755859375,23.65999984741211,11.1
00-0040784,2025,12,RB,Quinshon Judkins,CLE,xgb,14.72599983215332,7.815000057220459,22.045000076293945,16.7
00-0031687,2025,13,RB,Raheem Mostert,LV,xgb,3.509000062942505,0.0,10.82800006866455,0.6000000000000001
00-0032104,2025,13,RB,Ameer Abdullah,IND,xgb,2.3299999237060547,0.0,9.64900016784668,0.0
00-0032764,2025,13,RB,Derrick Henry,BAL,xgb,12.289999961853027,5.379000186920166,19.607999801635742,17.4
00-0033280,2025,13,RB,Christian McCaffrey,SF,xgb,16.579999923706055,9.668999671936035,23.898000717163086,17.4
00-0033293,2025,13,RB,Aaron Jones,MIN,xgb,11.317999839782715,4.4070000648498535,18.63599967956543,4.5
00-0033526,2025,13,RB,Samaje Perine,CIN,xgb,4.052999973297119,0.0,11.371999740600586,5.4
00-0033854,2025,13,RB,Dare Ogunbowale,HOU,xgb,1.4019999504089355,0.0,8.720000267028809,0.0
00-0033923,2025,13,RB,Kareem Hunt,KC,xgb,15.758999824523926,8.847999572753906,23.07699966430664,9.0
00-0033955,2025,13,RB,Jeremy McNichols,WAS,xgb,5.291999816894531,0.0,12.611000061035156,5.0
00-0034791,2025,13,RB,Nick Chubb,HOU,xgb,6.828999996185303,0.0,14.147000312805176,9.4
00-0034844,2025,13,RB,Saquon Barkley,PHI,xgb,16.13599967956543,9.225000381469727,23.45400047302246,5.6000000000000005
00-0035250,2025,13,RB,Devin Singletary,NYG,xgb,7.5929999351501465,0.6819999814033508,14.91100025177002,19.200000000000003
00-0035261,2025,13,RB,Tony Pollard,TEN,xgb,8.812000274658203,1.9010000228881836,16.1299991607666,5.300000000000001
00-0035311,2025,13,RB,Myles Gaskin,SEA,xgb,2.250999927520752,0.0,9.569999694824219,0.6000000000000001
00-0035537,2025,13,RB,Ty Johnson,BUF,xgb,6.145999908447266,0.0,13.46399974822998,5.5
00-0035594,2025,13,RB,Travis Homer,CHI,xgb,3.260999917984009,0.0,10.579000473022461,0.0
00-0035685,2025,13,RB,David Montgomery,DET,xgb,6.090000152587891,0.0,13.409000396728516,12.8
00-0035700,2025,13,RB,Josh Jacobs,GB,xgb,15.857999801635742,8.946999549865723,23.176000595092773,10.1
00-0036139,2025,13,RB,Rico Dowdle,CAR,xgb,16.635000228881836,9.723999977111816,23.952999114990234,9.9
00-0036187,2025,13,RB,Reggie Gilliam,BUF,xgb,0.8090000152587891,0.0,8.126999855041504,0.0
00-0036223,2025,13,RB,Jonathan Taylor,IND,xgb,26.388999938964844,19.47800064086914,33.707000732421875,15.100000000000001
00-0036275,2025,13,RB,D'Andre Swift,CHI,xgb,10.626999855041504,3.7160000801086426,17.94499969482422,20.8
00-0036555,2025,13,RB,Chuba Hubbard,CAR,xgb,9.204999923706055,2.2939999103546143,16.52400016784668,20.4
00-0036569,2025,13,RB,Gary Brightwell,CIN,xgb,1.5499999523162842,0.0,8.869000434875488,0.0
00-0036755,2025,13,RB,Jaret Patterson,LAC,xgb,3.999000072479248,0.0,11.317000389099121,11.4
00-0036875,2025,13,RB,Rhamondre Stevenson,NE,xgb,8.54800033569336,1.6369999647140503,15.866000175476074,11.0
00-0036919,2025,13,RB,Kenny Gainwell,PIT,xgb,12.815999984741211,5.906000137329102,20.135000228881836,6.5
00-0036924,2025,13,RB,Michael Carter,ARI,xgb,7.610000133514404,0.6990000009536743,14.928000450134277,11.4
00-0036973,2025,13,RB,Travis Etienne,JAX,xgb,14.680000305175781,7.769000053405762,21.99799919128418,5.1000000000000005
00-0036997,2025,13,RB,Javonte Williams,DAL,xgb,16.573999404907227,9.663000106811523,23.892000198364258,17.0
00-0037085,2025,13,RB,Tyler Badie,DEN,xgb,3.3340001106262207,0.0,10.652000427246094,4.8
00-0037120,2025,13,RB,Tyler Goodson,IND,xgb,1.5230000019073486,0.0,8.840999603271484,0.0
00-0037157,2025,13,RB,Bam Knight,ARI,xgb,9.057000160217285,2.1459999084472656,16.375,16.8
00-0037197,2025,13,RB,Isiah Pacheco,KC,xgb,8.973999977111816,2.062999963760376,16.29199981689453,5.300000000000001
00-0037228,2025,13,RB,Jaylen Warren,PIT,xgb,14.244999885559082,7.334000110626221,21.562999725341797,12.4
00-0037248,2025,13,RB,James Cook,BUF,xgb,15.685999870300293,8.774999618530273,23.003999710083008,18.7
00-0037256,2025,13,RB,Rachaad White,TB,xgb,7.488999843597412,0.578000009059906,14.807000160217285,5.9
00-0037263,2025,13,RB,Tyler Allgeier,ATL,xgb,6.489999771118164,0.0,13.807999610900879,13.5
00-0037267,2025,13,RB,Jerome Ford,CLE,xgb,3.1429998874664307,0.0,10.461999893188477,4.7
00-0037525,2025,13,RB,Jordan Mason,MIN,xgb,7.209000110626221,0.2980000078678131,14.527000427246094,5.800000000000001
00-0037557,2025,13,RB,Ronnie Rivers,LA,xgb,3.625,0.0,10.942999839782715,0.0
00-0037563,2025,13,RB,Malik Davis,DAL,xgb,2.742000102996826,0.0,10.0600004196167,10.7
00-0037594,2025,13,RB,Julius Chestnut,TEN,xgb,2.5320000648498535,0.0,9.850000381469727,0.0
00-0037746,2025,13,RB,Brian Robinson,SF,xgb,6.4029998779296875,0.0,13.720999717712402,2.6
00-0037840,2025,13,RB,Kyren Williams,LA,xgb,12.38599967956543,5.474999904632568,19.70400047302246,13.2
00-0038120,2025,13,RB,Breece Hall,NYJ,xgb,16.964000701904297,10.053000450134277,24.281999588012695,15.600000000000001
00-0038134,2025,13,RB,Kenneth Walker III,SEA,xgb,15.793000221252441,8.881999969482422,23.111000061035156,10.4
00-0038397,2025,13,RB,Evan Hull,NO,xgb,2.997999906539917,0.0,10.317000389099121,1.5
00-0038440,2025,13,RB,Zavier Scott,MIN,xgb,4.169000148773193,0.0,11.487000465393066,3.1
00-0038454,2025,13,RB,Keaton Mitchell,BAL,xgb,4.001999855041504,0.0,11.319999694824219,11.1
00-0038542,2025,13,RB,Bijan Robinson,ATL,xgb,16.71500015258789,9.803999900817871,24.033000946044922,30.3
00-0038597,2025,13,RB,Chase Brown,CIN,xgb,15.335000038146973,8.423999786376953,22.652999877929688,18.3
00-0038611,2025,13,RB,Chris Rodriguez Jr.,WAS,xgb,10.381999969482422,3.4709999561309814,17.700000762939453,10.100000000000001
00-0038685,2025,13,RB,Chris Brooks,GB,xgb,4.105999946594238,0.0,11.423999786376953,2.9
00-0038794,2025,13,RB,Jaleel McLaughlin,DEN,xgb,4.675000190734863,0.0,11.993000030517578,4.0
00-0038797,2025,13,RB,Emanuel Wilson,GB,xgb,13.008000373840332,6.0970001220703125,20.326000213623047,1.4000000000000001
00-0038951,2025,13,RB,Sean Tucker,TB,xgb,12.824999809265137,5.914000034332275,20.14299964904785,0.0
00-0039032,2025,13,RB,Tyjae Spears,TEN,xgb,11.295000076293945,4.383999824523926,18.613000869750977,8.4
00-0039040,2025,13,RB,De'Von Achane,MIA,xgb,22.79199981689453,15.880999565124512,30.110000610351562,19.4
00-0039139,2025,13,RB,Jahmyr Gibbs,DET,xgb,25.75,18.84000015258789,33.069000244140625,11.6
00-0039165,2025,13,RB,Zach Charbonnet,SEA,xgb,7.995999813079834,1.0850000381469727,15.314000129699707,11.2
00-0039361,2025,13,RB,Bucky Irving,TB,xgb,18.21500015258789,11.303999900817871,25.533000946044922,16.1
00-0039363,2025,13,RB,Isaac Guerendo,SF,xgb,0.8420000076293945,0.0,8.15999984741211,0.0
00-0039364,2025,13,RB,Sione Vaki,DET,xgb,1.8619999885559082,0.0,9.180000305175781,0.0
00-0039384,2025,13,RB,Tyrone Tracy Jr.,NYG,xgb,12.562999725341797,5.6519999504089355,19.881000518798828,4.300000000000001
00-0039391,2025,13,RB,Kimani Vidal,LAC,xgb,9.093999862670898,2.183000087738037,16.41200065612793,20.700000000000003
00-0039407,2025,13,RB,Dylan Laube,LV,xgb,1.4600000381469727,0.0,8.777999877929688,0.0
00-0039738,2025,13,RB,Blake Corum,LA,xgb,6.683000087738037,0.0,14.00100040435791,14.1
00-0039746,2025,13,RB,Will Shipley,PHI,xgb,2.128000020980835,0.0,9.446000099182129,2.1
00-0039757,2025,13,RB,Terrell Jennings,NE,xgb,2.9000000953674316,0.0,10.218999862670898,0.0
00-0039796,2025,13,RB,Rasheen Ali,BAL,xgb,1.218000054359436,0.0,8.53600025177002,1.7000000000000002
00-0039798,2025,13,RB,Isaiah Davis,NYJ,xgb,5.151000022888184,0.0,12.468999862670898,0.0
00-0039874,2025,13,RB,Jaylen Wright,MIA,xgb,3.240000009536743,0.0,10.557999610900879,1.6
00-0039875,2025,13,RB,Ray Davis,BUF,xgb,1.815000057220459,0.0,9.133000373840332,6.2
00-0040078,2025,13,RB,Brashard Smith,KC,xgb,5.52400016784668,0.0,12.842000007629395,0.0
00-0040122,2025,13,RB,Ashton Jeanty,LV,xgb,13.529999732971191,6.61899995803833,20.847999572753906,12.100000000000001
00-0040142,2025,13,RB,Kaleb Johnson,PIT,xgb,4.389999866485596,0.0,11.708000183105469,0.30000000000000004
00-0040162,2025,13,RB,Dylan Sampson,CLE,xgb,11.362000465393066,4.451000213623047,18.68000030517578,2.3000000000000003
00-0040198,2025,13,RB,Ollie Gordon II,MIA,xgb,4.989999771118164,0.0,12.307999610900879,1.0
00-0040202,2025,13,RB,Devin Neal,NO,xgb,8.814000129699707,1.9040000438690186,16.132999420166016,9.9
00-0040236,2025,13,RB,Kyle Monangai,CHI,xgb,10.678999900817871,3.7679998874664307,17.996999740600586,19.0
00-0040238,2025,13,RB,LeQuint Allen Jr.,JAX,xgb,3.0260000228881836,0.0,10.343999862670898,0.0
00-0040242,2025,13,RB,Jacory Croskey-Merritt,WAS,xgb,7.860000133514404,0.9490000009536743,15.178000450134277,2.0
00-0040583,2025,13,RB,Woody Marks,HOU,xgb,10.682999610900879,3.7720000743865967,18.000999450683594,7.7
00-0040644,2025,13,RB,Trevor Etienne,CAR,xgb,1.5429999828338623,0.0,8.861000061035156,1.4
00-0040719,2025,13,RB,Bhayshul Tuten,JAX,xgb,7.880000114440918,0.968999981880188,15.197999954223633,8.9
00-0040730,2025,13,RB,RJ Harvey,DEN,xgb,8.803999900817871,1.8930000066757202,16.121999740600586,21.2
00-0040734,2025,13,RB,TreVeyon Henderson,NE,xgb,10.843999862670898,3.933000087738037,18.16200065612793,11.6
00-0040784,2025,13,RB,Quinshon Judkins,CLE,xgb,10.864999771118164,3.9539999961853027,18.183000564575195,15.9
00-0031687,2025,14,RB,Raheem Mostert,LV,xgb,3.443000078201294,0.0,10.76099967956543,1.2
00-0032104,2025,14,RB,Ameer Abdullah,IND,xgb,1.4140000343322754,0.0,8.732000350952148,2.9
00-0032764,2025,14,RB,Derrick Henry,BAL,xgb,15.093000411987305,8.182000160217285,22.410999298095703,11.200000000000001
00-0033293,2025,14,RB,Aaron Jones,MIN,xgb,12.692999839782715,5.7820000648498535,20.01099967956543,7.6000000000000005
00-0033376,2025,14,RB,Patrick Ricard,BAL,xgb,0.8790000081062317,0.0,8.196999549865723,0.0
00-0033526,2025,14,RB,Samaje Perine,CIN,xgb,6.040999889373779,0.0,13.359000205993652,4.800000000000001
00-0033854,2025,14,RB,Dare Ogunbowale,HOU,xgb,1.4739999771118164,0.0,8.791999816894531,6.5
00-0033923,2025,14,RB,Kareem Hunt,KC,xgb,12.291000366210938,5.380000114440918,19.608999252319336,9.0
00-0033955,2025,14,RB,Jeremy McNichols,WAS,xgb,5.6620001792907715,0.0,12.979999542236328,1.2
00-0034791,2025,14,RB,Nick Chubb,HOU,xgb,7.849999904632568,0.9390000104904175,15.168000221252441,0.30000000000000004
00-0034844,2025,14,RB,Saquon Barkley,PHI,xgb,14.065999984741211,7.15500020980835,21.384000778198242,18.200000000000003
00-0035261,2025,14,RB,Tony Pollard,TEN,xgb,8.748000144958496,1.8370000123977661,16.06599998474121,28.1
00-0035537,2025,14,RB,Ty Johnson,BUF,xgb,6.585999965667725,0.0,13.904000282287598,5.9
00-0035594,2025,14,RB,Travis Homer,CHI,xgb,2.8580000400543213,0.0,10.175999641418457,0.0
00-0035685,2025,14,RB,David Montgomery,DET,xgb,6.60699987411499,0.0,13.925000190734863,14.3
00-0035700,2025,14,RB,Josh Jacobs,GB,xgb,15.041000366210938,8.130000114440918,22.358999252319336,17.200000000000003
00-0036187,2025,14,RB,Reggie Gilliam,BUF,xgb,0.9380000233650208,0.0,8.255999565124512,0.0
00-0036223,2025,14,RB,Jonathan Taylor,IND,xgb,23.77199935913086,16.861000061035156,31.09000015258789,11.4
00-0036275,2025,14,RB,D'Andre Swift,CHI,xgb,12.510000228881836,5.599999904632568,19.82900047302246,11.200000000000001
00-0036842,2025,14,RB,Kene Nwangwu,NYJ,xgb,1.0920000076293945,0.0,8.40999984741211,0.0
00-0036906,2025,14,RB,Khalil Herbert,NYJ,xgb,2.9760000705718994,0.0,10.293999671936035,0.0
00-0036919,2025,14,RB,Kenny Gainwell,PIT,xgb,12.232000350952148,5.321000099182129,19.549999237060547,16.2
00-0036924,2025,14,RB,Michael Carter,ARI,xgb,7.434999942779541,0.5249999761581421,14.753999710083008,5.1
00-0036973,2025,14,RB,Travis Etienne,JAX,xgb,12.508999824523926,5.5980000495910645,19.82699966430664,21.200000000000003
00-0036997,2025,14,RB,Javonte Williams,DAL,xgb,17.298999786376953,10.387999534606934,24.617000579833984,14.7
00-0037085,2025,14,RB,Tyler Badie,DEN,xgb,3.4489998817443848,0.0,10.767000198364258,3.1
00-0037157,2025,14,RB,Bam Knight,ARI,xgb,9.510000228881836,2.5989999771118164,16.827999114990234,6.4
00-0037197,2025,14,RB,Isiah Pacheco,KC,xgb,5.866000175476074,0.0,13.184000015258789,3.0
00-0037228,2025,14,RB,Jaylen Warren,PIT,xgb,11.258999824523926,4.3480000495910645,18.57699966430664,15.2
00-0037248,2025,14,RB,James Cook,BUF,xgb,18.18600082397461,11.276000022888184,25.5049991607666,11.100000000000001
00-0037256,2025,14,RB,Rachaad White,TB,xgb,9.994000434875488,3.0840001106262207,17.312999725341797,6.5
00-0037263,2025,14,RB,Tyler Allgeier,ATL,xgb,8.4350004196167,1.5240000486373901,15.753000259399414,8.7
00-0037267,2025,14,RB,Jerome Ford,CLE,xgb,2.2920000553131104,0.0,9.609999656677246,3.0
00-0037525,2025,14,RB,Jordan Mason,MIN,xgb,7.0320000648498535,0.12099999934434891,14.350000381469727,11.2
00-0037557,2025,14,RB,Ronnie Rivers,LA,xgb,2.937000036239624,0.0,10.255000114440918,4.1000000000000005
00-0037563,2025,14,RB,Malik Davis,DAL,xgb,1.7890000343322754,0.0,9.107000350952148,0.6000000000000001
00-0037594,2025,14,RB,Julius Chestnut,TEN,xgb,1.6150000095367432,0.0,8.932999610900879,0.0
00-0037617,2025,14,RB,Hassan Haskins,LAC,xgb,3.874000072479248,0.0,11.192000389099121,0.0
00-0037840,2025,14,RB,Kyren Williams,LA,xgb,14.916999816894531,8.005999565124512,22.235000610351562,17.700000000000003
00-0038120,2025,14,RB,Breece Hall,NYJ,xgb,16.601999282836914,9.690999984741211,23.920000076293945,4.3
00-0038134,2025,14,RB,Kenneth Walker III,SEA,xgb,11.791999816894531,4.88100004196167,19.110000610351562,3.8000000000000003
00-0038397,2025,14,RB,Evan Hull,NO,xgb,2.9630000591278076,0.0,10.281000137329102,2.0
00-0038440,2025,14,RB,Zavier Scott,MIN,xgb,5.85099983215332,0.0,13.168999671936035,3.0
00-0038454,2025,14,RB,Keaton Mitchell,BAL,xgb,4.947000026702881,0.0,12.265000343322754,7.6000000000000005
00-0038542,2025,14,RB,Bijan Robinson,ATL,xgb,23.191999435424805,16.2810001373291,30.510000228881836,9.4
00-0038555,2025,14,RB,Tank Bigsby,PHI,xgb,3.9709999561309814,0.0,11.288999557495117,0.4
00-0038597,2025,14,RB,Chase Brown,CIN,xgb,15.256999969482422,8.345999717712402,22.575000762939453,18.5
00-0038611,2025,14,RB,Chris Rodriguez Jr.,WAS,xgb,6.827000141143799,0.0,14.145000457763672,5.2
00-0038685,2025,14,RB,Chris Brooks,GB,xgb,2.7339999675750732,0.0,10.052000045776367,1.6
00-0038738,2025,14,RB,Hunter Luepke,DAL,xgb,1.7910000085830688,0.0,9.109000205993652,0.0
00-0038794,2025,14,RB,Jaleel McLaughlin,DEN,xgb,4.841000080108643,0.0,12.159000396728516,4.1
00-0038797,2025,14,RB,Emanuel Wilson,GB,xgb,9.031999588012695,2.121000051498413,16.350000381469727,1.0
00-0038896,2025,14,RB,Jacob Saylors,DET,xgb,0.8840000033378601,0.0,8.20199966430664,0.0
00-0038951,2025,14,RB,Sean Tucker,TB,xgb,3.7679998874664307,0.0,11.086000442504883,8.9
00-0039032,2025,14,RB,Tyjae Spears,TEN,xgb,10.42300033569336,3.51200008392334,17.740999221801758,6.7
00-0039040,2025,14,RB,De'Von Achane,MIA,xgb,17.226999282836914,10.315999984741211,24.545000076293945,17.5
00-0039139,2025,14,RB,Jahmyr Gibbs,DET,xgb,22.895000457763672,15.984000205993652,30.21299934387207,37.0
00-0039165,2025,14,RB,Zach Charbonnet,SEA,xgb,9.343000411987305,2.431999921798706,16.660999298095703,8.600000000000001
00-0039361,2025,14,RB,Bucky Irving,TB,xgb,13.517000198364258,6.605999946594238,20.834999084472656,16.1
00-0039364,2025,14,RB,Sione Vaki,DET,xgb,0.9340000152587891,0.0,8.251999855041504,0.0
00-0039373,2025,14,RB,Audric Estimé,NO,xgb,5.0970001220703125,0.0,12.414999961853027,1.1
00-0039391,2025,14,RB,Kimani Vidal,LAC,xgb,10.836999893188477,3.9260001182556152,18.155000686645508,11.4
00-0039407,2025,14,RB,Dylan Laube,LV,xgb,1.4240000247955322,0.0,8.741999626159668,0.0
00-0039603,2025,14,RB,British Brooks,HOU,xgb,1.3170000314712524,0.0,8.635000228881836,0.0
00-0039738,2025,14,RB,Blake Corum,LA,xgb,10.604999542236328,3.694000005722046,17.92300033569336,26.1
00-0039746,2025,14,RB,Will Shipley,PHI,xgb,3.503999948501587,0.0,10.821999549865723,1.3
00-0039796,2025,14,RB,Rasheen Ali,BAL,xgb,2.7939999103546143,0.0,10.11299991607666,3.3
00-0039798,2025,14,RB,Isaiah Davis,NYJ,xgb,3.9709999561309814,0.0,11.288999557495117,2.2
00-0039874,2025,14,RB,Jaylen Wright,MIA,xgb,4.176000118255615,0.0,11.494000434875488,16.700000000000003
00-0039875,2025,14,RB,Ray Davis,BUF,xgb,3.375,0.0,10.692999839782715,0.0
00-0040078,2025,14,RB,Brashard Smith,KC,xgb,3.796999931335449,0.0,11.114999771118164,0.7000000000000001
00-0040122,2025,14,RB,Ashton Jeanty,LV,xgb,17.625,10.71399974822998,24.94300079345703,5.800000000000001
00-0040142,2025,14,RB,Kaleb Johnson,PIT,xgb,3.3269999027252197,0.0,10.645000457763672,0.4
00-0040162,2025,14,RB,Dylan Sampson,CLE,xgb,5.466000080108643,0.0,12.78499984741211,9.8
00-0040198,2025,14,RB,Ollie Gordon II,MIA,xgb,5.068999767303467,0.0,12.387999534606934,7.7
00-0040202,2025,14,RB,Devin Neal,NO,xgb,8.031999588012695,1.121000051498413,15.350000381469727,15.4
00-0040236,2025,14,RB,Kyle Monangai,CHI,xgb,14.07699966430664,7.165999889373779,21.395000457763672,8.7
00-0040238,2025,14,RB,LeQuint Allen Jr.,JAX,xgb,2.4670000076293945,0.0,9.78499984741211,2.8
00-0040242,2025,14,RB,Jacory Croskey-Merritt,WAS,xgb,7.74399995803833,0.8330000042915344,15.062000274658203,3.2
00-0040583,2025,14,RB,Woody Marks,HOU,xgb,8.77299976348877,1.8619999885559082,16.090999603271484,15.600000000000001
00-0040649,2025,14,RB,Robbie Ouzts,SEA,xgb,0.8240000009536743,0.0,8.142000198364258,0.0
00-0040666,2025,14,RB,Omarion Hampton,LAC,xgb,18.9689998626709,12.057999610900879,26.28700065612793,14.7
00-0040719,2025,14,RB,Bhayshul Tuten,JAX,xgb,6.758999824523926,0.0,14.07699966430664,-1.5
00-0040730,2025,14,RB,RJ Harvey,DEN,xgb,8.763999938964844,1.8530000448226929,16.082000732421875,22.0
00-0040784,2025,14,RB,Quinshon Judkins,CLE,xgb,17.822999954223633,10.911999702453613,25.141000747680664,9.4
00-0031687,2025,15,RB,Raheem Mostert,LV,xgb,2.8519999980926514,0.0,10.170999526977539,1.2
00-0032104,2025,15,RB,Ameer Abdullah,IND,xgb,2.5230000019073486,0.0,9.840999603271484,9.7
00-0032764,2025,15,RB,Derrick Henry,BAL,xgb,12.777000427246094,5.866000175476074,20.094999313354492,10.0
00-0033280,2025,15,RB,Christian McCaffrey,SF,xgb,22.176000595092773,15.265000343322754,29.493999481201172,15.700000000000001
00-0033293,2025,15,RB,Aaron Jones,MIN,xgb,12.586999893188477,5.676000118255615,19.9060001373291,9.5
00-0033526,2025,15,RB,Samaje Perine,CIN,xgb,6.131999969482422,0.0,13.449999809265137,5.3
00-0033854,2025,15,RB,Dare Ogunbowale,HOU,xgb,1.5019999742507935,0.0,8.819999694824219,6.4
00-0033923,2025,15,RB,Kareem Hunt,KC,xgb,11.029000282287598,4.118000030517578,18.347999572753906,3.0
00-0033955,2025,15,RB,Jeremy McNichols,WAS,xgb,5.383999824523926,0.0,12.70300006866455,1.2000000000000002
00-0034681,2025,15,RB,Chase Edmonds,WAS,xgb,2.8399999141693115,0.0,10.157999992370605,0.0
00-0034844,2025,15,RB,Saquon Barkley,PHI,xgb,14.37600040435791,7.466000080108643,21.69499969482422,17.200000000000003
00-0035250,2025,15,RB,Devin Singletary,NYG,xgb,14.626999855041504,7.716000080108643,21.94499969482422,2.4000000000000004
00-0035261,2025,15,RB,Tony Pollard,TEN,xgb,13.484000205993652,6.572999954223633,20.802000045776367,18.200000000000003
00-0035291,2025,15,RB,Trayveon Williams,CLE,xgb,2.6989998817443848,0.0,10.017000198364258,2.7
00-0035537,2025,15,RB,Ty Johnson,BUF,xgb,6.15500020980835,0.0,13.472999572753906,5.800000000000001
00-0035685,2025,15,RB,David Montgomery,DET,xgb,7.300000190734863,0.38999998569488525,14.619000434875488,9.2
00-0035700,2025,15,RB,Josh Jacobs,GB,xgb,19.64699935913086,12.736000061035156,26.96500015258789,23.200000000000003
00-0036139,2025,15,RB,Rico Dowdle,CAR,xgb,10.708999633789062,3.7980000972747803,18.027000427246094,12.4
00-0036187,2025,15,RB,Reggie Gilliam,BUF,xgb,0.9380000233650208,0.0,8.255999565124512,0.0
00-0036223,2025,15,RB,Jonathan Taylor,IND,xgb,18.621000289916992,11.710000038146973,25.93899917602539,13.100000000000001
00-0036275,2025,15,RB,D'Andre Swift,CHI,xgb,15.149999618530273,8.23900032043457,22.468000411987305,22.6
00-0036555,2025,15,RB,Chuba Hubbard,CAR,xgb,12.753999710083008,5.8429999351501465,20.072999954223633,4.800000000000001
00-0036875,2025,15,RB,Rhamondre Stevenson,NE,xgb,10.274999618530273,3.365000009536743,17.5939998626709,10.7
00-0036906,2025,15,RB,Khalil Herbert,NYJ,xgb,2.243000030517578,0.0,9.560999870300293,0.5
00-0036919,2025,15,RB,Kenny Gainwell,PIT,xgb,7.63700008392334,0.7260000109672546,14.954999923706055,19.6
00-0036924,2025,15,RB,Michael Carter,ARI,xgb,8.234999656677246,1.3240000009536743,15.553000450134277,13.4
00-0036973,2025,15,RB,Travis Etienne,JAX,xgb,12.479000091552734,5.567999839782715,19.797000885009766,31.5
00-0036997,2025,15,RB,Javonte Williams,DAL,xgb,16.363000869750977,9.45300006866455,23.68199920654297,15.1
00-0037085,2025,15,RB,Tyler Badie,DEN,xgb,4.193999767303467,0.0,11.51200008392334,1.1
00-0037120,2025,15,RB,Tyler Goodson,IND,xgb,1.7319999933242798,0.0,9.050999641418457,0.0
00-0037157,2025,15,RB,Bam Knight,ARI,xgb,9.795000076293945,2.884000062942505,17.11400032043457,-0.2
00-0037197,2025,15,RB,Isiah Pacheco,KC,xgb,7.76800012588501,0.8569999933242798,15.086000442504883,2.1
00-0037228,2025,15,RB,Jaylen Warren,PIT,xgb,13.894000053405762,6.982999801635742,21.211999893188477,7.800000000000001
00-0037248,2025,15,RB,James Cook,BUF,xgb,18.582000732421875,11.670999526977539,25.899999618530273,31.1
00-0037256,2025,15,RB,Rachaad White,TB,xgb,8.161999702453613,1.2510000467300415,15.479999542236328,3.6
00-0037263,2025,15,RB,Tyler Allgeier,ATL,xgb,9.616000175476074,2.7049999237060547,16.93400001525879,1.8
00-0037329,2025,15,RB,Brittain Brown,CHI,xgb,3.5799999237060547,0.0,10.89900016784668,0.0
00-0037525,2025,15,RB,Jordan Mason,MIN,xgb,6.699999809265137,0.0,14.017999649047852,2.9000000000000004
00-0037557,2025,15,RB,Ronnie Rivers,LA,xgb,5.205999851226807,0.0,12.52400016784668,0.0
00-0037563,2025,15,RB,Malik Davis,DAL,xgb,2.255000114440918,0.0,9.572999954223633,11.7
00-0037594,2025,15,RB,Julius Chestnut,TEN,xgb,1.3270000219345093,0.0,8.645000457763672,0.0
00-0037746,2025,15,RB,Brian Robinson,SF,xgb,6.793000221252441,0.0,14.111000061035156,2.1
00-0037840,2025,15,RB,Kyren Williams,LA,xgb,13.788000106811523,6.876999855041504,21.106000900268555,21.8
00-0038120,2025,15,RB,Breece Hall,NYJ,xgb,13.84000015258789,6.928999900817871,21.158000946044922,5.7
00-0038134,2025,15,RB,Kenneth Walker III,SEA,xgb,10.25100040435791,3.3399999141693115,17.569000244140625,2.9000000000000004
00-0038397,2025,15,RB,Evan Hull,NO,xgb,2.7950000762939453,0.0,10.11299991607666,1.2000000000000002
00-0038454,2025,15,RB,Keaton Mitchell,BAL,xgb,6.054999828338623,0.0,13.37399959564209,6.6000000000000005
00-0038488,2025,15,RB,Brady Russell,SEA,xgb,0.8420000076293945,0.0,8.15999984741211,0.0
00-0038542,2025,15,RB,Bijan Robinson,ATL,xgb,18.025999069213867,11.114999771118164,25.3439998626709,29.5
00-0038555,2025,15,RB,Tank Bigsby,PHI,xgb,4.136000156402588,0.0,11.454000473022461,5.7
00-0038597,2025,15,RB,Chase Brown,CIN,xgb,16.173999786376953,9.262999534606934,23.492000579833984,16.0
00-0038685,2025,15,RB,Chris Brooks,GB,xgb,3.0840001106262207,0.0,10.402000427246094,2.6
00-0038705,2025,15,RB,Emari Demercado,ARI,xgb,5.697999954223633,0.0,13.015999794006348,2.1
00-0038738,2025,15,RB,Hunter Luepke,DAL,xgb,2.075000047683716,0.0,9.392999649047852,5.0
00-0038794,2025,15,RB,Jaleel McLaughlin,DEN,xgb,3.7269999980926514,0.0,11.045000076293945,0.4
00-0038797,2025,15,RB,Emanuel Wilson,GB,xgb,6.389999866485596,0.0,13.708000183105469,0.30000000000000004
00-0038951,2025,15,RB,Sean Tucker,TB,xgb,5.834000110626221,0.0,13.152000427246094,6.7
00-0039032,2025,15,RB,Tyjae Spears,TEN,xgb,7.395999908447266,0.48500001430511475,14.71399974822998,5.6
00-0039040,2025,15,RB,De'Von Achane,MIA,xgb,15.15999984741211,8.24899959564209,22.47800064086914,18.700000000000003
00-0039139,2025,15,RB,Jahmyr Gibbs,DET,xgb,19.48699951171875,12.576000213623047,26.80500030517578,9.8
00-0039165,2025,15,RB,Zach Charbonnet,SEA,xgb,6.948999881744385,0.03799999877810478,14.267000198364258,3.1
00-0039361,2025,15,RB,Bucky Irving,TB,xgb,15.746000289916992,8.835000038146973,23.06399917602539,8.100000000000001
00-0039364,2025,15,RB,Sione Vaki,DET,xgb,0.9340000152587891,0.0,8.251999855041504,0.0
00-0039373,2025,15,RB,Audric Estimé,NO,xgb,4.644000053405762,0.0,11.961999893188477,8.0
00-0039384,2025,15,RB,Tyrone Tracy Jr.,NYG,xgb,14.854999542236328,7.943999767303467,22.17300033569336,24.700000000000003
00-0039391,2025,15,RB,Kimani Vidal,LAC,xgb,13.468000411987305,6.557000160217285,20.785999298095703,5.800000000000001
00-0039407,2025,15,RB,Dylan Laube,LV,xgb,1.5240000486373901,0.0,8.842000007629395,0.4
00-0039603,2025,15,RB,British Brooks,HOU,xgb,1.1820000410079956,0.0,8.5,0.0
00-0039738,2025,15,RB,Blake Corum,LA,xgb,9.293000221252441,2.381999969482422,16.611000061035156,13.100000000000001
00-0039746,2025,15,RB,Will Shipley,PHI,xgb,2.184999942779541,0.0,9.503000259399414,0.0
00-0039796,2025,15,RB,Rasheen Ali,BAL,xgb,4.216000080108643,0.0,11.53499984741211,11.2
00-0039798,2025,15,RB,Isaiah Davis,NYJ,xgb,4.394999980926514,0.0,11.713000297546387,13.5
00-0039874,2025,15,RB,Jaylen Wright,MIA,xgb,12.241999626159668,5.330999851226807,19.559999465942383,2.1
00-0039875,2025,15,RB,Ray Davis,BUF,xgb,2.127000093460083,0.0,9.444999694824219,2.3
00-0040078,2025,15,RB,Brashard Smith,KC,xgb,3.9779999256134033,0.0,11.29699993133545,0.1
00-0040122,2025,15,RB,Ashton Jeanty,LV,xgb,15.680000305175781,8.769000053405762,22.99799919128418,8.2
00-0040142,2025,15,RB,Kaleb Johnson,PIT,xgb,3.4700000286102295,0.0,10.788999557495117,0.4
00-0040198,2025,15,RB,Ollie Gordon II,MIA,xgb,5.7129998207092285,0.0,13.031000137329102,0.0
00-0040202,2025,15,RB,Devin Neal,NO,xgb,10.871999740600586,3.9609999656677246,18.190000534057617,10.2
00-0040205,2025,15,RB,Kalel Mullings,TEN,xgb,0.8360000252723694,0.0,8.154000282287598,0.30000000000000004
00-0040208,2025,15,RB,Tahj Brooks,CIN,xgb,3.4539999961853027,0.0,10.772000312805176,0.0
00-0040236,2025,15,RB,Kyle Monangai,CHI,xgb,11.109999656677246,4.198999881744385,18.429000854492188,3.3000000000000003
00-0040238,2025,15,RB,LeQuint Allen Jr.,JAX,xgb,3.2019999027252197,0.0,10.520000457763672,2.6
00-0040242,2025,15,RB,Jacory Croskey-Merritt,WAS,xgb,9.362000465393066,2.4509999752044678,16.680999755859375,15.600000000000001
00-0040583,2025,15,RB,Woody Marks,HOU,xgb,13.036999702453613,6.125999927520752,20.356000900268555,4.800000000000001
00-0040644,2025,15,RB,Trevor Etienne,CAR,xgb,1.5750000476837158,0.0,8.894000053405762,0.0
00-0040666,2025,15,RB,Omarion Hampton,LAC,xgb,16.475000381469727,9.564000129699707,23.792999267578125,7.5
00-0040719,2025,15,RB,Bhayshul Tuten,JAX,xgb,6.7829999923706055,0.0,14.10099983215332,9.3
00-0040730,2025,15,RB,RJ Harvey,DEN,xgb,10.906000137329102,3.994999885559082,18.224000930786133,10.5
00-0040734,2025,15,RB,TreVeyon Henderson,NE,xgb,11.654000282287598,4.743000030517578,18.972000122070312,30.1
00-0040784,2025,15,RB,Quinshon Judkins,CLE,xgb,12.640000343322754,5.729000091552734,19.95800018310547,4.7
00-0031687,2025,16,RB,Raheem Mostert,LV,xgb,1.8839999437332153,0.0,9.20199966430664,1.9
00-0032104,2025,16,RB,Ameer Abdullah,IND,xgb,4.25,0.0,11.567999839782715,1.4
00-0032764,2025,16,RB,Derrick Henry,BAL,xgb,13.029999732971191,6.11899995803833,20.347999572753906,22.8
00-0033280,2025,16,RB,Christian McCaffrey,SF,xgb,19.80500030517578,12.894000053405762,27.12299919128418,32.6
00-0033293,2025,16,RB,Aaron Jones,MIN,xgb,13.930999755859375,7.019999980926514,21.249000549316406,11.3
00-0033526,2025,16,RB,Samaje Perine,CIN,xgb,7.460999965667725,0.550000011920929,14.779999732971191,12.100000000000001
00-0033854,2025,16,RB,Dare Ogunbowale,HOU,xgb,5.322999954223633,0.0,12.640999794006348,0.9
00-0033923,2025,16,RB,Kareem Hunt,KC,xgb,7.459000110626221,0.5479999780654907,14.777000427246094,0.2
00-0033955,2025,16,RB,Jeremy McNichols,WAS,xgb,5.427999973297119,0.0,12.746000289916992,5.2
00-0034791,2025,16,RB,Nick Chubb,HOU,xgb,4.0960001945495605,0.0,11.413999557495117,5.2
00-0034844,2025,16,RB,Saquon Barkley,PHI,xgb,13.876999855041504,6.966000080108643,21.19499969482422,21.200000000000003
00-0035250,2025,16,RB,Devin Singletary,NYG,xgb,6.4120001792907715,0.0,13.729999542236328,5.6000000000000005
00-0035261,2025,16,RB,Tony Pollard,TEN,xgb,14.774999618530273,7.863999843597412,22.093000411987305,10.200000000000001
00-0035291,2025,16,RB,Trayveon Williams,CLE,xgb,2.563999891281128,0.0,9.881999969482422,9.5
00-0035537,2025,16,RB,Ty Johnson,BUF,xgb,6.60099983215332,0.0,13.918999671936035,7.6
00-0035685,2025,16,RB,David Montgomery,DET,xgb,7.421999931335449,0.5109999775886536,14.739999771118164,1.4000000000000001
00-0035700,2025,16,RB,Josh Jacobs,GB,xgb,13.465999603271484,6.554999828338623,20.784000396728516,4.800000000000001
00-0036139,2025,16,RB,Rico Dowdle,CAR,xgb,11.034000396728516,4.123000144958496,18.351999282836914,8.3
00-0036223,2025,16,RB,Jonathan Taylor,IND,xgb,18.02199935913086,11.111000061035156,25.340999603271484,16.9
00-0036275,2025,16,RB,D'Andre Swift,CHI,xgb,12.989999771118164,6.078999996185303,20.308000564575195,9.0
00-0036425,2025,16,RB,DeeJay Dallas,JAX,xgb,1.690999984741211,0.0,9.008999824523926,0.0
00-0036555,2025,16,RB,Chuba Hubbard,CAR,xgb,6.434000015258789,0.0,13.751999855041504,4.4
00-0036842,2025,16,RB,Kene Nwangwu,NYJ,xgb,1.180999994277954,0.0,8.49899959564209,0.0
00-0036875,2025,16,RB,Rhamondre Stevenson,NE,xgb,9.588000297546387,2.677000045776367,16.906999588012695,17.8
00-0036919,2025,16,RB,Kenny Gainwell,PIT,xgb,11.17199993133545,4.261000156402588,18.489999771118164,23.8
00-0036924,2025,16,RB,Michael Carter,ARI,xgb,11.454000473022461,4.543000221252441,18.77199935913086,6.5
00-0036973,2025,16,RB,Travis Etienne,JAX,xgb,15.5,8.58899974822998,22.81800079345703,16.6
00-0036997,2025,16,RB,Javonte Williams,DAL,xgb,14.506999969482422,7.5960001945495605,21.825000762939453,6.3
00-0037085,2025,16,RB,Tyler Badie,DEN,xgb,4.270999908447266,0.0,11.58899974822998,1.2
00-0037120,2025,16,RB,Tyler Goodson,IND,xgb,1.0950000286102295,0.0,8.413000106811523,0.9
00-0037197,2025,16,RB,Isiah Pacheco,KC,xgb,7.567999839782715,0.6570000052452087,14.88599967956543,13.5
00-0037228,2025,16,RB,Jaylen Warren,PIT,xgb,11.609000205993652,4.697999954223633,18.927000045776367,29.1
00-0037248,2025,16,RB,James Cook,BUF,xgb,15.633999824523926,8.722999572753906,22.95199966430664,26.4
00-0037256,2025,16,RB,Rachaad White,TB,xgb,10.95300006866455,4.041999816894531,18.270999908447266,8.0
00-0037263,2025,16,RB,Tyler Allgeier,ATL,xgb,6.689000129699707,0.0,14.006999969482422,8.3
00-0037525,2025,16,RB,Jordan Mason,MIN,xgb,6.142000198364258,0.0,13.460000038146973,2.1
00-0037557,2025,16,RB,Ronnie Rivers,LA,xgb,4.364999771118164,0.0,11.682999610900879,0.0
00-0037563,2025,16,RB,Malik Davis,DAL,xgb,3.122999906539917,0.0,10.440999984741211,2.3000000000000003
00-0037594,2025,16,RB,Julius Chestnut,TEN,xgb,1.4270000457763672,0.0,8.744999885559082,0.1
00-0037617,2025,16,RB,Hassan Haskins,LAC,xgb,2.2660000324249268,0.0,9.583999633789062,1.4000000000000001
00-0037746,2025,16,RB,Brian Robinson,SF,xgb,6.232999801635742,0.0,13.550999641418457,2.0
00-0037840,2025,16,RB,Kyren Williams,LA,xgb,10.352999687194824,3.441999912261963,17.67099952697754,11.5
00-0038120,2025,16,RB,Breece Hall,NYJ,xgb,12.045999526977539,5.135000228881836,19.36400032043457,8.3
00-0038134,2025,16,RB,Kenneth Walker III,SEA,xgb,9.204999923706055,2.2939999103546143,16.523000717163086,25.400000000000002
00-0038397,2025,16,RB,Evan Hull,NO,xgb,3.5959999561309814,0.0,10.913999557495117,0.30000000000000004
00-0038440,2025,16,RB,Zavier Scott,MIN,xgb,4.315000057220459,0.0,11.633999824523926,2.2
00-0038454,2025,16,RB,Keaton Mitchell,BAL,xgb,6.821000099182129,0.0,14.138999938964844,1.3
00-0038488,2025,16,RB,Brady Russell,SEA,xgb,0.8840000033378601,0.0,8.20199966430664,0.0
00-0038542,2025,16,RB,Bijan Robinson,ATL,xgb,17.77400016784668,10.86299991607666,25.091999053955078,29.8
00-0038555,2025,16,RB,Tank Bigsby,PHI,xgb,6.795000076293945,0.0,14.11299991607666,9.7
00-0038597,2025,16,RB,Chase Brown,CIN,xgb,17.138999938964844,10.227999687194824,24.457000732421875,32.9
00-0038611,2025,16,RB,Chris Rodriguez Jr.,WAS,xgb,7.73199987411499,0.8209999799728394,15.050000190734863,13.9
00-0038685,2025,16,RB,Chris Brooks,GB,xgb,4.040999889373779,0.0,11.359000205993652,0.4
00-0038705,2025,16,RB,Emari Demercado,ARI,xgb,3.941999912261963,0.0,11.260000228881836,3.0
00-0038738,2025,16,RB,Hunter Luepke,DAL,xgb,2.993000030517578,0.0,10.310999870300293,2.4000000000000004
00-0038794,2025,16,RB,Jaleel McLaughlin,DEN,xgb,4.230999946594238,0.0,11.548999786376953,3.7
00-0038797,2025,16,RB,Emanuel Wilson,GB,xgb,4.955999851226807,0.0,12.27400016784668,8.200000000000001
00-0038896,2025,16,RB,Jacob Saylors,DET,xgb,1.0010000467300415,0.0,8.319000244140625,0.0
00-0038951,2025,16,RB,Sean Tucker,TB,xgb,7.077000141143799,0.16599999368190765,14.395000457763672,6.3
00-0039032,2025,16,RB,Tyjae Spears,TEN,xgb,8.866000175476074,1.9550000429153442,16.18400001525879,21.5
00-0039040,2025,16,RB,De'Von Achane,MIA,xgb,13.090999603271484,6.179999828338623,20.409000396728516,18.0
00-0039139,2025,16,RB,Jahmyr Gibbs,DET,xgb,21.066999435424805,14.156000137329102,28.385000228881836,22.8
00-0039165,2025,16,RB,Zach Charbonnet,SEA,xgb,8.13599967956543,1.225000023841858,15.454000473022461,17.4
00-0039361,2025,16,RB,Bucky Irving,TB,xgb,11.427000045776367,4.515999794006348,18.7450008392334,7.1000000000000005
00-0039373,2025,16,RB,Audric Estimé,NO,xgb,4.09499979019165,0.0,11.413000106811523,6.6
00-0039384,2025,16,RB,Tyrone Tracy Jr.,NYG,xgb,12.824999809265137,5.914000034332275,20.14299964904785,9.8
00-0039391,2025,16,RB,Kimani Vidal,LAC,xgb,15.390999794006348,8.479999542236328,22.709999084472656,1.1
00-0039405,2025,16,RB,Jawhar Jordan,HOU,xgb,16.485000610351562,9.574000358581543,23.80299949645996,12.0
00-0039407,2025,16,RB,Dylan Laube,LV,xgb,2.177999973297119,0.0,9.496000289916992,0.0
00-0039603,2025,16,RB,British Brooks,HOU,xgb,0.8939999938011169,0.0,8.211999893188477,0.0
00-0039738,2025,16,RB,Blake Corum,LA,xgb,17.39900016784668,10.48799991607666,24.716999053955078,13.100000000000001
00-0039746,2025,16,RB,Will Shipley,PHI,xgb,2.124000072479248,0.0,9.442000389099121,1.3
00-0039796,2025,16,RB,Rasheen Ali,BAL,xgb,5.150000095367432,0.0,12.468000411987305,2.2
00-0039798,2025,16,RB,Isaiah Davis,NYJ,xgb,8.616000175476074,1.7050000429153442,15.934000015258789,10.0
00-0039874,2025,16,RB,Jaylen Wright,MIA,xgb,5.429999828338623,0.0,12.748000144958496,12.3
00-0039875,2025,16,RB,Ray Davis,BUF,xgb,2.246999979019165,0.0,9.565999984741211,5.4
00-0040078,2025,16,RB,Brashard Smith,KC,xgb,3.934000015258789,0.0,11.251999855041504,1.4
00-0040122,2025,16,RB,Ashton Jeanty,LV,xgb,12.600000381469727,5.689000129699707,19.917999267578125,31.8
00-0040198,2025,16,RB,Ollie Gordon II,MIA,xgb,5.052999973297119,0.0,12.371000289916992,-0.1
00-0040205,2025,16,RB,Kalel Mullings,TEN,xgb,1.7829999923706055,0.0,9.10099983215332,0.0
00-0040208,2025,16,RB,Tahj Brooks,CIN,xgb,1.9170000553131104,0.0,9.236000061035156,0.7000000000000001
00-0040236,2025,16,RB,Kyle Monangai,CHI,xgb,11.564000129699707,4.6529998779296875,18.881999969482422,12.3
00-0040238,2025,16,RB,LeQuint Allen Jr.,JAX,xgb,5.258999824523926,0.0,12.57699966430664,1.0
00-0040242,2025,16,RB,Jacory Croskey-Merritt,WAS,xgb,9.897000312805176,2.9860000610351562,17.21500015258789,8.5
00-0040466,2025,16,RB,Raheim Sanders,CLE,xgb,3.434999942779541,0.0,10.753000259399414,5.6000000000000005
00-0040556,2025,16,RB,Corey Kiner,ARI,xgb,2.7809998989105225,0.0,10.098999977111816,3.2
00-0040644,2025,16,RB,Trevor Etienne,CAR,xgb,1.2489999532699585,0.0,8.567000389099121,0.0
00-0040666,2025,16,RB,Omarion Hampton,LAC,xgb,9.826000213623047,2.9149999618530273,17.143999099731445,16.5
00-0040730,2025,16,RB,RJ Harvey,DEN,xgb,11.21500015258789,4.304999828338623,18.534000396728516,22.1
00-0040734,2025,16,RB,TreVeyon Henderson,NE,xgb,15.190999984741211,8.279999732971191,22.509000778198242,2.2
00-0040784,2025,16,RB,Quinshon Judkins,CLE,xgb,15.592000007629395,8.680999755859375,22.90999984741211,10.100000000000001
00-0032104,2025,17,RB,Ameer Abdullah,IND,xgb,2.3429999351501465,0.0,9.66100025177002,1.4
00-0032764,2025,17,RB,Derrick Henry,BAL,xgb,12.152000427246094,5.241000175476074,19.469999313354492,45.6
00-0033280,2025,17,RB,Christian McCaffrey,SF,xgb,14.71500015258789,7.803999900817871,22.033000946044922,28.1
00-0033293,2025,17,RB,Aaron Jones,MIN,xgb,13.48799991607666,6.578000068664551,20.80699920654297,15.3
00-0033376,2025,17,RB,Patrick Ricard,BAL,xgb,0.8209999799728394,0.0,8.138999938964844,0.0
00-0033526,2025,17,RB,Samaje Perine,CIN,xgb,5.60099983215332,0.0,12.920000076293945,8.3
00-0033923,2025,17,RB,Kareem Hunt,KC,xgb,9.026000022888184,2.115000009536743,16.3439998626709,3.8000000000000003
00-0033955,2025,17,RB,Jeremy McNichols,WAS,xgb,4.785999774932861,0.0,12.104000091552734,4.0
00-0034681,2025,17,RB,Chase Edmonds,WAS,xgb,2.0490000247955322,0.0,9.366999626159668,0.0
00-0034791,2025,17,RB,Nick Chubb,HOU,xgb,8.15999984741211,1.2489999532699585,15.477999687194824,0.1
00-0034844,2025,17,RB,Saquon Barkley,PHI,xgb,13.925000190734863,7.013999938964844,21.243000030517578,6.800000000000001
00-0035250,2025,17,RB,Devin Singletary,NYG,xgb,10.152999877929688,3.243000030517578,17.472000122070312,17.0
00-0035261,2025,17,RB,Tony Pollard,TEN,xgb,16.513999938964844,9.602999687194824,23.832000732421875,11.5
00-0035291,2025,17,RB,Trayveon Williams,CLE,xgb,3.8959999084472656,0.0,11.21399974822998,1.0
00-0035537,2025,17,RB,Ty Johnson,BUF,xgb,6.7829999923706055,0.0,14.10099983215332,7.800000000000001
00-0035594,2025,17,RB,Travis Homer,CHI,xgb,3.058000087738037,0.0,10.37600040435791,0.0
00-0035628,2025,17,RB,D'Ernest Johnson,NE,xgb,2.877000093460083,0.0,10.194999694824219,0.5
00-0035685,2025,17,RB,David Montgomery,DET,xgb,7.440000057220459,0.5289999842643738,14.758000373840332,6.0
00-0035700,2025,17,RB,Josh Jacobs,GB,xgb,13.5600004196167,6.64900016784668,20.878999710083008,1.3
00-0036139,2025,17,RB,Rico Dowdle,CAR,xgb,12.16100025177002,5.25,19.479000091552734,9.3
00-0036187,2025,17,RB,Reggie Gilliam,BUF,xgb,0.8870000243186951,0.0,8.204999923706055,0.0
00-0036223,2025,17,RB,Jonathan Taylor,IND,xgb,14.8100004196167,7.89900016784668,22.128000259399414,17.4
00-0036275,2025,17,RB,D'Andre Swift,CHI,xgb,11.892999649047852,4.98199987411499,19.211000442504883,21.9
00-0036414,2025,17,RB,Cam Akers,SEA,xgb,2.4779999256134033,0.0,9.795999526977539,0.0
00-0036425,2025,17,RB,DeeJay Dallas,JAX,xgb,1.5180000066757202,0.0,8.836000442504883,2.1
00-0036555,2025,17,RB,Chuba Hubbard,CAR,xgb,6.6529998779296875,0.0,13.970999717712402,2.8
00-0036755,2025,17,RB,Jaret Patterson,LAC,xgb,4.441999912261963,0.0,11.760000228881836,0.1
00-0036842,2025,17,RB,Kene Nwangwu,NYJ,xgb,1.0859999656677246,0.0,8.404000282287598,3.1
00-0036875,2025,17,RB,Rhamondre Stevenson,NE,xgb,9.774999618530273,2.865000009536743,17.0939998626709,27.200000000000003
00-0036906,2025,17,RB,Khalil Herbert,NYJ,xgb,3.5299999713897705,0.0,10.847999572753906,0.5
00-0036919,2025,17,RB,Kenny Gainwell,PIT,xgb,12.618000030517578,5.706999778747559,19.93600082397461,6.800000000000001
00-0036924,2025,17,RB,Michael Carter,ARI,xgb,10.673999786376953,3.763000011444092,17.993000030517578,6.3
00-0036973,2025,17,RB,Travis Etienne,JAX,xgb,13.911999702453613,7.000999927520752,21.229999542236328,11.200000000000001
00-0036997,2025,17,RB,Javonte Williams,DAL,xgb,13.164999961853027,6.254000186920166,20.482999801635742,11.4
00-0037085,2025,17,RB,Tyler Badie,DEN,xgb,3.9619998931884766,0.0,11.279999732971191,0.0
00-0037197,2025,17,RB,Isiah Pacheco,KC,xgb,10.640999794006348,3.7300000190734863,17.958999633789062,3.2
00-0037228,2025,17,RB,Jaylen Warren,PIT,xgb,12.043999671936035,5.132999897003174,19.36199951171875,6.4
00-0037248,2025,17,RB,James Cook,BUF,xgb,15.255999565124512,8.345000267028809,22.573999404907227,8.7
00-0037256,2025,17,RB,Rachaad White,TB,xgb,8.680999755859375,1.7699999809265137,16.0,3.7
00-0037263,2025,17,RB,Tyler Allgeier,ATL,xgb,11.913999557495117,5.002999782562256,19.23200035095215,2.3000000000000003
00-0037276,2025,17,RB,Ty Chandler,MIN,xgb,1.753000020980835,0.0,9.071000099182129,2.4000000000000004
00-0037557,2025,17,RB,Ronnie Rivers,LA,xgb,3.1440000534057617,0.0,10.461999893188477,0.5
00-0037563,2025,17,RB,Malik Davis,DAL,xgb,5.564000129699707,0.0,12.881999969482422,10.3
00-0037594,2025,17,RB,Julius Chestnut,TEN,xgb,1.9500000476837158,0.0,9.267999649047852,0.0
00-0037617,2025,17,RB,Hassan Haskins,LAC,xgb,3.9079999923706055,0.0,11.22599983215332,0.0
00-0037746,2025,17,RB,Brian Robinson,SF,xgb,6.0929999351501465,0.0,13.41100025177002,3.8000000000000003
00-0037840,2025,17,RB,Kyren Williams,LA,xgb,13.043000221252441,6.131999969482422,20.361000061035156,16.0
00-0038040,2025,17,RB,Zamir White,LV,xgb,4.671000003814697,0.0,11.98900032043457,0.2
00-0038120,2025,17,RB,Breece Hall,NYJ,xgb,12.378000259399414,5.4670000076293945,19.695999145507812,20.9
00-0038134,2025,17,RB,Kenneth Walker III,SEA,xgb,13.46399974822998,6.552999973297119,20.781999588012695,7.7
00-0038397,2025,17,RB,Evan Hull,NO,xgb,3.6589999198913574,0.0,10.97700023651123,0.30000000000000004
00-0038440,2025,17,RB,Zavier Scott,MIN,xgb,5.250999927520752,0.0,12.569000244140625,0.0
00-0038454,2025,17,RB,Keaton Mitchell,BAL,xgb,7.052000045776367,0.14100000262260437,14.369999885559082,5.800000000000001
00-0038542,2025,17,RB,Bijan Robinson,ATL,xgb,18.886999130249023,11.97599983215332,26.204999923706055,39.900000000000006
00-0038555,2025,17,RB,Tank Bigsby,PHI,xgb,5.828000068664551,0.0,13.145999908447266,1.9
00-0038597,2025,17,RB,Chase Brown,CIN,xgb,16.60300064086914,9.692000389099121,23.92099952697754,29.1
00-0038685,2025,17,RB,Chris Brooks,GB,xgb,4.672999858856201,0.0,11.991000175476074,2.1
00-0038705,2025,17,RB,Emari Demercado,ARI,xgb,4.933000087738037,0.0,12.25100040435791,4.0
00-0038738,2025,17,RB,Hunter Luepke,DAL,xgb,4.343999862670898,0.0,11.661999702453613,5.4
00-0038794,2025,17,RB,Jaleel McLaughlin,DEN,xgb,5.572000026702881,0.0,12.890000343322754,4.0
00-0038797,2025,17,RB,Emanuel Wilson,GB,xgb,5.394000053405762,0.0,12.711999893188477,3.4000000000000004
00-0038951,2025,17,RB,Sean Tucker,TB,xgb,6.651000022888184,0.0,13.968999862670898,0.8
00-0039032,2025,17,RB,Tyjae Spears,TEN,xgb,14.663000106811523,7.751999855041504,21.981000900268555,1.1
00-0039040,2025,17,RB,De'Von Achane,MIA,xgb,14.604999542236328,7.693999767303467,21.92300033569336,14.200000000000001
00-0039139,2025,17,RB,Jahmyr Gibbs,DET,xgb,17.902000427246094,10.991000175476074,25.219999313354492,6.4
00-0039165,2025,17,RB,Zach Charbonnet,SEA,xgb,5.953999996185303,0.0,13.27299976348877,26.200000000000003
00-0039361,2025,17,RB,Bucky Irving,TB,xgb,13.746000289916992,6.835000038146973,21.06399917602539,8.3
00-0039364,2025,17,RB,Sione Vaki,DET,xgb,1.1390000581741333,0.0,8.458000183105469,0.0
00-0039373,2025,17,RB,Audric Estimé,NO,xgb,5.758999824523926,0.0,13.07699966430664,16.8
00-0039384,2025,17,RB,Tyrone Tracy Jr.,NYG,xgb,11.45199966430664,4.540999889373779,18.770000457763672,6.7
00-0039405,2025,17,RB,Jawhar Jordan,HOU,xgb,15.569999694824219,8.659000396728516,22.88800048828125,3.6
00-0039407,2025,17,RB,Dylan Laube,LV,xgb,1.5269999504089355,0.0,8.845000267028809,0.0
00-0039738,2025,17,RB,Blake Corum,LA,xgb,15.951000213623047,9.039999961853027,23.268999099731445,1.8
00-0039746,2025,17,RB,Will Shipley,PHI,xgb,1.180999994277954,0.0,8.49899959564209,0.2
00-0039796,2025,17,RB,Rasheen Ali,BAL,xgb,1.378000020980835,0.0,8.696999549865723,2.8
00-0039798,2025,17,RB,Isaiah Davis,NYJ,xgb,4.910999774932861,0.0,12.229000091552734,3.0
00-0039874,2025,17,RB,Jaylen Wright,MIA,xgb,6.8979997634887695,0.0,14.215999603271484,5.6000000000000005
00-0039875,2025,17,RB,Ray Davis,BUF,xgb,3.88700008392334,0.0,11.204999923706055,2.6
00-0040078,2025,17,RB,Brashard Smith,KC,xgb,2.9110000133514404,0.0,10.229999542236328,9.5
00-0040122,2025,17,RB,Ashton Jeanty,LV,xgb,16.04400062561035,9.133000373840332,23.36199951171875,9.3
00-0040162,2025,17,RB,Dylan Sampson,CLE,xgb,6.531000137329102,0.0,13.848999977111816,5.7
00-0040198,2025,17,RB,Ollie Gordon II,MIA,xgb,4.763000011444092,0.0,12.081000328063965,0.0
00-0040205,2025,17,RB,Kalel Mullings,TEN,xgb,1.8919999599456787,0.0,9.210000038146973,0.4
00-0040208,2025,17,RB,Tahj Brooks,CIN,xgb,3.055000066757202,0.0,10.37399959564209,2.9000000000000004
00-0040236,2025,17,RB,Kyle Monangai,CHI,xgb,14.748000144958496,7.836999893188477,22.06599998474121,7.7
00-0040238,2025,17,RB,LeQuint Allen Jr.,JAX,xgb,5.2210001945495605,0.0,12.538999557495117,0.30000000000000004
00-0040242,2025,17,RB,Jacory Croskey-Merritt,WAS,xgb,8.517000198364258,1.6059999465942383,15.835000038146973,22.5
00-0040466,2025,17,RB,Raheim Sanders,CLE,xgb,7.7220001220703125,0.8119999766349792,15.041000366210938,4.1
00-0040556,2025,17,RB,Corey Kiner,ARI,xgb,4.289999961853027,0.0,11.607999801635742,0.2
00-0040583,2025,17,RB,Woody Marks,HOU,xgb,7.321000099182129,0.4099999964237213,14.638999938964844,8.5
00-0040644,2025,17,RB,Trevor Etienne,CAR,xgb,1.3559999465942383,0.0,8.673999786376953,0.0
00-0040666,2025,17,RB,Omarion Hampton,LAC,xgb,12.812000274658203,5.901000022888184,20.1299991607666,20.0
00-0040730,2025,17,RB,RJ Harvey,DEN,xgb,10.887999534606934,3.9769999980926514,18.20599937438965,18.6
00-0040734,2025,17,RB,TreVeyon Henderson,NE,xgb,7.071000099182129,0.1599999964237213,14.388999938964844,8.200000000000001
00-0032104,2025,18,RB,Ameer Abdullah,IND,xgb,1.9079999923706055,0.0,9.22599983215332,4.5
00-0032764,2025,18,RB,Derrick Henry,BAL,xgb,16.888999938964844,9.977999687194824,24.20800018310547,12.600000000000001
00-0033280,2025,18,RB,Christian McCaffrey,SF,xgb,22.868999481201172,15.958000183105469,30.187000274658203,11.7
00-0033376,2025,18,RB,Patrick Ricard,BAL,xgb,1.4670000076293945,0.0,8.78499984741211,1.8
00-0033526,2025,18,RB,Samaje Perine,CIN,xgb,3.2320001125335693,0.0,10.550000190734863,8.2
00-0033854,2025,18,RB,Dare Ogunbowale,HOU,xgb,2.8970000743865967,0.0,10.21500015258789,1.9
00-0033923,2025,18,RB,Kareem Hunt,KC,xgb,9.265999794006348,2.3550000190734863,16.583999633789062,6.5
00-0033955,2025,18,RB,Jeremy McNichols,WAS,xgb,5.683000087738037,0.0,13.00100040435791,2.1
00-0034367,2025,18,RB,Nyheim Hines,NO,xgb,5.486000061035156,0.0,12.803999900817871,0.0
00-0035250,2025,18,RB,Devin Singletary,NYG,xgb,12.744000434875488,5.833000183105469,20.062000274658203,10.6
00-0035261,2025,18,RB,Tony Pollard,TEN,xgb,14.598999977111816,7.688000202178955,21.91699981689453,9.5
00-0035291,2025,18,RB,Trayveon Williams,CLE,xgb,4.541999816894531,0.0,11.859999656677246,3.0
00-0035537,2025,18,RB,Ty Johnson,BUF,xgb,4.989999771118164,0.0,12.307999610900879,19.6
00-0035594,2025,18,RB,Travis Homer,CHI,xgb,1.8609999418258667,0.0,9.178999900817871,0.0
00-0035628,2025,18,RB,D'Ernest Johnson,NE,xgb,3.302999973297119,0.0,10.621000289916992,1.3
00-0035685,2025,18,RB,David Montgomery,DET,xgb,5.11299991607666,0.0,12.430999755859375,6.5
00-0036139,2025,18,RB,Rico Dowdle,CAR,xgb,8.154000282287598,1.2430000305175781,15.472000122070312,3.0
00-0036187,2025,18,RB,Reggie Gilliam,BUF,xgb,1.3320000171661377,0.0,8.649999618530273,3.6
00-0036223,2025,18,RB,Jonathan Taylor,IND,xgb,14.795000076293945,7.883999824523926,22.113000869750977,5.9
00-0036265,2025,18,RB,AJ Dillon,PHI,xgb,3.2170000076293945,0.0,10.53499984741211,1.3
00-0036275,2025,18,RB,D'Andre Swift,CHI,xgb,15.461000442504883,8.550000190734863,22.780000686645508,5.800000000000001
00-0036414,2025,18,RB,Cam Akers,SEA,xgb,3.4230000972747803,0.0,10.741000175476074,0.0
00-0036425,2025,18,RB,DeeJay Dallas,JAX,xgb,2.552000045776367,0.0,9.869999885559082,0.0
00-0036555,2025,18,RB,Chuba Hubbard,CAR,xgb,9.234999656677246,2.3239998817443848,16.55299949645996,3.7
00-0036755,2025,18,RB,Jaret Patterson,LAC,xgb,3.7929999828338623,0.0,11.112000465393066,6.7
00-0036842,2025,18,RB,Kene Nwangwu,NYJ,xgb,2.2669999599456787,0.0,9.585000038146973,1.8
00-0036875,2025,18,RB,Rhamondre Stevenson,NE,xgb,9.885000228881836,2.9739999771118164,17.202999114990234,35.3
00-0036906,2025,18,RB,Khalil Herbert,NYJ,xgb,3.8940000534057617,0.0,11.213000297546387,5.6000000000000005
00-0036919,2025,18,RB,Kenny Gainwell,PIT,xgb,10.45300006866455,3.5420000553131104,17.770999908447266,21.4
00-0036924,2025,18,RB,Michael Carter,ARI,xgb,9.168000221252441,2.256999969482422,16.486000061035156,6.9
00-0036973,2025,18,RB,Travis Etienne,JAX,xgb,10.786999702453613,3.875999927520752,18.104999542236328,4.800000000000001
00-0037085,2025,18,RB,Tyler Badie,DEN,xgb,3.5179998874664307,0.0,10.836000442504883,4.6
00-0037120,2025,18,RB,Tyler Goodson,IND,xgb,3.306999921798706,0.0,10.625,0.30000000000000004
00-0037228,2025,18,RB,Jaylen Warren,PIT,xgb,10.043000221252441,3.131999969482422,17.361000061035156,14.9
00-0037248,2025,18,RB,James Cook,BUF,xgb,17.18000030517578,10.269000053405762,24.49799919128418,1.5
00-0037256,2025,18,RB,Rachaad White,TB,xgb,8.76099967956543,1.850000023841858,16.07900047302246,6.1000000000000005
00-0037258,2025,18,RB,Dameon Pierce,KC,xgb,3.4679999351501465,0.0,10.78600025177002,1.0
00-0037263,2025,18,RB,Tyler Allgeier,ATL,xgb,7.376999855041504,0.4659999907016754,14.694999694824219,2.9000000000000004
00-0037276,2025,18,RB,Ty Chandler,MIN,xgb,3.140000104904175,0.0,10.458999633789062,6.4
00-0037525,2025,18,RB,Jordan Mason,MIN,xgb,5.289999961853027,0.0,12.607999801635742,9.4
00-0037557,2025,18,RB,Ronnie Rivers,LA,xgb,3.947999954223633,0.0,11.267000198364258,0.0
00-0037594,2025,18,RB,Julius Chestnut,TEN,xgb,1.3250000476837158,0.0,8.642999649047852,0.0
00-0037617,2025,18,RB,Hassan Haskins,LAC,xgb,3.509000062942505,0.0,10.82800006866455,0.30000000000000004
00-0037746,2025,18,RB,Brian Robinson,SF,xgb,8.788000106811523,1.8769999742507935,16.106000900268555,0.9
00-0037840,2025,18,RB,Kyren Williams,LA,xgb,12.557000160217285,5.645999908447266,19.875,11.1
00-0038040,2025,18,RB,Zamir White,LV,xgb,3.930999994277954,0.0,11.24899959564209,2.0
00-0038134,2025,18,RB,Kenneth Walker III,SEA,xgb,11.42199993133545,4.511000156402588,18.739999771118164,17.3
00-0038397,2025,18,RB,Evan Hull,NO,xgb,4.684999942779541,0.0,12.003000259399414,1.1
00-0038440,2025,18,RB,Zavier Scott,MIN,xgb,3.065000057220459,0.0,10.383000373840332,2.7
00-0038454,2025,18,RB,Keaton Mitchell,BAL,xgb,6.735000133514404,0.0,14.053999900817871,0.2
00-0038542,2025,18,RB,Bijan Robinson,ATL,xgb,23.860000610351562,16.948999404907227,31.17799949645996,7.3
00-0038555,2025,18,RB,Tank Bigsby,PHI,xgb,3.693000078201294,0.0,11.01099967956543,17.6
00-0038597,2025,18,RB,Chase Brown,CIN,xgb,17.240999221801758,10.329999923706055,24.55900001525879,19.0
00-0038611,2025,18,RB,Chris Rodriguez Jr.,WAS,xgb,10.279999732971191,3.36899995803833,17.597999572753906,15.3
00-0038685,2025,18,RB,Chris Brooks,GB,xgb,3.1570000648498535,0.0,10.475000381469727,6.1000000000000005
00-0038705,2025,18,RB,Emari Demercado,ARI,xgb,5.216000080108643,0.0,12.53499984741211,6.7
00-0038738,2025,18,RB,Hunter Luepke,DAL,xgb,4.196000099182129,0.0,11.513999938964844,2.6
00-0038794,2025,18,RB,Jaleel McLaughlin,DEN,xgb,4.675000190734863,0.0,11.993000030517578,6.800000000000001
00-0038797,2025,18,RB,Emanuel Wilson,GB,xgb,7.671999931335449,0.7620000243186951,14.991000175476074,5.800000000000001
00-0038951,2025,18,RB,Sean Tucker,TB,xgb,6.513999938964844,0.0,13.831999778747559,-0.4
00-0039032,2025,18,RB,Tyjae Spears,TEN,xgb,12.218999862670898,5.308000087738037,19.53700065612793,9.7
00-0039139,2025,18,RB,Jahmyr Gibbs,DET,xgb,15.437000274658203,8.527000427246094,22.756000518798828,20.3
00-0039165,2025,18,RB,Zach Charbonnet,SEA,xgb,10.067999839782715,3.1570000648498535,17.38599967956543,18.700000000000003
00-0039361,2025,18,RB,Bucky Irving,TB,xgb,16.69499969482422,9.784000396728516,24.01300048828125,10.8
00-0039364,2025,18,RB,Sione Vaki,DET,xgb,1.4670000076293945,0.0,8.78499984741211,0.0
00-0039373,2025,18,RB,Audric Estimé,NO,xgb,9.251999855041504,2.3410000801086426,16.56999969482422,15.600000000000001
00-0039384,2025,18,RB,Tyrone Tracy Jr.,NYG,xgb,11.536999702453613,4.625999927520752,18.854999542236328,27.9
00-0039391,2025,18,RB,Kimani Vidal,LAC,xgb,9.708000183105469,2.796999931335449,17.025999069213867,2.0
00-0039405,2025,18,RB,Jawhar Jordan,HOU,xgb,9.35099983215332,2.440000057220459,16.66900062561035,0.30000000000000004
00-0039407,2025,18,RB,Dylan Laube,LV,xgb,1.9630000591278076,0.0,9.281000137329102,0.0
00-0039603,2025,18,RB,British Brooks,HOU,xgb,1.0750000476837158,0.0,8.392999649047852,6.300000000000001
00-0039738,2025,18,RB,Blake Corum,LA,xgb,15.954000473022461,9.043000221252441,23.27199935913086,7.9
00-0039746,2025,18,RB,Will Shipley,PHI,xgb,2.059999942779541,0.0,9.378000259399414,3.3
00-0039796,2025,18,RB,Rasheen Ali,BAL,xgb,1.8919999599456787,0.0,9.210000038146973,0.0
00-0039874,2025,18,RB,Jaylen Wright,MIA,xgb,6.936999797821045,0.026000000536441803,14.255000114440918,4.0
00-0039875,2025,18,RB,Ray Davis,BUF,xgb,3.802999973297119,0.0,11.121000289916992,25.400000000000002
00-0040078,2025,18,RB,Brashard Smith,KC,xgb,3.680999994277954,0.0,10.99899959564209,7.800000000000001
00-0040122,2025,18,RB,Ashton Jeanty,LV,xgb,13.57800006866455,6.666999816894531,20.895999908447266,12.4
00-0040162,2025,18,RB,Dylan Sampson,CLE,xgb,6.53000020980835,0.0,13.847999572753906,6.4
00-0040179,2025,18,RB,DJ Giddens,IND,xgb,4.4670000076293945,0.0,11.78600025177002,3.0
00-0040198,2025,18,RB,Ollie Gordon II,MIA,xgb,6.480999946594238,0.0,13.798999786376953,2.1
00-0040236,2025,18,RB,Kyle Monangai,CHI,xgb,12.062000274658203,5.151000022888184,19.3799991607666,5.9
00-0040242,2025,18,RB,Jacory Croskey-Merritt,WAS,xgb,12.998000144958496,6.086999893188477,20.31599998474121,2.9000000000000004
00-0040466,2025,18,RB,Raheim Sanders,CLE,xgb,6.671999931335449,0.0,13.989999771118164,4.300000000000001
00-0040556,2025,18,RB,Corey Kiner,ARI,xgb,2.680999994277954,0.0,9.99899959564209,4.800000000000001
00-0040583,2025,18,RB,Woody Marks,HOU,xgb,9.088000297546387,2.177000045776367,16.4060001373291,6.800000000000001
00-0040586,2025,18,RB,Jaydon Blue,DAL,xgb,4.867000102996826,0.0,12.1850004196167,12.4
00-0040644,2025,18,RB,Trevor Etienne,CAR,xgb,2.015000104904175,0.0,9.333000183105469,0.0
00-0040719,2025,18,RB,Bhayshul Tuten,JAX,xgb,5.623000144958496,0.0,12.940999984741211,8.3
00-0040730,2025,18,RB,RJ Harvey,DEN,xgb,10.744000434875488,3.8340001106262207,18.062999725341797,4.300000000000001
00-0040734,2025,18,RB,TreVeyon Henderson,NE,xgb,10.472000122070312,3.561000108718872,17.790000915527344,17.3
00-0030061,2025,1,TE,Zach Ertz,WAS,xgb,8.545000076293945,2.993000030517578,15.006999969482422,11.6
00-0030506,2025,1,TE,Travis Kelce,KC,xgb,12.277999877929688,6.72599983215332,18.739999771118164,12.7
00-0032392,2025,1,TE,Austin Hooper,NE,xgb,4.554999828338623,0.0,11.015999794006348,2.0
00-0033090,2025,1,TE,Hunter Henry,NE,xgb,6.9730000495910645,1.4199999570846558,13.4350004196167,10.600000000000001
00-0033110,2025,1,TE,Tyler Higbee,LA,xgb,10.519000053405762,4.9670000076293945,16.981000900268555,0.0
00-0033217,2025,1,TE,Mo Alie-Cox,IND,xgb,5.048999786376953,0.0,11.51099967956543,3.0
00-0033246,2025,1,TE,Johnny Mundt,JAX,xgb,1.805999994277954,0.0,8.267999649047852,0.0
00-0033288,2025,1,TE,George Kittle,SF,xgb,9.166999816894531,3.615000009536743,15.628999710083008,12.5
00-0033576,2025,1,TE,Eric Saubert,SEA,xgb,2.059999942779541,0.0,8.522000312805176,0.0
00-0033858,2025,1,TE,Jonnu Smith,PIT,xgb,7.955999851226807,2.4030001163482666,14.416999816894531,12.5
00-0033881,2025,1,TE,Evan Engram,DEN,xgb,10.059000015258789,4.506999969482422,16.520999908447266,5.1
00-0033885,2025,1,TE,David Njoku,CLE,xgb,11.302000045776367,5.749000072479248,17.763999938964844,6.7
00-0034159,2025,1,TE,Will Dissly,LAC,xgb,8.121000289916992,2.568000078201294,14.583000183105469,2.8
00-0034270,2025,1,TE,Tyler Conklin,LAC,xgb,6.690000057220459,1.1369999647140503,13.152000427246094,7.2
00-0034351,2025,1,TE,Dallas Goedert,PHI,xgb,3.2190001010894775,0.0,9.680999755859375,11.4
00-0034383,2025,1,TE,Dalton Schultz,HOU,xgb,6.184000015258789,0.6320000290870667,12.645999908447266,5.800000000000001
00-0034753,2025,1,TE,Mark Andrews,BAL,xgb,8.517999649047852,2.9649999141693115,14.979999542236328,1.5
00-0034829,2025,1,TE,Mike Gesicki,CIN,xgb,6.135000228881836,0.5830000042915344,12.597000122070312,2.4000000000000004
00-0035229,2025,1,TE,T.J. Hockenson,MIN,xgb,8.588000297546387,3.0360000133514404,15.050000190734863,4.5
00-0035249,2025,1,TE,Josh Oliver,MIN,xgb,3.309000015258789,0.0,9.770999908447266,1.5
00-0035631,2025,1,TE,Drew Sample,CIN,xgb,4.796999931335449,0.0,11.258999824523926,0.0
00-0035644,2025,1,TE,Noah Fant,CIN,xgb,4.414999961853027,0.0,10.876999855041504,12.6
00-0035689,2025,1,TE,Dawson Knox,BUF,xgb,4.8379998207092285,0.0,11.300000190734863,4.0
00-0036040,2025,1,TE,Juwan Johnson,NO,xgb,5.229000091552734,0.0,11.690999984741211,15.600000000000001
00-0036244,2025,1,TE,Colby Parkinson,LA,xgb,4.328999996185303,0.0,10.791000366210938,-0.6000000000000001
00-0036290,2025,1,TE,Cole Kmet,CHI,xgb,1.875,0.0,8.336999893188477,4.1
00-0036422,2025,1,TE,Adam Trautman,DEN,xgb,4.743000030517578,0.0,11.204999923706055,1.5
00-0036637,2025,1,TE,Noah Gray,KC,xgb,4.434000015258789,0.0,10.895999908447266,1.3
00-0036741,2025,1,TE,Jack Stoll,NO,xgb,1.4119999408721924,0.0,7.874000072479248,0.0
00-0036825,2025,1,TE,Feleipe Franks,ATL,xgb,3.197999954223633,0.0,9.65999984741211,0.0
00-0036876,2025,1,TE,Kylen Granson,PHI,xgb,8.656999588012695,3.1050000190734863,15.119000434875488,1.1
00-0036887,2025,1,TE,Luke Farrell,SF,xgb,3.572999954223633,0.0,10.03499984741211,1.4
00-0036894,2025,1,TE,Pat Freiermuth,PIT,xgb,5.377999782562256,0.0,11.84000015258789,5.800000000000001
00-0036970,2025,1,TE,Kyle Pitts,ATL,xgb,4.5960001945495605,0.0,11.057999610900879,12.9
00-0037004,2025,1,TE,Hunter Long,JAX,xgb,2.065999984741211,0.0,8.527999877929688,7.6
00-0037005,2025,1,TE,Tommy Tremble,CAR,xgb,3.315000057220459,0.0,9.777000427246094,1.2
00-0037112,2025,1,TE,Jake Tonges,SF,xgb,1.444000005722046,0.0,7.906000137329102,10.5
00-0037292,2025,1,TE,Andrew Ogletree,IND,xgb,5.545000076293945,0.0,12.006999969482422,0.0
00-0037306,2025,1,TE,John FitzPatrick,GB,xgb,1.5640000104904175,0.0,8.026000022888184,1.2
00-0037311,2025,1,TE,Ko Kieft,TB,xgb,1.7319999933242798,0.0,8.194000244140625,0.0
00-0037348,2025,1,TE,Tanner Conner,MIA,xgb,2.4730000495910645,0.0,8.934000015258789,4.0
00-0037539,2025,1,TE,Lucas Krull,DEN,xgb,5.232999801635742,0.0,11.694999694824219,1.6
00-0037744,2025,1,TE,Trey McBride,ARI,xgb,17.868999481201172,12.317000389099121,24.33099937438965,12.100000000000001
00-0037805,2025,1,TE,Jeremy Ruckert,NYJ,xgb,2.890000104904175,0.0,9.35200023651123,3.6
00-0037809,2025,1,TE,Chig Okonkwo,TEN,xgb,15.20300006866455,9.649999618530273,21.665000915527344,4.9
00-0038041,2025,1,TE,Jake Ferguson,DAL,xgb,6.448999881744385,0.8960000276565552,12.91100025177002,7.300000000000001
00-0038115,2025,1,TE,Daniel Bellinger,NYG,xgb,4.451000213623047,0.0,10.913000106811523,2.4000000000000004
00-0038129,2025,1,TE,Cade Otton,TB,xgb,4.410999774932861,0.0,10.873000144958496,0.0
00-0038547,2025,1,TE,Luke Schoonmaker,DAL,xgb,3.3889999389648438,0.0,9.85099983215332,0.0
00-0038590,2025,1,TE,Justin Shorter,LV,xgb,1.2400000095367432,0.0,7.702000141143799,0.0
00-0038720,2025,1,TE,Julian Hill,MIA,xgb,1.1369999647140503,0.0,7.598999977111816,2.0
00-0038933,2025,1,TE,Dalton Kincaid,BUF,xgb,6.669000148773193,1.1160000562667847,13.130000114440918,14.8
00-0038935,2025,1,TE,Brenton Strange,JAX,xgb,4.692999839782715,0.0,11.154999732971191,9.9
00-0038996,2025,1,TE,Tucker Kraft,GB,xgb,4.196000099182129,0.0,10.657999992370605,9.9
00-0039041,2025,1,TE,Elijah Higgins,ARI,xgb,2.8269999027252197,0.0,9.288999557495117,1.3
00-0039050,2025,1,TE,Payne Durham,TB,xgb,4.205999851226807,0.0,10.668000221252441,0.0
00-0039065,2025,1,TE,Sam LaPorta,DET,xgb,8.95300006866455,3.4000000953674316,15.414999961853027,13.9
00-0039066,2025,1,TE,Michael Mayer,LV,xgb,5.497000217437744,0.0,11.958999633789062,7.800000000000001
00-0039074,2025,1,TE,Davis Allen,LA,xgb,4.389999866485596,0.0,10.85200023651123,8.3
00-0039144,2025,1,TE,Luke Musgrave,GB,xgb,2.2699999809265137,0.0,8.732000350952148,1.4
00-0039338,2025,1,TE,Brock Bowers,LV,xgb,13.019000053405762,7.466000080108643,19.481000900268555,15.3
00-0039356,2025,1,TE,Ja'Tavion Sanders,CAR,xgb,3.677999973297119,0.0,10.140000343322754,4.7
00-0039359,2025,1,TE,Cade Stover,HOU,xgb,5.361000061035156,0.0,11.822999954223633,6.2
00-0039530,2025,1,TE,Brevyn Spann-Ford,DAL,xgb,1.4800000190734863,0.0,7.941999912261963,0.0
00-0039648,2025,1,TE,David Martin-Robinson,TEN,xgb,1.4220000505447388,0.0,7.883999824523926,0.0
00-0039686,2025,1,TE,Colson Yankoff,WAS,xgb,1.2400000095367432,0.0,7.702000141143799,0.0
00-0039737,2025,1,TE,Tip Reiman,ARI,xgb,2.7920000553131104,0.0,9.253999710083008,2.0
00-0039793,2025,1,TE,AJ Barner,SEA,xgb,9.336000442504883,3.7839999198913574,15.79800033569336,1.2
00-0039847,2025,1,TE,Theo Johnson,NYG,xgb,7.011000156402588,1.4589999914169312,13.472999572753906,1.5
00-0030061,2025,2,TE,Zach Ertz,WAS,xgb,7.677000045776367,2.124000072479248,14.138999938964844,18.4
00-0030506,2025,2,TE,Travis Kelce,KC,xgb,9.067000389099121,3.515000104904175,15.529000282287598,10.100000000000001
00-0032392,2025,2,TE,Austin Hooper,NE,xgb,4.839000225067139,0.0,11.300999641418457,6.800000000000001
00-0033090,2025,2,TE,Hunter Henry,NE,xgb,13.519000053405762,7.966000080108643,19.981000900268555,1.9
00-0033110,2025,2,TE,Tyler Higbee,LA,xgb,6.285999774932861,0.734000027179718,12.748000144958496,7.7
00-0033217,2025,2,TE,Mo Alie-Cox,IND,xgb,4.754000186920166,0.0,11.215999603271484,1.8
00-0033576,2025,2,TE,Eric Saubert,SEA,xgb,2.490000009536743,0.0,8.951000213623047,0.0
00-0033858,2025,2,TE,Jonnu Smith,PIT,xgb,10.154000282287598,4.6020002365112305,16.615999221801758,6.7
00-0033881,2025,2,TE,Evan Engram,DEN,xgb,9.848999977111816,4.296000003814697,16.31100082397461,2.2
00-0033885,2025,2,TE,David Njoku,CLE,xgb,12.0600004196167,6.506999969482422,18.52199935913086,8.0
00-0034159,2025,2,TE,Will Dissly,LAC,xgb,4.913000106811523,0.0,11.375,1.7000000000000002
00-0034365,2025,2,TE,Ian Thomas,LV,xgb,3.1649999618530273,0.0,9.626999855041504,0.0
00-0034383,2025,2,TE,Dalton Schultz,HOU,xgb,7.514999866485596,1.9620000123977661,13.97700023651123,5.9
00-0034753,2025,2,TE,Mark Andrews,BAL,xgb,6.4629998207092285,0.9100000262260437,12.925000190734863,1.4
00-0034829,2025,2,TE,Mike Gesicki,CIN,xgb,8.961999893188477,3.4100000858306885,15.423999786376953,4.8
00-0035229,2025,2,TE,T.J. Hockenson,MIN,xgb,10.767000198364258,5.214000225067139,17.229000091552734,2.2
00-0035631,2025,2,TE,Drew Sample,CIN,xgb,2.99399995803833,0.0,9.456000328063965,1.7000000000000002
00-0035644,2025,2,TE,Noah Fant,CIN,xgb,6.501999855041504,0.9490000009536743,12.96399974822998,5.800000000000001
00-0035689,2025,2,TE,Dawson Knox,BUF,xgb,5.289999961853027,0.0,11.751999855041504,3.9000000000000004
00-0036040,2025,2,TE,Juwan Johnson,NO,xgb,9.652000427246094,4.098999977111816,16.113000869750977,15.9
00-0036232,2025,2,TE,Harrison Bryant,HOU,xgb,3.489000082015991,0.0,9.951000213623047,0.0
00-0036290,2025,2,TE,Cole Kmet,CHI,xgb,4.3429999351501465,0.0,10.805000305175781,4.9
00-0036332,2025,2,TE,Josiah Deguara,ARI,xgb,1.5149999856948853,0.0,7.9770002365112305,0.0
00-0036422,2025,2,TE,Adam Trautman,DEN,xgb,3.430000066757202,0.0,9.892000198364258,10.0
00-0036590,2025,2,TE,Quintin Morris,JAX,xgb,2.6740000247955322,0.0,9.13599967956543,0.0
00-0036637,2025,2,TE,Noah Gray,KC,xgb,3.4690001010894775,0.0,9.930999755859375,1.1
00-0036754,2025,2,TE,Brock Wright,DET,xgb,1.49399995803833,0.0,7.955999851226807,11.8
00-0036876,2025,2,TE,Kylen Granson,PHI,xgb,5.445000171661377,0.0,11.906999588012695,1.5
00-0036887,2025,2,TE,Luke Farrell,SF,xgb,3.3929998874664307,0.0,9.854999542236328,9.5
00-0036894,2025,2,TE,Pat Freiermuth,PIT,xgb,6.388999938964844,0.8370000123977661,12.85099983215332,6.1
00-0036970,2025,2,TE,Kyle Pitts,ATL,xgb,8.137999534606934,2.5859999656677246,14.600000381469727,7.7
00-0037005,2025,2,TE,Tommy Tremble,CAR,xgb,4.120999813079834,0.0,10.583000183105469,5.0
00-0037086,2025,2,TE,Grant Calcaterra,PHI,xgb,6.3520002365112305,0.7990000247955322,12.814000129699707,1.6
00-0037112,2025,2,TE,Jake Tonges,SF,xgb,3.7699999809265137,0.0,10.232000350952148,7.1
00-0037292,2025,2,TE,Andrew Ogletree,IND,xgb,2.109999895095825,0.0,8.571999549865723,0.0
00-0037306,2025,2,TE,John FitzPatrick,GB,xgb,2.306999921798706,0.0,8.769000053405762,0.0
00-0037744,2025,2,TE,Trey McBride,ARI,xgb,18.180999755859375,12.628999710083008,24.64299964904785,13.8
00-0037805,2025,2,TE,Jeremy Ruckert,NYJ,xgb,3.6389999389648438,0.0,10.10099983215332,7.5
00-0037809,2025,2,TE,Chig Okonkwo,TEN,xgb,9.399999618530273,3.8469998836517334,15.862000465393066,7.5
00-0038041,2025,2,TE,Jake Ferguson,DAL,xgb,6.166999816894531,0.6140000224113464,12.628999710083008,16.8
00-0038115,2025,2,TE,Daniel Bellinger,NYG,xgb,3.953000068664551,0.0,10.414999961853027,0.0
00-0038129,2025,2,TE,Cade Otton,TB,xgb,4.031000137329102,0.0,10.493000030517578,5.5
00-0038547,2025,2,TE,Luke Schoonmaker,DAL,xgb,3.6589999198913574,0.0,10.121000289916992,0.0
00-0038558,2025,2,TE,Darnell Washington,PIT,xgb,3.5950000286102295,0.0,10.057000160217285,2.0
00-0038643,2025,2,TE,Brayden Willis,SF,xgb,1.774999976158142,0.0,8.237000465393066,0.0
00-0038933,2025,2,TE,Dalton Kincaid,BUF,xgb,10.527000427246094,4.974999904632568,16.98900032043457,7.7
00-0038935,2025,2,TE,Brenton Strange,JAX,xgb,8.194000244140625,2.6419999599456787,14.656000137329102,4.7
00-0038996,2025,2,TE,Tucker Kraft,GB,xgb,8.760000228881836,3.2079999446868896,15.222000122070312,24.4
00-0039041,2025,2,TE,Elijah Higgins,ARI,xgb,3.5799999237060547,0.0,10.041999816894531,6.5
00-0039050,2025,2,TE,Payne Durham,TB,xgb,3.1649999618530273,0.0,9.626999855041504,0.0
00-0039065,2025,2,TE,Sam LaPorta,DET,xgb,14.192999839782715,8.640000343322754,20.655000686645508,5.6
00-0039066,2025,2,TE,Michael Mayer,LV,xgb,4.556000232696533,0.0,11.017999649047852,2.9
00-0039074,2025,2,TE,Davis Allen,LA,xgb,2.4070000648498535,0.0,8.869000434875488,7.8
00-0039144,2025,2,TE,Luke Musgrave,GB,xgb,2.9560000896453857,0.0,9.418000221252441,5.2
00-0039338,2025,2,TE,Brock Bowers,LV,xgb,16.42799949645996,10.87600040435791,22.889999389648438,8.8
00-0039356,2025,2,TE,Ja'Tavion Sanders,CAR,xgb,5.873000144958496,0.32100000977516174,12.335000038146973,12.4
00-0039530,2025,2,TE,Brevyn Spann-Ford,DAL,xgb,2.424999952316284,0.0,8.88700008392334,1.3
00-0039793,2025,2,TE,AJ Barner,SEA,xgb,3.566999912261963,0.0,10.029000282287598,10.8
00-0039847,2025,2,TE,Theo Johnson,NYG,xgb,7.244999885559082,1.6920000314712524,13.706999778747559,7.4
00-0039912,2025,2,TE,Ben Sinnott,WAS,xgb,1.5449999570846558,0.0,8.006999969482422,1.7000000000000002
00-0040126,2025,2,TE,Colston Loveland,CHI,xgb,8.51200008392334,2.9600000381469727,14.973999977111816,0.0
00-0040128,2025,2,TE,Tyler Warren,IND,xgb,11.305000305175781,5.752999782562256,17.767000198364258,11.9
00-0040194,2025,2,TE,Jackson Hawes,BUF,xgb,3.984999895095825,0.0,10.446999549865723,1.5
00-0040584,2025,2,TE,Gunnar Helm,TEN,xgb,7.251999855041504,1.7000000476837158,13.71399974822998,2.9
00-0040663,2025,2,TE,Harold Fannin Jr.,CLE,xgb,12.144000053405762,6.5920000076293945,18.606000900268555,9.8
00-0040736,2025,2,TE,Mason Taylor,NYJ,xgb,2.9010000228881836,0.0,9.36299991607666,1.5
00-0040739,2025,2,TE,Elijah Arroyo,SEA,xgb,2.865000009536743,0.0,9.32699966430664,5.1
00-0030061,2025,3,TE,Zach Ertz,WAS,xgb,7.243000030517578,1.690999984741211,13.704999923706055,6.800000000000001
00-0030506,2025,3,TE,Travis Kelce,KC,xgb,10.385000228881836,4.831999778747559,16.847000122070312,6.6
00-0031484,2025,3,TE,Chris Manhertz,NYG,xgb,2.0980000495910645,0.0,8.5600004196167,1.7000000000000002
00-0032392,2025,3,TE,Austin Hooper,NE,xgb,5.367000102996826,0.0,11.829000473022461,4.800000000000001
00-0033090,2025,3,TE,Hunter Henry,NE,xgb,6.590000152587891,1.0369999408721924,13.052000045776367,29.0
00-0033110,2025,3,TE,Tyler Higbee,LA,xgb,6.173999786376953,0.6209999918937683,12.635000228881836,0.0
00-0033246,2025,3,TE,Johnny Mundt,JAX,xgb,2.318000078201294,0.0,8.779999732971191,1.7000000000000002
00-0033576,2025,3,TE,Eric Saubert,SEA,xgb,2.4560000896453857,0.0,8.918000221252441,2.2
00-0033858,2025,3,TE,Jonnu Smith,PIT,xgb,11.12399959564209,5.571000099182129,17.584999084472656,5.300000000000001
00-0033885,2025,3,TE,David Njoku,CLE,xgb,12.880000114440918,7.328000068664551,19.341999053955078,9.0
00-0034270,2025,3,TE,Tyler Conklin,LAC,xgb,6.75600004196167,1.2029999494552612,13.218000411987305,0.0
00-0034351,2025,3,TE,Dallas Goedert,PHI,xgb,7.558000087738037,2.00600004196167,14.020000457763672,10.3
00-0034383,2025,3,TE,Dalton Schultz,HOU,xgb,8.597000122070312,3.0450000762939453,15.059000015258789,8.9
00-0034753,2025,3,TE,Mark Andrews,BAL,xgb,7.059000015258789,1.5069999694824219,13.520999908447266,27.1
00-0034829,2025,3,TE,Mike Gesicki,CIN,xgb,7.638999938964844,2.0859999656677246,14.10099983215332,1.6
00-0035229,2025,3,TE,T.J. Hockenson,MIN,xgb,6.067999839782715,0.515999972820282,12.529999732971191,15.9
00-0035249,2025,3,TE,Josh Oliver,MIN,xgb,3.0480000972747803,0.0,9.510000228881836,8.2
00-0035631,2025,3,TE,Drew Sample,CIN,xgb,3.9049999713897705,0.0,10.366999626159668,10.0
00-0035644,2025,3,TE,Noah Fant,CIN,xgb,8.244000434875488,2.690999984741211,14.706000328063965,5.6
00-0036040,2025,3,TE,Juwan Johnson,NO,xgb,8.607000350952148,3.055000066757202,15.069000244140625,11.100000000000001
00-0036290,2025,3,TE,Cole Kmet,CHI,xgb,4.673999786376953,0.0,11.13599967956543,8.0
00-0036422,2025,3,TE,Adam Trautman,DEN,xgb,4.0320000648498535,0.0,10.494000434875488,0.0
00-0036429,2025,3,TE,Charlie Woerner,ATL,xgb,1.6080000400543213,0.0,8.069000244140625,0.5
00-0036637,2025,3,TE,Noah Gray,KC,xgb,4.77400016784668,0.0,11.236000061035156,4.7
00-0036741,2025,3,TE,Jack Stoll,NO,xgb,1.36899995803833,0.0,7.830999851226807,10.1
00-0036876,2025,3,TE,Kylen Granson,PHI,xgb,5.316999912261963,0.0,11.779000282287598,0.0
00-0036894,2025,3,TE,Pat Freiermuth,PIT,xgb,8.36299991607666,2.809999942779541,14.824000358581543,1.6
00-0036970,2025,3,TE,Kyle Pitts,ATL,xgb,5.684000015258789,0.13199999928474426,12.145999908447266,7.9
00-0037004,2025,3,TE,Hunter Long,JAX,xgb,2.443000078201294,0.0,8.904999732971191,3.2
00-0037005,2025,3,TE,Tommy Tremble,CAR,xgb,4.208000183105469,0.0,10.670000076293945,3.6
00-0037086,2025,3,TE,Grant Calcaterra,PHI,xgb,4.480000019073486,0.0,10.942000389099121,0.0
00-0037112,2025,3,TE,Jake Tonges,SF,xgb,5.005000114440918,0.0,11.467000007629395,4.1
00-0037306,2025,3,TE,John FitzPatrick,GB,xgb,1.4589999914169312,0.0,7.921000003814697,9.2
00-0037311,2025,3,TE,Ko Kieft,TB,xgb,1.1970000267028809,0.0,7.658999919891357,0.0
00-0037348,2025,3,TE,Tanner Conner,MIA,xgb,5.625999927520752,0.0729999989271164,12.088000297546387,2.3
00-0037539,2025,3,TE,Lucas Krull,DEN,xgb,4.388999938964844,0.0,10.85099983215332,1.9
00-0037654,2025,3,TE,Tucker Fisk,LAC,xgb,1.8730000257492065,0.0,8.335000038146973,0.0
00-0037744,2025,3,TE,Trey McBride,ARI,xgb,17.839000701904297,12.286999702453613,24.301000595092773,15.3
00-0037809,2025,3,TE,Chig Okonkwo,TEN,xgb,14.531999588012695,8.979000091552734,20.993999481201172,11.600000000000001
00-0038041,2025,3,TE,Jake Ferguson,DAL,xgb,12.668000221252441,7.114999771118164,19.1299991607666,21.200000000000003
00-0038046,2025,3,TE,Charlie Kolar,BAL,xgb,2.117000102996826,0.0,8.579000473022461,4.2
00-0038115,2025,3,TE,Daniel Bellinger,NYG,xgb,2.2330000400543213,0.0,8.694999694824219,1.6
00-0038547,2025,3,TE,Luke Schoonmaker,DAL,xgb,3.075000047683716,0.0,9.536999702453613,1.5
00-0038643,2025,3,TE,Brayden Willis,SF,xgb,1.965999960899353,0.0,8.428000450134277,0.0
00-0038710,2025,3,TE,Blake Whiteheart,CLE,xgb,1.8229999542236328,0.0,8.28499984741211,0.0
00-0038720,2025,3,TE,Julian Hill,MIA,xgb,2.4519999027252197,0.0,8.913000106811523,1.4
00-0038933,2025,3,TE,Dalton Kincaid,BUF,xgb,7.201000213623047,1.6480000019073486,13.663000106811523,17.6
00-0038935,2025,3,TE,Brenton Strange,JAX,xgb,7.765999794006348,2.2130000591278076,14.22700023651123,12.100000000000001
00-0038996,2025,3,TE,Tucker Kraft,GB,xgb,10.996000289916992,5.443999767303467,17.45800018310547,5.9
00-0039041,2025,3,TE,Elijah Higgins,ARI,xgb,3.6559998989105225,0.0,10.118000030517578,1.7000000000000002
00-0039065,2025,3,TE,Sam LaPorta,DET,xgb,11.437000274658203,5.883999824523926,17.89900016784668,7.300000000000001
00-0039066,2025,3,TE,Michael Mayer,LV,xgb,4.544000148773193,0.0,11.005999565124512,0.0
00-0039074,2025,3,TE,Davis Allen,LA,xgb,0.734000027179718,0.0,7.196000099182129,1.3
00-0039338,2025,3,TE,Brock Bowers,LV,xgb,17.839000701904297,12.28600025177002,24.301000595092773,9.8
00-0039356,2025,3,TE,Ja'Tavion Sanders,CAR,xgb,6.211999893188477,0.6600000262260437,12.673999786376953,3.1
00-0039530,2025,3,TE,Brevyn Spann-Ford,DAL,xgb,2.247999906539917,0.0,8.710000038146973,0.0
00-0039631,2025,3,TE,Cam Grandy,CIN,xgb,2.7209999561309814,0.0,9.182999610900879,1.6
00-0039686,2025,3,TE,Colson Yankoff,WAS,xgb,1.1970000267028809,0.0,7.658999919891357,0.0
00-0039737,2025,3,TE,Tip Reiman,ARI,xgb,2.5510001182556152,0.0,9.012999534606934,2.8
00-0039793,2025,3,TE,AJ Barner,SEA,xgb,5.4720001220703125,0.0,11.932999610900879,3.3000000000000003
00-0039847,2025,3,TE,Theo Johnson,NYG,xgb,7.559000015258789,2.006999969482422,14.020999908447266,2.0
00-0040126,2025,3,TE,Colston Loveland,CHI,xgb,3.0450000762939453,0.0,9.506999969482422,4.1
00-0040128,2025,3,TE,Tyler Warren,IND,xgb,17.781999588012695,12.229000091552734,24.243999481201172,6.800000000000001
00-0040187,2025,3,TE,Mitchell Evans,CAR,xgb,2.864000082015991,0.0,9.326000213623047,1.9
00-0040194,2025,3,TE,Jackson Hawes,BUF,xgb,3.992000102996826,0.0,10.454000473022461,7.5
00-0040509,2025,3,TE,Ben Yurosek,MIN,xgb,1.1970000267028809,0.0,7.658999919891357,0.0
00-0040584,2025,3,TE,Gunnar Helm,TEN,xgb,5.363999843597412,0.0,11.826000213623047,5.7
00-0040663,2025,3,TE,Harold Fannin Jr.,CLE,xgb,18.3700008392334,12.817999839782715,24.832000732421875,5.5
00-0040736,2025,3,TE,Mason Taylor,NYJ,xgb,3.611999988555908,0.0,10.074000358581543,5.8
00-0040739,2025,3,TE,Elijah Arroyo,SEA,xgb,3.927999973297119,0.0,10.390000343322754,0.0
00-0030061,2025,4,TE,Zach Ertz,WAS,xgb,7.105000019073486,1.5520000457763672,13.567000389099121,6.1
00-0030506,2025,4,TE,Travis Kelce,KC,xgb,9.437000274658203,3.884999990463257,15.89900016784668,9.8
00-0031484,2025,4,TE,Chris Manhertz,NYG,xgb,3.428999900817871,0.0,9.890999794006348,0.0
00-0031610,2025,4,TE,Darren Waller,MIA,xgb,4.828999996185303,0.0,11.291000366210938,17.7
00-0032392,2025,4,TE,Austin Hooper,NE,xgb,4.414999961853027,0.0,10.876999855041504,3.4000000000000004
00-0033090,2025,4,TE,Hunter Henry,NE,xgb,13.168999671936035,7.617000102996826,19.631000518798828,11.9
00-0033110,2025,4,TE,Tyler Higbee,LA,xgb,4.254000186920166,0.0,10.715999603271484,4.5
00-0033246,2025,4,TE,Johnny Mundt,JAX,xgb,2.125999927520752,0.0,8.588000297546387,0.0
00-0033576,2025,4,TE,Eric Saubert,SEA,xgb,3.2730000019073486,0.0,9.734999656677246,0.0
00-0033757,2025,4,TE,Robert Tonyan,KC,xgb,4.041999816894531,0.0,10.503999710083008,0.0
00-0033858,2025,4,TE,Jonnu Smith,PIT,xgb,9.725000381469727,4.171999931335449,16.187000274658203,2.6
00-0033881,2025,4,TE,Evan Engram,DEN,xgb,6.691999912261963,1.1390000581741333,13.154000282287598,6.9
00-0033885,2025,4,TE,David Njoku,CLE,xgb,12.218000411987305,6.665999889373779,18.68000030517578,3.1
00-0034270,2025,4,TE,Tyler Conklin,LAC,xgb,4.321000099182129,0.0,10.782999992370605,1.3
00-0034351,2025,4,TE,Dallas Goedert,PHI,xgb,6.710999965667725,1.159000039100647,13.17300033569336,19.7
00-0034365,2025,4,TE,Ian Thomas,LV,xgb,2.556999921798706,0.0,9.019000053405762,0.0
00-0034383,2025,4,TE,Dalton Schultz,HOU,xgb,7.369999885559082,1.8170000314712524,13.831999778747559,8.0
00-0034753,2025,4,TE,Mark Andrews,BAL,xgb,10.600000381469727,5.046999931335449,17.062000274658203,10.0
00-0034829,2025,4,TE,Mike Gesicki,CIN,xgb,7.39300012588501,1.840000033378601,13.854000091552734,1.8
00-0035229,2025,4,TE,T.J. Hockenson,MIN,xgb,9.210000038146973,3.6570000648498535,15.67199993133545,7.9
00-0035249,2025,4,TE,Josh Oliver,MIN,xgb,3.1050000190734863,0.0,9.567000389099121,0.0
00-0035689,2025,4,TE,Dawson Knox,BUF,xgb,5.738999843597412,0.1860000044107437,12.201000213623047,0.0
00-0036040,2025,4,TE,Juwan Johnson,NO,xgb,14.722000122070312,9.170000076293945,21.18400001525879,5.800000000000001
00-0036244,2025,4,TE,Colby Parkinson,LA,xgb,4.427000045776367,0.0,10.888999938964844,3.7
00-0036290,2025,4,TE,Cole Kmet,CHI,xgb,6.2230000495910645,0.6700000166893005,12.6850004196167,7.6000000000000005
00-0036422,2025,4,TE,Adam Trautman,DEN,xgb,4.322999954223633,0.0,10.78499984741211,5.2
00-0036590,2025,4,TE,Quintin Morris,JAX,xgb,1.6390000581741333,0.0,8.10099983215332,0.0
00-0036637,2025,4,TE,Noah Gray,KC,xgb,7.1570000648498535,1.6039999723434448,13.619000434875488,1.1
00-0036741,2025,4,TE,Jack Stoll,NO,xgb,1.7259999513626099,0.0,8.187999725341797,1.7000000000000002
00-0036754,2025,4,TE,Brock Wright,DET,xgb,3.4719998836517334,0.0,9.934000015258789,0.0
00-0036825,2025,4,TE,Feleipe Franks,ATL,xgb,1.4359999895095825,0.0,7.8979997634887695,0.0
00-0036876,2025,4,TE,Kylen Granson,PHI,xgb,3.885999917984009,0.0,10.347999572753906,0.0
00-0036887,2025,4,TE,Luke Farrell,SF,xgb,1.9600000381469727,0.0,8.420999526977539,2.0
00-0036970,2025,4,TE,Kyle Pitts,ATL,xgb,8.812999725341797,3.260999917984009,15.274999618530273,18.0
00-0037004,2025,4,TE,Hunter Long,JAX,xgb,2.509000062942505,0.0,8.970999717712402,11.3
00-0037005,2025,4,TE,Tommy Tremble,CAR,xgb,4.314000129699707,0.0,10.776000022888184,15.2
00-0037086,2025,4,TE,Grant Calcaterra,PHI,xgb,3.6640000343322754,0.0,10.12600040435791,2.6
00-0037112,2025,4,TE,Jake Tonges,SF,xgb,5.796999931335449,0.24500000476837158,12.258999824523926,14.8
00-0037282,2025,4,TE,James Mitchell,CAR,xgb,2.3929998874664307,0.0,8.854999542236328,3.7
00-0037292,2025,4,TE,Andrew Ogletree,IND,xgb,3.562999963760376,0.0,10.024999618530273,0.0
00-0037348,2025,4,TE,Tanner Conner,MIA,xgb,4.9070000648498535,0.0,11.369000434875488,0.0
00-0037654,2025,4,TE,Tucker Fisk,LAC,xgb,2.374000072479248,0.0,8.836000442504883,0.0
00-0037744,2025,4,TE,Trey McBride,ARI,xgb,21.410999298095703,15.859000205993652,27.87299919128418,12.2
00-0037805,2025,4,TE,Jeremy Ruckert,NYJ,xgb,2.2079999446868896,0.0,8.670000076293945,3.3000000000000003
00-0037809,2025,4,TE,Chig Okonkwo,TEN,xgb,9.121000289916992,3.568000078201294,15.583000183105469,1.4
00-0038041,2025,4,TE,Jake Ferguson,DAL,xgb,8.468999862670898,2.9170000553131104,14.930999755859375,17.0
00-0038115,2025,4,TE,Daniel Bellinger,NYG,xgb,2.3989999294281006,0.0,8.861000061035156,2.3
00-0038129,2025,4,TE,Cade Otton,TB,xgb,4.659999847412109,0.0,11.121999740600586,3.9
00-0038547,2025,4,TE,Luke Schoonmaker,DAL,xgb,2.431999921798706,0.0,8.894000053405762,2.8
00-0038558,2025,4,TE,Darnell Washington,PIT,xgb,2.365000009536743,0.0,8.82699966430664,5.0
00-0038590,2025,4,TE,Justin Shorter,LV,xgb,1.093000054359436,0.0,7.554999828338623,0.0
00-0038643,2025,4,TE,Brayden Willis,SF,xgb,1.1640000343322754,0.0,7.625999927520752,0.0
00-0038710,2025,4,TE,Blake Whiteheart,CLE,xgb,1.5379999876022339,0.0,8.0,0.0
00-0038720,2025,4,TE,Julian Hill,MIA,xgb,1.9509999752044678,0.0,8.413000106811523,2.9000000000000004
00-0038783,2025,4,TE,Nate Adkins,DEN,xgb,3.2699999809265137,0.0,9.732000350952148,2.5
00-0038933,2025,4,TE,Dalton Kincaid,BUF,xgb,7.572000026702881,2.0190000534057617,14.032999992370605,9.8
00-0038935,2025,4,TE,Brenton Strange,JAX,xgb,9.86400032043457,4.311999797821045,16.326000213623047,10.5
00-0038996,2025,4,TE,Tucker Kraft,GB,xgb,10.229000091552734,4.677000045776367,16.69099998474121,10.600000000000001
00-0039041,2025,4,TE,Elijah Higgins,ARI,xgb,4.1519999504089355,0.0,10.61400032043457,0.0
00-0039050,2025,4,TE,Payne Durham,TB,xgb,4.459000110626221,0.0,10.920999526977539,0.0
00-0039065,2025,4,TE,Sam LaPorta,DET,xgb,10.57699966430664,5.02400016784668,17.038999557495117,6.9
00-0039074,2025,4,TE,Davis Allen,LA,xgb,3.1080000400543213,0.0,9.569999694824219,1.0
00-0039144,2025,4,TE,Luke Musgrave,GB,xgb,2.815999984741211,0.0,9.277999877929688,1.6
00-0039338,2025,4,TE,Brock Bowers,LV,xgb,11.319000244140625,5.767000198364258,17.7810001373291,9.600000000000001
00-0039686,2025,4,TE,Colson Yankoff,WAS,xgb,1.1030000448226929,0.0,7.565000057220459,0.0
00-0039754,2025,4,TE,Devin Culp,TB,xgb,4.913000106811523,0.0,11.375,0.0
00-0039793,2025,4,TE,AJ Barner,SEA,xgb,5.257999897003174,0.0,11.720000267028809,12.2
00-0039847,2025,4,TE,Theo Johnson,NYG,xgb,5.7210001945495605,0.16899999976158142,12.182999610900879,10.7
00-0039912,2025,4,TE,Ben Sinnott,WAS,xgb,2.0950000286102295,0.0,8.557000160217285,0.0
00-0040128,2025,4,TE,Tyler Warren,IND,xgb,10.767000198364258,5.215000152587891,17.229000091552734,18.3
00-0040187,2025,4,TE,Mitchell Evans,CAR,xgb,2.7339999675750732,0.0,9.196000099182129,11.3
00-0040189,2025,4,TE,Oronde Gadsden II,LAC,xgb,12.336999893188477,6.783999919891357,18.798999786376953,3.6
00-0040194,2025,4,TE,Jackson Hawes,BUF,xgb,3.421999931335449,0.0,9.883999824523926,2.5
00-0040584,2025,4,TE,Gunnar Helm,TEN,xgb,5.644999980926514,0.09300000220537186,12.107000350952148,2.2
00-0040663,2025,4,TE,Harold Fannin Jr.,CLE,xgb,9.196999549865723,3.6440000534057617,15.659000396728516,4.5
00-0040736,2025,4,TE,Mason Taylor,NYJ,xgb,4.498000144958496,0.0,10.960000038146973,11.5
00-0040739,2025,4,TE,Elijah Arroyo,SEA,xgb,3.8940000534057617,0.0,10.355999946594238,6.4
00-0030061,2025,5,TE,Zach Ertz,WAS,xgb,8.569999694824219,3.0169999599456787,15.031999588012695,0.0
00-0030506,2025,5,TE,Travis Kelce,KC,xgb,10.406000137329102,4.854000091552734,16.868000030517578,19.1
00-0031610,2025,5,TE,Darren Waller,MIA,xgb,6.920000076293945,1.3669999837875366,13.381999969482422,18.8
00-0033090,2025,5,TE,Hunter Henry,NE,xgb,9.329999923706055,3.7769999504089355,15.791999816894531,6.6000000000000005
00-0033246,2025,5,TE,Johnny Mundt,JAX,xgb,2.246000051498413,0.0,8.708000183105469,1.7000000000000002
00-0033357,2025,5,TE,Taysom Hill,NO,xgb,8.251999855041504,2.6989998817443848,14.71399974822998,0.66
00-0033881,2025,5,TE,Evan Engram,DEN,xgb,9.35200023651123,3.799999952316284,15.814000129699707,13.3
00-0033885,2025,5,TE,David Njoku,CLE,xgb,9.48799991607666,3.934999942779541,15.949999809265137,18.7
00-0034270,2025,5,TE,Tyler Conklin,LAC,xgb,5.951000213623047,0.39899998903274536,12.413000106811523,5.0
00-0034351,2025,5,TE,Dallas Goedert,PHI,xgb,8.012999534606934,2.4609999656677246,14.475000381469727,10.9
00-0034365,2025,5,TE,Ian Thomas,LV,xgb,1.3919999599456787,0.0,7.854000091552734,5.0
00-0034383,2025,5,TE,Dalton Schultz,HOU,xgb,8.842000007629395,3.2890000343322754,15.303999900817871,11.0
00-0034753,2025,5,TE,Mark Andrews,BAL,xgb,8.678999900817871,3.127000093460083,15.140999794006348,4.2
00-0034829,2025,5,TE,Mike Gesicki,CIN,xgb,4.658999919891357,0.0,11.121000289916992,3.5
00-0035229,2025,5,TE,T.J. Hockenson,MIN,xgb,7.695000171661377,2.1419999599456787,14.156999588012695,9.8
00-0035249,2025,5,TE,Josh Oliver,MIN,xgb,3.0350000858306885,0.0,9.496999740600586,11.5
00-0035631,2025,5,TE,Drew Sample,CIN,xgb,4.47599983215332,0.0,10.937000274658203,0.9
00-0035689,2025,5,TE,Dawson Knox,BUF,xgb,4.607999801635742,0.0,11.069000244140625,3.5
00-0036040,2025,5,TE,Juwan Johnson,NO,xgb,10.918000221252441,5.366000175476074,17.3799991607666,3.7
00-0036232,2025,5,TE,Harrison Bryant,HOU,xgb,2.359999895095825,0.0,8.821999549865723,1.5
00-0036244,2025,5,TE,Colby Parkinson,LA,xgb,4.001999855041504,0.0,10.46399974822998,0.0
00-0036422,2025,5,TE,Adam Trautman,DEN,xgb,3.308000087738037,0.0,9.770000457763672,2.1
00-0036423,2025,5,TE,Albert Okwuegbunam,LV,xgb,4.504000186920166,0.0,10.965999603271484,8.6
00-0036590,2025,5,TE,Quintin Morris,JAX,xgb,1.6260000467300415,0.0,8.088000297546387,0.0
00-0036628,2025,5,TE,John Bates,WAS,xgb,1.8480000495910645,0.0,8.3100004196167,1.9
00-0036754,2025,5,TE,Brock Wright,DET,xgb,1.5850000381469727,0.0,8.04699993133545,8.9
00-0036876,2025,5,TE,Kylen Granson,PHI,xgb,3.4230000972747803,0.0,9.885000228881836,0.0
00-0036887,2025,5,TE,Luke Farrell,SF,xgb,3.9660000801086426,0.0,10.428000450134277,1.8
00-0037004,2025,5,TE,Hunter Long,JAX,xgb,5.2729997634887695,0.0,11.734999656677246,1.3
00-0037005,2025,5,TE,Tommy Tremble,CAR,xgb,8.173999786376953,2.621000051498413,14.63599967956543,1.7000000000000002
00-0037086,2025,5,TE,Grant Calcaterra,PHI,xgb,3.3450000286102295,0.0,9.807000160217285,3.8
00-0037112,2025,5,TE,Jake Tonges,SF,xgb,9.482000350952148,3.930000066757202,15.944000244140625,17.1
00-0037282,2025,5,TE,James Mitchell,CAR,xgb,4.307000160217285,0.0,10.769000053405762,2.1
00-0037340,2025,5,TE,Zaire Mitchell-Paden,BAL,xgb,1.6929999589920044,0.0,8.154999732971191,1.3
00-0037348,2025,5,TE,Tanner Conner,MIA,xgb,3.5350000858306885,0.0,9.996999740600586,3.6
00-0037744,2025,5,TE,Trey McBride,ARI,xgb,9.104999542236328,3.552999973297119,15.567000389099121,9.100000000000001
00-0037805,2025,5,TE,Jeremy Ruckert,NYJ,xgb,4.195000171661377,0.0,10.656999588012695,6.800000000000001
00-0037809,2025,5,TE,Chig Okonkwo,TEN,xgb,6.074999809265137,0.5230000019073486,12.536999702453613,8.8
00-0037838,2025,5,TE,Isaiah Likely,BAL,xgb,4.291999816894531,0.0,10.753999710083008,2.2
00-0038041,2025,5,TE,Jake Ferguson,DAL,xgb,10.270999908447266,4.7179999351501465,16.732999801635742,23.9
00-0038046,2025,5,TE,Charlie Kolar,BAL,xgb,3.747999906539917,0.0,10.210000038146973,2.0
00-0038115,2025,5,TE,Daniel Bellinger,NYG,xgb,2.805999994277954,0.0,9.267999649047852,9.2
00-0038129,2025,5,TE,Cade Otton,TB,xgb,5.616000175476074,0.06400000303983688,12.07800006866455,12.1
00-0038547,2025,5,TE,Luke Schoonmaker,DAL,xgb,3.9010000228881836,0.0,10.36299991607666,1.3
00-0038564,2025,5,TE,Cameron Latu,PHI,xgb,1.0160000324249268,0.0,7.478000164031982,0.0
00-0038643,2025,5,TE,Brayden Willis,SF,xgb,0.9559999704360962,0.0,7.418000221252441,0.0
00-0038720,2025,5,TE,Julian Hill,MIA,xgb,2.125,0.0,8.586999893188477,6.2
00-0038783,2025,5,TE,Nate Adkins,DEN,xgb,5.379000186920166,0.0,11.840999603271484,0.0
00-0038933,2025,5,TE,Dalton Kincaid,BUF,xgb,9.715999603271484,4.164000034332275,16.17799949645996,16.8
00-0038935,2025,5,TE,Brenton Strange,JAX,xgb,8.911999702453613,3.359999895095825,15.37399959564209,3.2
00-0039041,2025,5,TE,Elijah Higgins,ARI,xgb,3.4649999141693115,0.0,9.927000045776367,3.0
00-0039050,2025,5,TE,Payne Durham,TB,xgb,5.335999965667725,0.0,11.79800033569336,0.0
00-0039065,2025,5,TE,Sam LaPorta,DET,xgb,10.218000411987305,4.664999961853027,16.68000030517578,20.200000000000003
00-0039074,2025,5,TE,Davis Allen,LA,xgb,4.640999794006348,0.0,11.102999687194824,4.4
00-0039458,2025,5,TE,Brenden Bates,HOU,xgb,1.4160000085830688,0.0,7.877999782562256,4.300000000000001
00-0039530,2025,5,TE,Brevyn Spann-Ford,DAL,xgb,1.3949999809265137,0.0,7.85699987411499,0.0
00-0039686,2025,5,TE,Colson Yankoff,WAS,xgb,1.059000015258789,0.0,7.520999908447266,0.0
00-0039737,2025,5,TE,Tip Reiman,ARI,xgb,4.614999771118164,0.0,11.07699966430664,0.0
00-0039793,2025,5,TE,AJ Barner,SEA,xgb,5.670000076293945,0.11800000071525574,12.131999969482422,24.3
00-0039847,2025,5,TE,Theo Johnson,NYG,xgb,7.644999980926514,2.0929999351501465,14.107000350952148,21.3
00-0040128,2025,5,TE,Tyler Warren,IND,xgb,10.119000434875488,4.565999984741211,16.58099937438965,14.4
00-0040187,2025,5,TE,Mitchell Evans,CAR,xgb,4.209000110626221,0.0,10.670999526977539,7.4
00-0040189,2025,5,TE,Oronde Gadsden II,LAC,xgb,6.513999938964844,0.9620000123977661,12.97599983215332,2.4000000000000004
00-0040584,2025,5,TE,Gunnar Helm,TEN,xgb,5.420000076293945,0.0,11.881999969482422,7.4
00-0040663,2025,5,TE,Harold Fannin Jr.,CLE,xgb,9.755999565124512,4.203000068664551,16.218000411987305,11.3
00-0040736,2025,5,TE,Mason Taylor,NYJ,xgb,8.60200023651123,3.0490000247955322,15.064000129699707,17.7
00-0040739,2025,5,TE,Elijah Arroyo,SEA,xgb,6.205999851226807,0.652999997138977,12.666999816894531,2.0
00-0030061,2025,6,TE,Zach Ertz,WAS,xgb,7.872000217437744,2.319999933242798,14.333999633789062,16.3
00-0030506,2025,6,TE,Travis Kelce,KC,xgb,6.894000053405762,1.3420000076293945,13.355999946594238,13.8
00-0031610,2025,6,TE,Darren Waller,MIA,xgb,9.237000465393066,3.684999942779541,15.699000358581543,9.2
00-0032392,2025,6,TE,Austin Hooper,NE,xgb,4.181000232696533,0.0,10.642999649047852,1.5
00-0033090,2025,6,TE,Hunter Henry,NE,xgb,11.399999618530273,5.8470001220703125,17.86199951171875,5.7
00-0033110,2025,6,TE,Tyler Higbee,LA,xgb,5.263000011444092,0.0,11.725000381469727,14.0
00-0033217,2025,6,TE,Mo Alie-Cox,IND,xgb,2.2699999809265137,0.0,8.732000350952148,2.6
00-0033246,2025,6,TE,Johnny Mundt,JAX,xgb,2.424999952316284,0.0,8.88700008392334,2.4000000000000004
00-0033357,2025,6,TE,Taysom Hill,NO,xgb,4.625999927520752,0.0,11.088000297546387,6.1
00-0033576,2025,6,TE,Eric Saubert,SEA,xgb,2.61899995803833,0.0,9.081000328063965,0.0
00-0033858,2025,6,TE,Jonnu Smith,PIT,xgb,7.40500020980835,1.8530000448226929,13.866999626159668,5.800000000000001
00-0033881,2025,6,TE,Evan Engram,DEN,xgb,10.531000137329102,4.978000164031982,16.993000030517578,9.9
00-0033885,2025,6,TE,David Njoku,CLE,xgb,6.671999931335449,1.1200000047683716,13.133999824523926,5.800000000000001
00-0034159,2025,6,TE,Will Dissly,LAC,xgb,3.6050000190734863,0.0,10.067000389099121,3.8
00-0034351,2025,6,TE,Dallas Goedert,PHI,xgb,12.119000434875488,6.565999984741211,18.579999923706055,26.0
00-0034365,2025,6,TE,Ian Thomas,LV,xgb,2.3340001106262207,0.0,8.795999526977539,1.4
00-0034613,2025,6,TE,Tanner Hudson,CIN,xgb,4.763999938964844,0.0,11.22599983215332,11.0
00-0034753,2025,6,TE,Mark Andrews,BAL,xgb,7.5229997634887695,1.9700000286102295,13.984999656677246,6.6
00-0034981,2025,6,TE,Foster Moreau,NO,xgb,5.111000061035156,0.0,11.572999954223633,1.9
00-0035631,2025,6,TE,Drew Sample,CIN,xgb,5.263000011444092,0.0,11.725000381469727,0.8
00-0035644,2025,6,TE,Noah Fant,CIN,xgb,8.963000297546387,3.4110000133514404,15.425000190734863,6.7
00-0035689,2025,6,TE,Dawson Knox,BUF,xgb,5.041999816894531,0.0,11.503999710083008,8.9
00-0036040,2025,6,TE,Juwan Johnson,NO,xgb,11.348999977111816,5.796999931335449,17.81100082397461,1.5
00-0036290,2025,6,TE,Cole Kmet,CHI,xgb,5.488999843597412,0.0,11.951000213623047,1.0
00-0036637,2025,6,TE,Noah Gray,KC,xgb,5.668000221252441,0.11599999666213989,12.130000114440918,4.5
00-0036825,2025,6,TE,Feleipe Franks,ATL,xgb,1.8580000400543213,0.0,8.319000244140625,0.2
00-0036887,2025,6,TE,Luke Farrell,SF,xgb,6.051000118255615,0.49900001287460327,12.512999534606934,0.0
00-0036894,2025,6,TE,Pat Freiermuth,PIT,xgb,5.750999927520752,0.19900000095367432,12.213000297546387,2.1
00-0036970,2025,6,TE,Kyle Pitts,ATL,xgb,6.656000137329102,1.1039999723434448,13.118000030517578,4.8
00-0037004,2025,6,TE,Hunter Long,JAX,xgb,3.7720000743865967,0.0,10.234000205993652,3.9000000000000004
00-0037005,2025,6,TE,Tommy Tremble,CAR,xgb,7.23199987411499,1.6790000200271606,13.694000244140625,7.9
00-0037112,2025,6,TE,Jake Tonges,SF,xgb,9.746999740600586,4.193999767303467,16.208999633789062,11.8
00-0037348,2025,6,TE,Tanner Conner,MIA,xgb,3.690000057220459,0.0,10.151000022888184,1.8
00-0037475,2025,6,TE,Stone Smartt,NYJ,xgb,3.2200000286102295,0.0,9.682000160217285,0.0
00-0037744,2025,6,TE,Trey McBride,ARI,xgb,14.017999649047852,8.465999603271484,20.479999542236328,21.2
00-0037805,2025,6,TE,Jeremy Ruckert,NYJ,xgb,4.544000148773193,0.0,11.005999565124512,0.0
00-0037809,2025,6,TE,Chig Okonkwo,TEN,xgb,9.062999725341797,3.510999917984009,15.524999618530273,10.600000000000001
00-0037838,2025,6,TE,Isaiah Likely,BAL,xgb,3.1389999389648438,0.0,9.60099983215332,2.6
00-0038041,2025,6,TE,Jake Ferguson,DAL,xgb,12.673999786376953,7.120999813079834,19.13599967956543,12.3
00-0038046,2025,6,TE,Charlie Kolar,BAL,xgb,3.259999990463257,0.0,9.722000122070312,0.0
00-0038129,2025,6,TE,Cade Otton,TB,xgb,6.328999996185303,0.7770000100135803,12.791000366210938,10.100000000000001
00-0038547,2025,6,TE,Luke Schoonmaker,DAL,xgb,3.253000020980835,0.0,9.71500015258789,1.8
00-0038558,2025,6,TE,Darnell Washington,PIT,xgb,2.8540000915527344,0.0,9.315999984741211,9.2
00-0038564,2025,6,TE,Cameron Latu,PHI,xgb,1.0260000228881836,0.0,7.48799991607666,0.0
00-0038590,2025,6,TE,Justin Shorter,LV,xgb,1.0260000228881836,0.0,7.48799991607666,0.0
00-0038643,2025,6,TE,Brayden Willis,SF,xgb,1.0099999904632568,0.0,7.4720001220703125,0.0
00-0038710,2025,6,TE,Blake Whiteheart,CLE,xgb,1.2100000381469727,0.0,7.671999931335449,1.0
00-0038720,2025,6,TE,Julian Hill,MIA,xgb,4.223999977111816,0.0,10.685999870300293,6.1
00-0038783,2025,6,TE,Nate Adkins,DEN,xgb,2.691999912261963,0.0,9.154000282287598,10.3
00-0038996,2025,6,TE,Tucker Kraft,GB,xgb,11.425999641418457,5.874000072479248,17.88800048828125,12.3
00-0039041,2025,6,TE,Elijah Higgins,ARI,xgb,4.714000225067139,0.0,11.175999641418457,5.4
00-0039065,2025,6,TE,Sam LaPorta,DET,xgb,6.578999996185303,1.0269999504089355,13.041000366210938,16.5
00-0039066,2025,6,TE,Michael Mayer,LV,xgb,4.781000137329102,0.0,11.243000030517578,16.0
00-0039074,2025,6,TE,Davis Allen,LA,xgb,5.2170000076293945,0.0,11.678999900817871,1.7000000000000002
00-0039144,2025,6,TE,Luke Musgrave,GB,xgb,4.150000095367432,0.0,10.612000465393066,1.7000000000000002
00-0039530,2025,6,TE,Brevyn Spann-Ford,DAL,xgb,1.475000023841858,0.0,7.935999870300293,1.2
00-0039648,2025,6,TE,David Martin-Robinson,TEN,xgb,1.0160000324249268,0.0,7.478000164031982,7.1
00-0039686,2025,6,TE,Colson Yankoff,WAS,xgb,1.1130000352859497,0.0,7.574999809265137,0.0
00-0039754,2025,6,TE,Devin Culp,TB,xgb,2.0450000762939453,0.0,8.506999969482422,0.0
00-0039793,2025,6,TE,AJ Barner,SEA,xgb,7.461999893188477,1.909999966621399,13.923999786376953,10.100000000000001
00-0039847,2025,6,TE,Theo Johnson,NYG,xgb,10.3100004196167,4.756999969482422,16.77199935913086,4.7
00-0040126,2025,6,TE,Colston Loveland,CHI,xgb,6.4679999351501465,0.9160000085830688,12.930000305175781,3.1
00-0040128,2025,6,TE,Tyler Warren,IND,xgb,7.572999954223633,2.0199999809265137,14.034000396728516,18.3
00-0040187,2025,6,TE,Mitchell Evans,CAR,xgb,3.2019999027252197,0.0,9.663999557495117,3.1
00-0040189,2025,6,TE,Oronde Gadsden II,LAC,xgb,6.599999904632568,1.0479999780654907,13.062000274658203,11.8
00-0040584,2025,6,TE,Gunnar Helm,TEN,xgb,5.9019999504089355,0.3490000069141388,12.36400032043457,3.5
00-0040663,2025,6,TE,Harold Fannin Jr.,CLE,xgb,8.319000244140625,2.7660000324249268,14.781000137329102,15.1
00-0040736,2025,6,TE,Mason Taylor,NYJ,xgb,9.347000122070312,3.7950000762939453,15.809000015258789,1.2
00-0040737,2025,6,TE,Terrance Ferguson,LA,xgb,3.0829999446868896,0.0,9.545000076293945,0.0
00-0040739,2025,6,TE,Elijah Arroyo,SEA,xgb,4.892000198364258,0.0,11.354000091552734,1.6
00-0030061,2025,7,TE,Zach Ertz,WAS,xgb,12.527999877929688,6.974999904632568,18.989999771118164,12.7
00-0030506,2025,7,TE,Travis Kelce,KC,xgb,11.697999954223633,6.144999980926514,18.159000396728516,8.4
00-0031610,2025,7,TE,Darren Waller,MIA,xgb,10.852999687194824,5.300000190734863,17.31399917602539,0.0
00-0032392,2025,7,TE,Austin Hooper,NE,xgb,5.025000095367432,0.0,11.487000465393066,9.1
00-0033090,2025,7,TE,Hunter Henry,NE,xgb,11.352999687194824,5.800000190734863,17.815000534057617,7.300000000000001
00-0033110,2025,7,TE,Tyler Higbee,LA,xgb,5.644000053405762,0.09200000017881393,12.105999946594238,4.9
00-0033217,2025,7,TE,Mo Alie-Cox,IND,xgb,2.4240000247955322,0.0,8.88599967956543,1.6
00-0033246,2025,7,TE,Johnny Mundt,JAX,xgb,2.3540000915527344,0.0,8.815999984741211,1.9
00-0033288,2025,7,TE,George Kittle,SF,xgb,10.640000343322754,5.086999893188477,17.101999282836914,0.0
00-0033357,2025,7,TE,Taysom Hill,NO,xgb,7.889999866485596,2.3369998931884766,14.35200023651123,2.8
00-0033858,2025,7,TE,Jonnu Smith,PIT,xgb,5.540999889373779,0.0,12.003000259399414,11.8
00-0033881,2025,7,TE,Evan Engram,DEN,xgb,8.645000457763672,3.0929999351501465,15.107000350952148,9.2
00-0034159,2025,7,TE,Will Dissly,LAC,xgb,3.0320000648498535,0.0,9.493000030517578,0.0
00-0034351,2025,7,TE,Dallas Goedert,PHI,xgb,12.04800033569336,6.495999813079834,18.510000228881836,4.8
00-0034383,2025,7,TE,Dalton Schultz,HOU,xgb,8.944999694824219,3.3929998874664307,15.406999588012695,18.8
00-0035229,2025,7,TE,T.J. Hockenson,MIN,xgb,8.196000099182129,2.6440000534057617,14.657999992370605,10.3
00-0035249,2025,7,TE,Josh Oliver,MIN,xgb,4.114999771118164,0.0,10.57699966430664,1.9
00-0035631,2025,7,TE,Drew Sample,CIN,xgb,3.5869998931884766,0.0,10.048999786376953,0.0
00-0035644,2025,7,TE,Noah Fant,CIN,xgb,8.753999710083008,3.2009999752044678,15.215999603271484,14.4
00-0036040,2025,7,TE,Juwan Johnson,NO,xgb,9.131999969482422,3.5799999237060547,15.593999862670898,12.9
00-0036232,2025,7,TE,Harrison Bryant,HOU,xgb,3.240000009536743,0.0,9.70199966430664,0.0
00-0036244,2025,7,TE,Colby Parkinson,LA,xgb,2.742000102996826,0.0,9.204000473022461,7.7
00-0036290,2025,7,TE,Cole Kmet,CHI,xgb,5.993000030517578,0.4410000145435333,12.454999923706055,2.6
00-0036429,2025,7,TE,Charlie Woerner,ATL,xgb,2.0829999446868896,0.0,8.545000076293945,0.0
00-0036628,2025,7,TE,John Bates,WAS,xgb,1.8660000562667847,0.0,8.32800006866455,1.5
00-0036637,2025,7,TE,Noah Gray,KC,xgb,4.033999919891357,0.0,10.496000289916992,3.8000000000000003
00-0036741,2025,7,TE,Jack Stoll,NO,xgb,2.816999912261963,0.0,9.279000282287598,0.0
00-0036754,2025,7,TE,Brock Wright,DET,xgb,3.990000009536743,0.0,10.45199966430664,5.300000000000001
00-0036887,2025,7,TE,Luke Farrell,SF,xgb,3.677000045776367,0.0,10.138999938964844,2.1
00-0036894,2025,7,TE,Pat Freiermuth,PIT,xgb,4.755000114440918,0.0,11.217000007629395,28.1
00-0036970,2025,7,TE,Kyle Pitts,ATL,xgb,8.336000442504883,2.7829999923706055,14.79800033569336,13.2
00-0037004,2025,7,TE,Hunter Long,JAX,xgb,4.881999969482422,0.0,11.343999862670898,3.6
00-0037005,2025,7,TE,Tommy Tremble,CAR,xgb,6.931000232696533,1.378000020980835,13.392999649047852,1.0
00-0037292,2025,7,TE,Andrew Ogletree,IND,xgb,0.8519999980926514,0.0,7.314000129699707,0.0
00-0037306,2025,7,TE,John FitzPatrick,GB,xgb,3.4769999980926514,0.0,9.937999725341797,1.6
00-0037348,2025,7,TE,Tanner Conner,MIA,xgb,3.3510000705718994,0.0,9.812999725341797,3.8000000000000003
00-0037744,2025,7,TE,Trey McBride,ARI,xgb,12.034000396728516,6.480999946594238,18.496000289916992,29.4
00-0037805,2025,7,TE,Jeremy Ruckert,NYJ,xgb,3.7850000858306885,0.0,10.246999740600586,0.0
00-0037809,2025,7,TE,Chig Okonkwo,TEN,xgb,9.42300033569336,3.871000051498413,15.885000228881836,0.0
00-0038041,2025,7,TE,Jake Ferguson,DAL,xgb,15.767000198364258,10.21500015258789,22.229000091552734,21.9
00-0038115,2025,7,TE,Daniel Bellinger,NYG,xgb,3.989000082015991,0.0,10.449999809265137,17.8
00-0038129,2025,7,TE,Cade Otton,TB,xgb,7.421000003814697,1.8680000305175781,13.883000373840332,13.5
00-0038498,2025,7,TE,E.J. Jenkins,PHI,xgb,1.1239999532699585,0.0,7.585999965667725,0.0
00-0038558,2025,7,TE,Darnell Washington,PIT,xgb,4.073999881744385,0.0,10.53600025177002,9.2
00-0038564,2025,7,TE,Cameron Latu,PHI,xgb,0.9670000076293945,0.0,7.428999900817871,0.0
00-0038710,2025,7,TE,Blake Whiteheart,CLE,xgb,1.3420000076293945,0.0,7.803999900817871,1.4
00-0038720,2025,7,TE,Julian Hill,MIA,xgb,4.584000110626221,0.0,11.045999526977539,1.1
00-0038783,2025,7,TE,Nate Adkins,DEN,xgb,3.8310000896453857,0.0,10.293000221252441,4.0
00-0038996,2025,7,TE,Tucker Kraft,GB,xgb,11.49899959564209,5.946000099182129,17.961000442504883,16.8
00-0039041,2025,7,TE,Elijah Higgins,ARI,xgb,4.120999813079834,0.0,10.583000183105469,1.3
00-0039065,2025,7,TE,Sam LaPorta,DET,xgb,7.289999961853027,1.7380000352859497,13.751999855041504,4.5
00-0039066,2025,7,TE,Michael Mayer,LV,xgb,4.4070000648498535,0.0,10.869000434875488,2.0
00-0039074,2025,7,TE,Davis Allen,LA,xgb,4.086999893188477,0.0,10.548999786376953,1.4
00-0039356,2025,7,TE,Ja'Tavion Sanders,CAR,xgb,7.613999843597412,2.062000036239624,14.076000213623047,0.0
00-0039530,2025,7,TE,Brevyn Spann-Ford,DAL,xgb,2.065999984741211,0.0,8.527999877929688,0.0
00-0039686,2025,7,TE,Colson Yankoff,WAS,xgb,1.0210000276565552,0.0,7.482999801635742,0.0
00-0039793,2025,7,TE,AJ Barner,SEA,xgb,6.455999851226807,0.9039999842643738,12.918000221252441,1.9
00-0039847,2025,7,TE,Theo Johnson,NYG,xgb,8.741000175476074,3.187999963760376,15.20300006866455,15.600000000000001
00-0040126,2025,7,TE,Colston Loveland,CHI,xgb,4.205999851226807,0.0,10.668000221252441,5.4
00-0040128,2025,7,TE,Tyler Warren,IND,xgb,10.053000450134277,4.5,16.514999389648438,16.9
00-0040187,2025,7,TE,Mitchell Evans,CAR,xgb,4.025000095367432,0.0,10.486000061035156,4.4
00-0040189,2025,7,TE,Oronde Gadsden II,LAC,xgb,8.515000343322754,2.9630000591278076,14.97700023651123,29.400000000000002
00-0040584,2025,7,TE,Gunnar Helm,TEN,xgb,5.849999904632568,0.296999990940094,12.312000274658203,7.6
00-0040663,2025,7,TE,Harold Fannin Jr.,CLE,xgb,8.276000022888184,2.7239999771118164,14.73799991607666,7.6
00-0040736,2025,7,TE,Mason Taylor,NYJ,xgb,6.769999980926514,1.218000054359436,13.232000350952148,6.1
00-0040737,2025,7,TE,Terrance Ferguson,LA,xgb,2.3489999771118164,0.0,8.810999870300293,10.1
00-0040739,2025,7,TE,Elijah Arroyo,SEA,xgb,4.205999851226807,0.0,10.668000221252441,6.2
00-0030061,2025,8,TE,Zach Ertz,WAS,xgb,8.82699966430664,3.2750000953674316,15.288999557495117,5.6
00-0030506,2025,8,TE,Travis Kelce,KC,xgb,7.823999881744385,2.2720000743865967,14.28600025177002,21.9
00-0032392,2025,8,TE,Austin Hooper,NE,xgb,4.960000038146973,0.0,11.42199993133545,5.800000000000001
00-0033090,2025,8,TE,Hunter Henry,NE,xgb,10.569000244140625,5.017000198364258,17.0310001373291,7.7
00-0033288,2025,8,TE,George Kittle,SF,xgb,4.263999938964844,0.0,10.72599983215332,14.3
00-0033357,2025,8,TE,Taysom Hill,NO,xgb,6.497000217437744,0.9449999928474426,12.958999633789062,2.2
00-0033858,2025,8,TE,Jonnu Smith,PIT,xgb,10.468000411987305,4.914999961853027,16.93000030517578,3.7
00-0033881,2025,8,TE,Evan Engram,DEN,xgb,8.020999908447266,2.4679999351501465,14.482999801635742,7.6
00-0033885,2025,8,TE,David Njoku,CLE,xgb,8.265999794006348,2.7139999866485596,14.727999687194824,13.7
00-0034351,2025,8,TE,Dallas Goedert,PHI,xgb,4.517000198364258,0.0,10.977999687194824,17.8
00-0034383,2025,8,TE,Dalton Schultz,HOU,xgb,11.562000274658203,6.008999824523926,18.02400016784668,4.4
00-0034613,2025,8,TE,Tanner Hudson,CIN,xgb,7.3470001220703125,1.7940000295639038,13.809000015258789,1.9
00-0034753,2025,8,TE,Mark Andrews,BAL,xgb,9.576000213623047,4.02400016784668,16.038000106811523,6.4
00-0034981,2025,8,TE,Foster Moreau,NO,xgb,2.5510001182556152,0.0,9.012999534606934,0.0
00-0035229,2025,8,TE,T.J. Hockenson,MIN,xgb,8.178000450134277,2.625999927520752,14.640000343322754,4.6
00-0035644,2025,8,TE,Noah Fant,CIN,xgb,8.215999603271484,2.6640000343322754,14.678000450134277,7.1000000000000005
00-0035689,2025,8,TE,Dawson Knox,BUF,xgb,4.28000020980835,0.0,10.741999626159668,2.5
00-0036040,2025,8,TE,Juwan Johnson,NO,xgb,11.4399995803833,5.888000011444092,17.902000427246094,10.3
00-0036232,2025,8,TE,Harrison Bryant,HOU,xgb,1.690999984741211,0.0,8.152999877929688,0.0
00-0036422,2025,8,TE,Adam Trautman,DEN,xgb,3.427999973297119,0.0,9.890000343322754,0.0
00-0036628,2025,8,TE,John Bates,WAS,xgb,2.11899995803833,0.0,8.581000328063965,3.2
00-0036637,2025,8,TE,Noah Gray,KC,xgb,3.6419999599456787,0.0,10.104000091552734,4.300000000000001
00-0036741,2025,8,TE,Jack Stoll,NO,xgb,3.2139999866485596,0.0,9.675000190734863,0.0
00-0036825,2025,8,TE,Feleipe Franks,ATL,xgb,0.7990000247955322,0.0,7.261000156402588,0.0
00-0036887,2025,8,TE,Luke Farrell,SF,xgb,4.251999855041504,0.0,10.71399974822998,0.0
00-0036894,2025,8,TE,Pat Freiermuth,PIT,xgb,8.008999824523926,2.4570000171661377,14.470999717712402,4.3
00-0036970,2025,8,TE,Kyle Pitts,ATL,xgb,8.347999572753906,2.7950000762939453,14.8100004196167,14.9
00-0037005,2025,8,TE,Tommy Tremble,CAR,xgb,6.085999965667725,0.5329999923706055,12.54800033569336,1.4
00-0037112,2025,8,TE,Jake Tonges,SF,xgb,7.302000045776367,1.75,13.763999938964844,7.2
00-0037292,2025,8,TE,Andrew Ogletree,IND,xgb,0.8650000095367432,0.0,7.327000141143799,0.0
00-0037306,2025,8,TE,John FitzPatrick,GB,xgb,3.2269999980926514,0.0,9.689000129699707,1.4
00-0037348,2025,8,TE,Tanner Conner,MIA,xgb,5.2789998054504395,0.0,11.741000175476074,2.6
00-0037805,2025,8,TE,Jeremy Ruckert,NYJ,xgb,3.625999927520752,0.0,10.088000297546387,3.4000000000000004
00-0037809,2025,8,TE,Chig Okonkwo,TEN,xgb,7.126999855041504,1.5750000476837158,13.58899974822998,9.3
00-0037838,2025,8,TE,Isaiah Likely,BAL,xgb,4.324999809265137,0.0,10.786999702453613,2.8
00-0038041,2025,8,TE,Jake Ferguson,DAL,xgb,12.79699993133545,7.24399995803833,19.259000778198242,0.0
00-0038046,2025,8,TE,Charlie Kolar,BAL,xgb,3.2330000400543213,0.0,9.694000244140625,8.0
00-0038115,2025,8,TE,Daniel Bellinger,NYG,xgb,3.3259999752044678,0.0,9.788000106811523,3.1
00-0038129,2025,8,TE,Cade Otton,TB,xgb,8.640000343322754,3.0880000591278076,15.10200023651123,8.0
00-0038547,2025,8,TE,Luke Schoonmaker,DAL,xgb,3.934000015258789,0.0,10.395999908447266,4.5
00-0038564,2025,8,TE,Cameron Latu,PHI,xgb,0.9679999947547913,0.0,7.429999828338623,0.0
00-0038783,2025,8,TE,Nate Adkins,DEN,xgb,4.039999961853027,0.0,10.501999855041504,0.0
00-0038933,2025,8,TE,Dalton Kincaid,BUF,xgb,11.253999710083008,5.701000213623047,17.715999603271484,3.3000000000000003
00-0038996,2025,8,TE,Tucker Kraft,GB,xgb,8.387999534606934,2.8350000381469727,14.850000381469727,33.3
00-0039144,2025,8,TE,Luke Musgrave,GB,xgb,3.9230000972747803,0.0,10.385000228881836,1.5
00-0039356,2025,8,TE,Ja'Tavion Sanders,CAR,xgb,5.84499979019165,0.2930000126361847,12.307000160217285,4.9
00-0039530,2025,8,TE,Brevyn Spann-Ford,DAL,xgb,1.6399999856948853,0.0,8.10200023651123,1.9
00-0039648,2025,8,TE,David Martin-Robinson,TEN,xgb,5.620999813079834,0.06800000369548798,12.083000183105469,0.0
00-0039847,2025,8,TE,Theo Johnson,NYG,xgb,6.052000045776367,0.49900001287460327,12.513999938964844,5.0
00-0039912,2025,8,TE,Ben Sinnott,WAS,xgb,1.3359999656677246,0.0,7.797999858856201,3.2
00-0040126,2025,8,TE,Colston Loveland,CHI,xgb,3.7360000610351562,0.0,10.197999954223633,6.800000000000001
00-0040128,2025,8,TE,Tyler Warren,IND,xgb,6.695000171661377,1.1419999599456787,13.156999588012695,9.3
00-0040189,2025,8,TE,Oronde Gadsden II,LAC,xgb,10.819999694824219,5.267000198364258,17.281999588012695,18.7
00-0040194,2025,8,TE,Jackson Hawes,BUF,xgb,3.7230000495910645,0.0,10.1850004196167,3.5
00-0040509,2025,8,TE,Ben Yurosek,MIN,xgb,0.9179999828338623,0.0,7.380000114440918,1.5
00-0040584,2025,8,TE,Gunnar Helm,TEN,xgb,5.416999816894531,0.0,11.878999710083008,10.3
00-0040663,2025,8,TE,Harold Fannin Jr.,CLE,xgb,5.760000228881836,0.2070000022649765,12.222000122070312,18.4
00-0040736,2025,8,TE,Mason Taylor,NYJ,xgb,9.972000122070312,4.420000076293945,16.43400001525879,14.4
00-0030061,2025,9,TE,Zach Ertz,WAS,xgb,6.7170000076293945,1.1640000343322754,13.178999900817871,8.600000000000001
00-0030506,2025,9,TE,Travis Kelce,KC,xgb,12.53600025177002,6.984000205993652,18.99799919128418,12.600000000000001
00-0032392,2025,9,TE,Austin Hooper,NE,xgb,5.288000106811523,0.0,11.75,3.0
00-0033090,2025,9,TE,Hunter Henry,NE,xgb,10.267000198364258,4.714000225067139,16.729000091552734,9.100000000000001
00-0033110,2025,9,TE,Tyler Higbee,LA,xgb,7.2870001792907715,1.7350000143051147,13.74899959564209,10.3
00-0033217,2025,9,TE,Mo Alie-Cox,IND,xgb,2.812000036239624,0.0,9.27400016784668,0.0
00-0033246,2025,9,TE,Johnny Mundt,JAX,xgb,3.6410000324249268,0.0,10.102999687194824,0.0
00-0033288,2025,9,TE,George Kittle,SF,xgb,7.809000015258789,2.256999969482422,14.270999908447266,6.9
00-0033357,2025,9,TE,Taysom Hill,NO,xgb,4.767000198364258,0.0,11.229000091552734,3.0
00-0033858,2025,9,TE,Jonnu Smith,PIT,xgb,9.079999923706055,3.5280001163482666,15.541999816894531,5.5
00-0033881,2025,9,TE,Evan Engram,DEN,xgb,7.881999969482422,2.3299999237060547,14.343999862670898,0.0
00-0034365,2025,9,TE,Ian Thomas,LV,xgb,2.0280001163482666,0.0,8.489999771118164,1.9
00-0034383,2025,9,TE,Dalton Schultz,HOU,xgb,8.633000373840332,3.0799999237060547,15.095000267028809,13.7
00-0034613,2025,9,TE,Tanner Hudson,CIN,xgb,4.039999961853027,0.0,10.501999855041504,6.2
00-0034753,2025,9,TE,Mark Andrews,BAL,xgb,10.675999641418457,5.124000072479248,17.13800048828125,16.6
00-0034798,2025,9,TE,Durham Smythe,CHI,xgb,1.7610000371932983,0.0,8.222999572753906,0.0
00-0035229,2025,9,TE,T.J. Hockenson,MIN,xgb,6.4019999504089355,0.8489999771118164,12.86400032043457,9.1
00-0035644,2025,9,TE,Noah Fant,CIN,xgb,8.22599983215332,2.6740000247955322,14.687999725341797,10.8
00-0035689,2025,9,TE,Dawson Knox,BUF,xgb,5.392000198364258,0.0,11.854000091552734,4.0
00-0036040,2025,9,TE,Juwan Johnson,NO,xgb,12.532999992370605,6.980999946594238,18.9950008392334,12.1
00-0036232,2025,9,TE,Harrison Bryant,HOU,xgb,2.878999948501587,0.0,9.340999603271484,1.2
00-0036244,2025,9,TE,Colby Parkinson,LA,xgb,2.9579999446868896,0.0,9.420000076293945,3.0
00-0036290,2025,9,TE,Cole Kmet,CHI,xgb,5.961999893188477,0.4090000092983246,12.423999786376953,2.0
00-0036422,2025,9,TE,Adam Trautman,DEN,xgb,3.867000102996826,0.0,10.329000473022461,4.5
00-0036628,2025,9,TE,John Bates,WAS,xgb,2.674999952316284,0.0,9.13700008392334,4.0
00-0036637,2025,9,TE,Noah Gray,KC,xgb,3.8299999237060547,0.0,10.291999816894531,0.0
00-0036754,2025,9,TE,Brock Wright,DET,xgb,2.0439999103546143,0.0,8.505999565124512,2.1
00-0036825,2025,9,TE,Feleipe Franks,ATL,xgb,0.8650000095367432,0.0,7.327000141143799,0.0
00-0036887,2025,9,TE,Luke Farrell,SF,xgb,3.132999897003174,0.0,9.595000267028809,1.9
00-0036894,2025,9,TE,Pat Freiermuth,PIT,xgb,7.169000148773193,1.6169999837875366,13.630999565124512,11.7
00-0036970,2025,9,TE,Kyle Pitts,ATL,xgb,11.805999755859375,6.252999782562256,18.26799964904785,7.800000000000001
00-0037004,2025,9,TE,Hunter Long,JAX,xgb,5.493000030517578,0.0,11.954999923706055,1.6
00-0037005,2025,9,TE,Tommy Tremble,CAR,xgb,5.168000221252441,0.0,11.630000114440918,0.0
00-0037252,2025,9,TE,Greg Dulcich,MIA,xgb,2.515000104904175,0.0,8.97700023651123,9.9
00-0037292,2025,9,TE,Andrew Ogletree,IND,xgb,0.8569999933242798,0.0,7.318999767303467,0.0
00-0037348,2025,9,TE,Tanner Conner,MIA,xgb,3.6440000534057617,0.0,10.105999946594238,0.0
00-0037654,2025,9,TE,Tucker Fisk,LAC,xgb,1.340000033378601,0.0,7.802000045776367,2.2
00-0037744,2025,9,TE,Trey McBride,ARI,xgb,15.70300006866455,10.149999618530273,22.165000915527344,16.5
00-0037809,2025,9,TE,Chig Okonkwo,TEN,xgb,7.693999767303467,2.1410000324249268,14.156000137329102,3.0
00-0037838,2025,9,TE,Isaiah Likely,BAL,xgb,6.546000003814697,0.9940000176429749,13.008000373840332,9.0
00-0038041,2025,9,TE,Jake Ferguson,DAL,xgb,5.275000095367432,0.0,11.737000465393066,8.0
00-0038046,2025,9,TE,Charlie Kolar,BAL,xgb,2.765000104904175,0.0,9.22700023651123,10.3
00-0038547,2025,9,TE,Luke Schoonmaker,DAL,xgb,2.7249999046325684,0.0,9.187000274658203,2.4000000000000004
00-0038558,2025,9,TE,Darnell Washington,PIT,xgb,5.423999786376953,0.0,11.88599967956543,8.3
00-0038735,2025,9,TE,Princeton Fant,DAL,xgb,0.9079999923706055,0.0,7.369999885559082,0.0
00-0038933,2025,9,TE,Dalton Kincaid,BUF,xgb,12.319000244140625,6.767000198364258,18.7810001373291,22.1
00-0038996,2025,9,TE,Tucker Kraft,GB,xgb,9.906000137329102,4.353000164031982,16.368000030517578,4.0
00-0039041,2025,9,TE,Elijah Higgins,ARI,xgb,3.763000011444092,0.0,10.225000381469727,6.0
00-0039065,2025,9,TE,Sam LaPorta,DET,xgb,7.520999908447266,1.968999981880188,13.982999801635742,21.700000000000003
00-0039066,2025,9,TE,Michael Mayer,LV,xgb,3.5260000228881836,0.0,9.98799991607666,5.6
00-0039074,2025,9,TE,Davis Allen,LA,xgb,4.739999771118164,0.0,11.20199966430664,6.7
00-0039144,2025,9,TE,Luke Musgrave,GB,xgb,3.2669999599456787,0.0,9.729000091552734,6.4
00-0039338,2025,9,TE,Brock Bowers,LV,xgb,10.416000366210938,4.86299991607666,16.878000259399414,43.3
00-0039356,2025,9,TE,Ja'Tavion Sanders,CAR,xgb,7.375,1.8229999542236328,13.836999893188477,1.5
00-0039530,2025,9,TE,Brevyn Spann-Ford,DAL,xgb,2.072999954223633,0.0,8.53499984741211,0.0
00-0039648,2025,9,TE,David Martin-Robinson,TEN,xgb,4.238999843597412,0.0,10.701000213623047,0.0
00-0039793,2025,9,TE,AJ Barner,SEA,xgb,5.813000202178955,0.26100000739097595,12.274999618530273,11.5
00-0039847,2025,9,TE,Theo Johnson,NYG,xgb,9.845000267028809,4.291999816894531,16.30699920654297,11.7
00-0040126,2025,9,TE,Colston Loveland,CHI,xgb,5.64300012588501,0.09099999815225601,12.104999542236328,29.8
00-0040128,2025,9,TE,Tyler Warren,IND,xgb,9.571000099182129,4.019000053405762,16.033000946044922,7.6
00-0040189,2025,9,TE,Oronde Gadsden II,LAC,xgb,12.055999755859375,6.504000186920166,18.51799964904785,11.8
00-0040194,2025,9,TE,Jackson Hawes,BUF,xgb,4.60699987411499,0.0,11.069000244140625,2.8
00-0040509,2025,9,TE,Ben Yurosek,MIN,xgb,1.5410000085830688,0.0,8.003000259399414,0.0
00-0040584,2025,9,TE,Gunnar Helm,TEN,xgb,6.3379998207092285,0.7850000262260437,12.800000190734863,2.5
00-0040737,2025,9,TE,Terrance Ferguson,LA,xgb,2.622999906539917,0.0,9.085000038146973,7.4
00-0040739,2025,9,TE,Elijah Arroyo,SEA,xgb,5.354000091552734,0.0,11.815999984741211,10.9
00-0024243,2025,10,TE,Marcedes Lewis,DEN,xgb,0.878000020980835,0.0,7.340000152587891,0.0
00-0030061,2025,10,TE,Zach Ertz,WAS,xgb,7.824999809265137,2.2730000019073486,14.286999702453613,9.4
00-0032392,2025,10,TE,Austin Hooper,NE,xgb,4.269000053405762,0.0,10.730999946594238,0.0
00-0033090,2025,10,TE,Hunter Henry,NE,xgb,12.24899959564209,6.696000099182129,18.711000442504883,1.9
00-0033110,2025,10,TE,Tyler Higbee,LA,xgb,5.052999973297119,0.0,11.515000343322754,6.300000000000001
00-0033217,2025,10,TE,Mo Alie-Cox,IND,xgb,2.9059998989105225,0.0,9.368000030517578,0.0
00-0033246,2025,10,TE,Johnny Mundt,JAX,xgb,2.9140000343322754,0.0,9.37600040435791,3.1
00-0033288,2025,10,TE,George Kittle,SF,xgb,6.3480000495910645,0.7950000166893005,12.809000015258789,23.4
00-0033357,2025,10,TE,Taysom Hill,NO,xgb,2.8350000381469727,0.0,9.29699993133545,2.0
00-0033858,2025,10,TE,Jonnu Smith,PIT,xgb,7.380000114440918,1.8270000219345093,13.842000007629395,1.4
00-0033881,2025,10,TE,Evan Engram,DEN,xgb,7.0289998054504395,1.4769999980926514,13.491000175476074,3.2
00-0033885,2025,10,TE,David Njoku,CLE,xgb,7.285999774932861,1.7330000400543213,13.748000144958496,10.1
00-0034073,2025,10,TE,Ross Dwelley,DET,xgb,0.8820000290870667,0.0,7.343999862670898,0.0
00-0034270,2025,10,TE,Tyler Conklin,LAC,xgb,4.163000106811523,0.0,10.625,2.2
00-0034351,2025,10,TE,Dallas Goedert,PHI,xgb,8.574999809265137,3.0230000019073486,15.036999702453613,8.3
00-0034383,2025,10,TE,Dalton Schultz,HOU,xgb,9.156000137329102,3.6040000915527344,15.618000030517578,18.3
00-0034753,2025,10,TE,Mark Andrews,BAL,xgb,10.282999992370605,4.730999946594238,16.7450008392334,10.4
00-0034981,2025,10,TE,Foster Moreau,NO,xgb,4.7870001792907715,0.0,11.24899959564209,3.6
00-0035229,2025,10,TE,T.J. Hockenson,MIN,xgb,7.650000095367432,2.0980000495910645,14.112000465393066,2.8
00-0035689,2025,10,TE,Dawson Knox,BUF,xgb,3.578000068664551,0.0,10.039999961853027,6.7
00-0036040,2025,10,TE,Juwan Johnson,NO,xgb,7.296000003814697,1.74399995803833,13.758000373840332,19.200000000000003
00-0036244,2025,10,TE,Colby Parkinson,LA,xgb,4.3470001220703125,0.0,10.809000015258789,14.100000000000001
00-0036290,2025,10,TE,Cole Kmet,CHI,xgb,4.072999954223633,0.0,10.53499984741211,1.5
00-0036422,2025,10,TE,Adam Trautman,DEN,xgb,2.369999885559082,0.0,8.831999778747559,1.2
00-0036429,2025,10,TE,Charlie Woerner,ATL,xgb,2.1610000133514404,0.0,8.623000144958496,2.4000000000000004
00-0036628,2025,10,TE,John Bates,WAS,xgb,3.9579999446868896,0.0,10.420000076293945,1.6
00-0036754,2025,10,TE,Brock Wright,DET,xgb,3.009000062942505,0.0,9.470999717712402,0.0
00-0036825,2025,10,TE,Feleipe Franks,ATL,xgb,0.9459999799728394,0.0,7.4079999923706055,0.0
00-0036876,2025,10,TE,Kylen Granson,PHI,xgb,0.9359999895095825,0.0,7.3979997634887695,0.0
00-0036887,2025,10,TE,Luke Farrell,SF,xgb,2.2109999656677246,0.0,8.67300033569336,9.5
00-0036894,2025,10,TE,Pat Freiermuth,PIT,xgb,8.302000045776367,2.749000072479248,14.763999938964844,6.300000000000001
00-0036970,2025,10,TE,Kyle Pitts,ATL,xgb,12.074999809265137,6.5229997634887695,18.53700065612793,5.800000000000001
00-0037086,2025,10,TE,Grant Calcaterra,PHI,xgb,2.3959999084472656,0.0,8.857999801635742,0.0
00-0037252,2025,10,TE,Greg Dulcich,MIA,xgb,8.505999565124512,2.9539999961853027,14.968000411987305,3.2
00-0037292,2025,10,TE,Andrew Ogletree,IND,xgb,0.9259999990463257,0.0,7.388000011444092,0.0
00-0037340,2025,10,TE,Zaire Mitchell-Paden,NO,xgb,1.7319999933242798,0.0,8.194000244140625,2.4000000000000004
00-0037475,2025,10,TE,Stone Smartt,NYJ,xgb,2.378999948501587,0.0,8.84000015258789,0.0
00-0037654,2025,10,TE,Tucker Fisk,LAC,xgb,2.193000078201294,0.0,8.654999732971191,1.7000000000000002
00-0037744,2025,10,TE,Trey McBride,ARI,xgb,17.915000915527344,12.362000465393066,24.37700080871582,27.700000000000003
00-0037805,2025,10,TE,Jeremy Ruckert,NYJ,xgb,3.1559998989105225,0.0,9.616999626159668,1.0
00-0037838,2025,10,TE,Isaiah Likely,BAL,xgb,4.611999988555908,0.0,11.074000358581543,3.7
00-0038046,2025,10,TE,Charlie Kolar,BAL,xgb,3.4260001182556152,0.0,9.887999534606934,3.3000000000000003
00-0038115,2025,10,TE,Daniel Bellinger,NYG,xgb,6.933000087738037,1.3799999952316284,13.395000457763672,1.8
00-0038129,2025,10,TE,Cade Otton,TB,xgb,9.234000205993652,3.680999994277954,15.694999694824219,17.200000000000003
00-0038558,2025,10,TE,Darnell Washington,PIT,xgb,7.289000034332275,1.7359999418258667,13.75100040435791,2.5
00-0038710,2025,10,TE,Blake Whiteheart,CLE,xgb,1.6460000276565552,0.0,8.107999801635742,0.0
00-0038933,2025,10,TE,Dalton Kincaid,BUF,xgb,15.307000160217285,9.753999710083008,21.768999099731445,5.7
00-0039041,2025,10,TE,Elijah Higgins,ARI,xgb,4.173999786376953,0.0,10.63599967956543,3.9000000000000004
00-0039050,2025,10,TE,Payne Durham,TB,xgb,1.5959999561309814,0.0,8.057999610900879,0.0
00-0039065,2025,10,TE,Sam LaPorta,DET,xgb,11.126999855041504,5.573999881744385,17.58799934387207,10.3
00-0039066,2025,10,TE,Michael Mayer,LV,xgb,9.611000061035156,4.059000015258789,16.072999954223633,5.2
00-0039074,2025,10,TE,Davis Allen,LA,xgb,3.2939999103546143,0.0,9.755999565124512,8.8
00-0039144,2025,10,TE,Luke Musgrave,GB,xgb,3.2820000648498535,0.0,9.744000434875488,5.300000000000001
00-0039305,2025,10,TE,Jack Westover,NE,xgb,0.8510000109672546,0.0,7.313000202178955,0.0
00-0039338,2025,10,TE,Brock Bowers,LV,xgb,13.935999870300293,8.383000373840332,20.398000717163086,3.7
00-0039356,2025,10,TE,Ja'Tavion Sanders,CAR,xgb,5.775000095367432,0.22200000286102295,12.237000465393066,8.2
00-0039793,2025,10,TE,AJ Barner,SEA,xgb,4.039999961853027,0.0,10.501999855041504,0.30000000000000004
00-0039847,2025,10,TE,Theo Johnson,NYG,xgb,12.744999885559082,7.192999839782715,19.207000732421875,14.5
00-0039912,2025,10,TE,Ben Sinnott,WAS,xgb,1.6679999828338623,0.0,8.130000114440918,7.4
00-0040126,2025,10,TE,Colston Loveland,CHI,xgb,4.8470001220703125,0.0,11.309000015258789,9.5
00-0040128,2025,10,TE,Tyler Warren,IND,xgb,10.1899995803833,4.638000011444092,16.652000427246094,17.9
00-0040187,2025,10,TE,Mitchell Evans,CAR,xgb,3.565000057220459,0.0,10.027000427246094,0.0
00-0040189,2025,10,TE,Oronde Gadsden II,LAC,xgb,11.505999565124512,5.953999996185303,17.968000411987305,4.3
00-0040194,2025,10,TE,Jackson Hawes,BUF,xgb,5.650000095367432,0.09700000286102295,12.111000061035156,9.6
00-0040509,2025,10,TE,Ben Yurosek,MIN,xgb,1.0230000019073486,0.0,7.485000133514404,0.0
00-0040663,2025,10,TE,Harold Fannin Jr.,CLE,xgb,9.428999900817871,3.877000093460083,15.890999794006348,8.4
00-0040736,2025,10,TE,Mason Taylor,NYJ,xgb,11.744000434875488,6.191999912261963,18.20599937438965,1.4
00-0040737,2025,10,TE,Terrance Ferguson,LA,xgb,4.3429999351501465,0.0,10.805000305175781,4.2
00-0040739,2025,10,TE,Elijah Arroyo,SEA,xgb,5.015999794006348,0.0,11.477999687194824,1.5
00-0030061,2025,11,TE,Zach Ertz,WAS,xgb,8.510000228881836,2.9570000171661377,14.972000122070312,8.2
00-0030506,2025,11,TE,Travis Kelce,KC,xgb,11.48799991607666,5.935999870300293,17.950000762939453,24.1
00-0033090,2025,11,TE,Hunter Henry,NE,xgb,7.875,2.322000026702881,14.336999893188477,8.5
00-0033110,2025,11,TE,Tyler Higbee,LA,xgb,6.0929999351501465,0.5400000214576721,12.555000305175781,3.3000000000000003
00-0033246,2025,11,TE,Johnny Mundt,JAX,xgb,3.434000015258789,0.0,9.895999908447266,4.5
00-0033288,2025,11,TE,George Kittle,SF,xgb,11.114999771118164,5.563000202178955,17.57699966430664,24.7
00-0033439,2025,11,TE,Pharaoh Brown,ARI,xgb,1.315999984741211,0.0,7.7779998779296875,0.0
00-0033757,2025,11,TE,Robert Tonyan,KC,xgb,2.063999891281128,0.0,8.526000022888184,1.1
00-0033858,2025,11,TE,Jonnu Smith,PIT,xgb,4.9679999351501465,0.0,11.430000305175781,0.0
00-0033881,2025,11,TE,Evan Engram,DEN,xgb,7.26200008392334,1.7089999914169312,13.723999977111816,7.300000000000001
00-0033885,2025,11,TE,David Njoku,CLE,xgb,12.803000450134277,7.250999927520752,19.264999389648438,1.7000000000000002
00-0034351,2025,11,TE,Dallas Goedert,PHI,xgb,11.604000091552734,6.051000118255615,18.06599998474121,4.4
00-0034365,2025,11,TE,Ian Thomas,LV,xgb,2.3919999599456787,0.0,8.854000091552734,3.0
00-0034383,2025,11,TE,Dalton Schultz,HOU,xgb,9.319999694824219,3.7679998874664307,15.781999588012695,11.100000000000001
00-0034613,2025,11,TE,Tanner Hudson,CIN,xgb,3.8450000286102295,0.0,10.307000160217285,5.2
00-0034753,2025,11,TE,Mark Andrews,BAL,xgb,7.51800012588501,1.965999960899353,13.979999542236328,15.7
00-0034798,2025,11,TE,Durham Smythe,CHI,xgb,0.9520000219345093,0.0,7.414000034332275,1.8
00-0035229,2025,11,TE,T.J. Hockenson,MIN,xgb,7.326000213623047,1.7730000019073486,13.788000106811523,6.9
00-0035249,2025,11,TE,Josh Oliver,MIN,xgb,3.424999952316284,0.0,9.88700008392334,0.7
00-0035644,2025,11,TE,Noah Fant,CIN,xgb,7.4629998207092285,1.9110000133514404,13.925000190734863,6.6
00-0035689,2025,11,TE,Dawson Knox,BUF,xgb,4.374000072479248,0.0,10.836000442504883,3.3000000000000003
00-0036244,2025,11,TE,Colby Parkinson,LA,xgb,5.926000118255615,0.37400001287460327,12.387999534606934,9.4
00-0036290,2025,11,TE,Cole Kmet,CHI,xgb,3.4739999771118164,0.0,9.935999870300293,9.5
00-0036332,2025,11,TE,Josiah Deguara,ARI,xgb,0.9539999961853027,0.0,7.415999889373779,0.0
00-0036422,2025,11,TE,Adam Trautman,DEN,xgb,2.6640000343322754,0.0,9.12600040435791,1.8
00-0036590,2025,11,TE,Quintin Morris,JAX,xgb,0.8820000290870667,0.0,7.343999862670898,2.1
00-0036637,2025,11,TE,Noah Gray,KC,xgb,4.921999931335449,0.0,11.383999824523926,2.9
00-0036754,2025,11,TE,Brock Wright,DET,xgb,3.3940000534057617,0.0,9.855999946594238,2.8
00-0036825,2025,11,TE,Feleipe Franks,ATL,xgb,0.9039999842643738,0.0,7.366000175476074,0.0
00-0036876,2025,11,TE,Kylen Granson,PHI,xgb,0.9869999885559082,0.0,7.448999881744385,1.4
00-0036887,2025,11,TE,Luke Farrell,SF,xgb,2.8589999675750732,0.0,9.321000099182129,0.0
00-0036894,2025,11,TE,Pat Freiermuth,PIT,xgb,9.842000007629395,4.289000034332275,16.30299949645996,2.9000000000000004
00-0036970,2025,11,TE,Kyle Pitts,ATL,xgb,7.409999847412109,1.8569999933242798,13.871999740600586,3.4000000000000004
00-0037005,2025,11,TE,Tommy Tremble,CAR,xgb,4.478000164031982,0.0,10.9399995803833,6.4
00-0037112,2025,11,TE,Jake Tonges,SF,xgb,8.274999618530273,2.7230000495910645,14.737000465393066,0.0
00-0037252,2025,11,TE,Greg Dulcich,MIA,xgb,4.363999843597412,0.0,10.826000213623047,3.8
00-0037306,2025,11,TE,John FitzPatrick,GB,xgb,2.8259999752044678,0.0,9.288000106811523,1.5
00-0037744,2025,11,TE,Trey McBride,ARI,xgb,22.37299919128418,16.820999145507812,28.834999084472656,27.5
00-0037805,2025,11,TE,Jeremy Ruckert,NYJ,xgb,2.558000087738037,0.0,9.019000053405762,6.300000000000001
00-0037809,2025,11,TE,Chig Okonkwo,TEN,xgb,6.673999786376953,1.121000051498413,13.13599967956543,8.600000000000001
00-0037838,2025,11,TE,Isaiah Likely,BAL,xgb,4.974999904632568,0.0,11.437000274658203,3.5
00-0038041,2025,11,TE,Jake Ferguson,DAL,xgb,13.878000259399414,8.324999809265137,20.34000015258789,11.6
00-0038046,2025,11,TE,Charlie Kolar,BAL,xgb,4.979000091552734,0.0,11.440999984741211,0.0
00-0038115,2025,11,TE,Daniel Bellinger,NYG,xgb,4.547999858856201,0.0,11.010000228881836,0.0
00-0038129,2025,11,TE,Cade Otton,TB,xgb,12.180000305175781,6.626999855041504,18.642000198364258,4.800000000000001
00-0038558,2025,11,TE,Darnell Washington,PIT,xgb,6.423999786376953,0.8709999918937683,12.88599967956543,10.7
00-0038564,2025,11,TE,Cameron Latu,PHI,xgb,0.925000011920929,0.0,7.38700008392334,0.0
00-0038589,2025,11,TE,Josh Whyle,GB,xgb,6.4679999351501465,0.9160000085830688,12.930000305175781,7.2
00-0038720,2025,11,TE,Julian Hill,MIA,xgb,6.525000095367432,0.9729999899864197,12.987000465393066,2.4000000000000004
00-0039041,2025,11,TE,Elijah Higgins,ARI,xgb,4.164999961853027,0.0,10.626999855041504,1.1
00-0039066,2025,11,TE,Michael Mayer,LV,xgb,5.4770002365112305,0.0,11.939000129699707,4.3
00-0039144,2025,11,TE,Luke Musgrave,GB,xgb,5.2769999504089355,0.0,11.73900032043457,0.9
00-0039305,2025,11,TE,Jack Westover,NE,xgb,0.7289999723434448,0.0,7.190999984741211,0.0
00-0039338,2025,11,TE,Brock Bowers,LV,xgb,9.012999534606934,3.4609999656677246,15.475000381469727,14.2
00-0039356,2025,11,TE,Ja'Tavion Sanders,CAR,xgb,5.616000175476074,0.06300000101327896,12.07800006866455,6.2
00-0039530,2025,11,TE,Brevyn Spann-Ford,DAL,xgb,1.090999960899353,0.0,7.552999973297119,1.4
00-0039648,2025,11,TE,David Martin-Robinson,TEN,xgb,2.371999979019165,0.0,8.833999633789062,0.0
00-0039686,2025,11,TE,Colson Yankoff,WAS,xgb,0.9039999842643738,0.0,7.366000175476074,1.4
00-0039793,2025,11,TE,AJ Barner,SEA,xgb,5.479000091552734,0.0,11.940999984741211,17.1
00-0039847,2025,11,TE,Theo Johnson,NYG,xgb,7.769000053405762,2.2170000076293945,14.230999946594238,6.6
00-0040058,2025,11,TE,Nick Kallerup,SEA,xgb,1.1410000324249268,0.0,7.603000164031982,0.0
00-0040126,2025,11,TE,Colston Loveland,CHI,xgb,8.175999641418457,2.622999906539917,14.637999534606934,7.0
00-0040187,2025,11,TE,Mitchell Evans,CAR,xgb,4.795000076293945,0.0,11.256999969482422,4.800000000000001
00-0040189,2025,11,TE,Oronde Gadsden II,LAC,xgb,11.635000228881836,6.083000183105469,18.097000122070312,6.1000000000000005
00-0040488,2025,11,TE,Carter Runyon,LV,xgb,1.7719999551773071,0.0,8.234000205993652,0.0
00-0040584,2025,11,TE,Gunnar Helm,TEN,xgb,4.309999942779541,0.0,10.772000312805176,6.9
00-0040663,2025,11,TE,Harold Fannin Jr.,CLE,xgb,9.854000091552734,4.302000045776367,16.31599998474121,4.6
00-0040736,2025,11,TE,Mason Taylor,NYJ,xgb,6.607999801635742,1.0549999475479126,13.069000244140625,7.0
00-0040739,2025,11,TE,Elijah Arroyo,SEA,xgb,4.24399995803833,0.0,10.706000328063965,0.0
00-0030506,2025,12,TE,Travis Kelce,KC,xgb,12.963000297546387,7.410999774932861,19.424999237060547,8.4
00-0032392,2025,12,TE,Austin Hooper,NE,xgb,3.552000045776367,0.0,10.013999938964844,6.9
00-0033090,2025,12,TE,Hunter Henry,NE,xgb,10.895999908447266,5.343999862670898,17.357999801635742,24.5
00-0033217,2025,12,TE,Mo Alie-Cox,IND,xgb,3.0429999828338623,0.0,9.505000114440918,1.9
00-0033246,2025,12,TE,Johnny Mundt,JAX,xgb,3.2139999866485596,0.0,9.675999641418457,2.2
00-0033288,2025,12,TE,George Kittle,SF,xgb,11.593000411987305,6.039999961853027,18.05500030517578,13.8
00-0033357,2025,12,TE,Taysom Hill,NO,xgb,3.86299991607666,0.0,10.324999809265137,1.7000000000000002
00-0033439,2025,12,TE,Pharaoh Brown,ARI,xgb,1.680999994277954,0.0,8.142999649047852,0.0
00-0033858,2025,12,TE,Jonnu Smith,PIT,xgb,4.270999908447266,0.0,10.732999801635742,5.800000000000001
00-0034073,2025,12,TE,Ross Dwelley,DET,xgb,1.4709999561309814,0.0,7.933000087738037,0.0
00-0034351,2025,12,TE,Dallas Goedert,PHI,xgb,9.522000312805176,3.9690001010894775,15.984000205993652,4.0
00-0034365,2025,12,TE,Ian Thomas,LV,xgb,3.625,0.0,10.086999893188477,7.6
00-0034383,2025,12,TE,Dalton Schultz,HOU,xgb,15.958999633789062,10.406999588012695,22.42099952697754,1.8
00-0034613,2025,12,TE,Tanner Hudson,CIN,xgb,4.008999824523926,0.0,10.470999717712402,1.9
00-0034753,2025,12,TE,Mark Andrews,BAL,xgb,10.359999656677246,4.808000087738037,16.82200050354004,2.1
00-0034798,2025,12,TE,Durham Smythe,CHI,xgb,2.549999952316284,0.0,9.01200008392334,1.4
00-0034829,2025,12,TE,Mike Gesicki,CIN,xgb,4.676000118255615,0.0,11.137999534606934,7.5
00-0034981,2025,12,TE,Foster Moreau,NO,xgb,3.1760001182556152,0.0,9.637999534606934,0.0
00-0035229,2025,12,TE,T.J. Hockenson,MIN,xgb,10.928999900817871,5.376999855041504,17.391000747680664,5.9
00-0035249,2025,12,TE,Josh Oliver,MIN,xgb,3.740999937057495,0.0,10.20300006866455,1.4
00-0035631,2025,12,TE,Drew Sample,CIN,xgb,4.767000198364258,0.0,11.229000091552734,1.0
00-0035644,2025,12,TE,Noah Fant,CIN,xgb,8.907999992370605,3.3550000190734863,15.369999885559082,1.9
00-0035689,2025,12,TE,Dawson Knox,BUF,xgb,4.177000045776367,0.0,10.638999938964844,4.7
00-0036040,2025,12,TE,Juwan Johnson,NO,xgb,9.517999649047852,3.9660000801086426,15.979999542236328,10.600000000000001
00-0036244,2025,12,TE,Colby Parkinson,LA,xgb,4.877999782562256,0.0,11.34000015258789,14.100000000000001
00-0036290,2025,12,TE,Cole Kmet,CHI,xgb,5.396999835968018,0.0,11.857999801635742,1.3
00-0036332,2025,12,TE,Josiah Deguara,ARI,xgb,0.8510000109672546,0.0,7.313000202178955,1.6
00-0036429,2025,12,TE,Charlie Woerner,ATL,xgb,2.878999948501587,0.0,9.340999603271484,5.4
00-0036590,2025,12,TE,Quintin Morris,JAX,xgb,2.0409998893737793,0.0,8.503000259399414,0.0
00-0036637,2025,12,TE,Noah Gray,KC,xgb,4.0370001792907715,0.0,10.49899959564209,5.5
00-0036741,2025,12,TE,Jack Stoll,NO,xgb,4.249000072479248,0.0,10.711000442504883,1.7000000000000002
00-0036754,2025,12,TE,Brock Wright,DET,xgb,5.428999900817871,0.0,11.890999794006348,5.9
00-0036825,2025,12,TE,Feleipe Franks,ATL,xgb,0.9359999895095825,0.0,7.3979997634887695,0.2
00-0036887,2025,12,TE,Luke Farrell,SF,xgb,2.558000087738037,0.0,9.020000457763672,1.3
00-0036894,2025,12,TE,Pat Freiermuth,PIT,xgb,8.185999870300293,2.632999897003174,14.64799976348877,10.9
00-0036970,2025,12,TE,Kyle Pitts,ATL,xgb,11.291000366210938,5.73799991607666,17.753000259399414,4.5
00-0037031,2025,12,TE,Nikola Kalinic,CHI,xgb,0.8410000205039978,0.0,7.302999973297119,0.0
00-0037086,2025,12,TE,Grant Calcaterra,PHI,xgb,3.006999969482422,0.0,9.468999862670898,1.8
00-0037277,2025,12,TE,Teagan Quitoriano,ATL,xgb,2.753000020980835,0.0,9.21500015258789,0.0
00-0037292,2025,12,TE,Andrew Ogletree,IND,xgb,0.9359999895095825,0.0,7.3979997634887695,8.8
00-0037306,2025,12,TE,John FitzPatrick,GB,xgb,4.103000164031982,0.0,10.564000129699707,2.1
00-0037744,2025,12,TE,Trey McBride,ARI,xgb,23.511999130249023,17.958999633789062,29.974000930786133,16.9
00-0037809,2025,12,TE,Chig Okonkwo,TEN,xgb,9.946999549865723,4.394000053405762,16.409000396728516,7.0
00-0037838,2025,12,TE,Isaiah Likely,BAL,xgb,5.925000190734863,0.37299999594688416,12.38700008392334,2.0
00-0038041,2025,12,TE,Jake Ferguson,DAL,xgb,12.635000228881836,7.083000183105469,19.097000122070312,11.100000000000001
00-0038046,2025,12,TE,Charlie Kolar,BAL,xgb,4.88700008392334,0.0,11.348999977111816,0.0
00-0038115,2025,12,TE,Daniel Bellinger,NYG,xgb,5.171000003814697,0.0,11.633000373840332,0.0
00-0038129,2025,12,TE,Cade Otton,TB,xgb,9.109999656677246,3.558000087738037,15.571999549865723,6.1
00-0038547,2025,12,TE,Luke Schoonmaker,DAL,xgb,3.882999897003174,0.0,10.345000267028809,0.0
00-0038558,2025,12,TE,Darnell Washington,PIT,xgb,7.552999973297119,2.0,14.015000343322754,4.2
00-0038564,2025,12,TE,Cameron Latu,PHI,xgb,0.9359999895095825,0.0,7.3979997634887695,0.0
00-0038589,2025,12,TE,Josh Whyle,GB,xgb,2.1050000190734863,0.0,8.567000389099121,1.1
00-0038935,2025,12,TE,Brenton Strange,JAX,xgb,9.244000434875488,3.691999912261963,15.706000328063965,14.3
00-0039041,2025,12,TE,Elijah Higgins,ARI,xgb,5.103000164031982,0.0,11.5649995803833,0.0
00-0039066,2025,12,TE,Michael Mayer,LV,xgb,5.119999885559082,0.0,11.581999778747559,2.4000000000000004
00-0039074,2025,12,TE,Davis Allen,LA,xgb,3.9769999980926514,0.0,10.439000129699707,5.9
00-0039144,2025,12,TE,Luke Musgrave,GB,xgb,6.250999927520752,0.6980000138282776,12.713000297546387,1.7000000000000002
00-0039338,2025,12,TE,Brock Bowers,LV,xgb,8.982999801635742,3.430999994277954,15.444999694824219,11.5
00-0039356,2025,12,TE,Ja'Tavion Sanders,CAR,xgb,4.9079999923706055,0.0,11.369000434875488,1.6
00-0039359,2025,12,TE,Cade Stover,HOU,xgb,2.424999952316284,0.0,8.88700008392334,0.0
00-0039530,2025,12,TE,Brevyn Spann-Ford,DAL,xgb,2.2179999351501465,0.0,8.680000305175781,7.4
00-0039793,2025,12,TE,AJ Barner,SEA,xgb,4.421999931335449,0.0,10.883999824523926,3.8
00-0039847,2025,12,TE,Theo Johnson,NYG,xgb,6.510000228881836,0.9580000042915344,12.972000122070312,10.7
00-0040126,2025,12,TE,Colston Loveland,CHI,xgb,10.890000343322754,5.3379998207092285,17.351999282836914,14.9
00-0040128,2025,12,TE,Tyler Warren,IND,xgb,12.267999649047852,6.715000152587891,18.729999542236328,9.5
00-0040187,2025,12,TE,Mitchell Evans,CAR,xgb,4.2170000076293945,0.0,10.678999900817871,0.0
00-0040194,2025,12,TE,Jackson Hawes,BUF,xgb,4.561999797821045,0.0,11.02400016784668,4.6
00-0040584,2025,12,TE,Gunnar Helm,TEN,xgb,5.199999809265137,0.0,11.661999702453613,11.100000000000001
00-0040663,2025,12,TE,Harold Fannin Jr.,CLE,xgb,7.605999946594238,2.052999973297119,14.067999839782715,8.4
00-0040736,2025,12,TE,Mason Taylor,NYJ,xgb,7.504000186920166,1.9509999752044678,13.965999603271484,5.1
00-0040737,2025,12,TE,Terrance Ferguson,LA,xgb,7.520999908447266,1.968999981880188,13.982999801635742,0.0
00-0040739,2025,12,TE,Elijah Arroyo,SEA,xgb,5.242000102996826,0.0,11.704000473022461,1.5
00-0030061,2025,13,TE,Zach Ertz,WAS,xgb,8.869000434875488,3.316999912261963,15.331000328063965,20.6
00-0030506,2025,13,TE,Travis Kelce,KC,xgb,9.967000007629395,4.414999961853027,16.429000854492188,15.5
00-0031610,2025,13,TE,Darren Waller,MIA,xgb,4.000999927520752,0.0,10.463000297546387,6.7
00-0033090,2025,13,TE,Hunter Henry,NE,xgb,12.998000144958496,7.446000099182129,19.459999084472656,11.3
00-0033288,2025,13,TE,George Kittle,SF,xgb,10.585000038146973,5.0329999923706055,17.047000885009766,10.7
00-0033357,2025,13,TE,Taysom Hill,NO,xgb,4.388999938964844,0.0,10.85099983215332,1.7000000000000002
00-0033455,2025,13,TE,Anthony Firkser,DET,xgb,2.5260000228881836,0.0,8.98799991607666,1.4
00-0033858,2025,13,TE,Jonnu Smith,PIT,xgb,5.611999988555908,0.05900000035762787,12.074000358581543,1.6
00-0033881,2025,13,TE,Evan Engram,DEN,xgb,5.77400016784668,0.22200000286102295,12.236000061035156,13.9
00-0033885,2025,13,TE,David Njoku,CLE,xgb,6.665999889373779,1.1139999628067017,13.128000259399414,2.4
00-0034073,2025,13,TE,Ross Dwelley,DET,xgb,0.925000011920929,0.0,7.38700008392334,1.3
00-0034351,2025,13,TE,Dallas Goedert,PHI,xgb,10.140000343322754,4.586999893188477,16.601999282836914,4.7
00-0034365,2025,13,TE,Ian Thomas,LV,xgb,5.068999767303467,0.0,11.531000137329102,1.8
00-0034383,2025,13,TE,Dalton Schultz,HOU,xgb,9.631999969482422,4.078999996185303,16.0939998626709,12.5
00-0034613,2025,13,TE,Tanner Hudson,CIN,xgb,5.060999870300293,0.0,11.52299976348877,8.4
00-0034753,2025,13,TE,Mark Andrews,BAL,xgb,9.633000373840332,4.080999851226807,16.094999313354492,8.7
00-0034829,2025,13,TE,Mike Gesicki,CIN,xgb,6.65500020980835,1.1019999980926514,13.116999626159668,3.9000000000000004
00-0034981,2025,13,TE,Foster Moreau,NO,xgb,2.677999973297119,0.0,9.140000343322754,3.3
00-0035229,2025,13,TE,T.J. Hockenson,MIN,xgb,9.09000015258789,3.5369999408721924,15.552000045776367,11.9
00-0035631,2025,13,TE,Drew Sample,CIN,xgb,4.414000034332275,0.0,10.87600040435791,2.7
00-0035644,2025,13,TE,Noah Fant,CIN,xgb,7.906000137329102,2.3540000915527344,14.368000030517578,1.3
00-0035689,2025,13,TE,Dawson Knox,BUF,xgb,5.232999801635742,0.0,11.694999694824219,5.800000000000001
00-0036040,2025,13,TE,Juwan Johnson,NO,xgb,11.70300006866455,6.150000095367432,18.165000915527344,8.9
00-0036244,2025,13,TE,Colby Parkinson,LA,xgb,6.870999813079834,1.3179999589920044,13.331999778747559,6.7
00-0036290,2025,13,TE,Cole Kmet,CHI,xgb,4.552000045776367,0.0,11.013999938964844,12.6
00-0036422,2025,13,TE,Adam Trautman,DEN,xgb,2.992000102996826,0.0,9.454000473022461,7.7
00-0036590,2025,13,TE,Quintin Morris,JAX,xgb,1.7289999723434448,0.0,8.190999984741211,2.4000000000000004
00-0036628,2025,13,TE,John Bates,WAS,xgb,4.099999904632568,0.0,10.562000274658203,2.9
00-0036887,2025,13,TE,Luke Farrell,SF,xgb,2.943000078201294,0.0,9.404999732971191,0.0
00-0036970,2025,13,TE,Kyle Pitts,ATL,xgb,11.159000396728516,5.60699987411499,17.621000289916992,15.200000000000001
00-0037005,2025,13,TE,Tommy Tremble,CAR,xgb,4.1579999923706055,0.0,10.619999885559082,1.2
00-0037252,2025,13,TE,Greg Dulcich,MIA,xgb,4.6579999923706055,0.0,11.119999885559082,4.4
00-0037292,2025,13,TE,Andrew Ogletree,IND,xgb,2.625,0.0,9.086000442504883,1.8
00-0037306,2025,13,TE,John FitzPatrick,GB,xgb,3.4600000381469727,0.0,9.92199993133545,0.0
00-0037744,2025,13,TE,Trey McBride,ARI,xgb,15.041999816894531,9.489999771118164,21.503999710083008,22.200000000000003
00-0037805,2025,13,TE,Jeremy Ruckert,NYJ,xgb,3.8519999980926514,0.0,10.314000129699707,3.2
00-0037809,2025,13,TE,Chig Okonkwo,TEN,xgb,7.113999843597412,1.562000036239624,13.576000213623047,6.9
00-0037838,2025,13,TE,Isaiah Likely,BAL,xgb,5.578999996185303,0.026000000536441803,12.041000366210938,12.5
00-0038041,2025,13,TE,Jake Ferguson,DAL,xgb,11.892999649047852,6.340000152587891,18.354999542236328,8.6
00-0038046,2025,13,TE,Charlie Kolar,BAL,xgb,3.7839999198913574,0.0,10.246000289916992,2.7
00-0038129,2025,13,TE,Cade Otton,TB,xgb,8.486000061035156,2.933000087738037,14.947999954223633,2.9
00-0038547,2025,13,TE,Luke Schoonmaker,DAL,xgb,4.683000087738037,0.0,11.145000457763672,1.1
00-0038558,2025,13,TE,Darnell Washington,PIT,xgb,5.791999816894531,0.23899999260902405,12.253999710083008,6.5
00-0038564,2025,13,TE,Cameron Latu,PHI,xgb,1.0110000371932983,0.0,7.4730000495910645,0.0
00-0038589,2025,13,TE,Josh Whyle,GB,xgb,4.910999774932861,0.0,11.373000144958496,0.0
00-0038710,2025,13,TE,Blake Whiteheart,CLE,xgb,1.9539999961853027,0.0,8.416000366210938,0.0
00-0038720,2025,13,TE,Julian Hill,MIA,xgb,4.564000129699707,0.0,11.026000022888184,0.0
00-0038935,2025,13,TE,Brenton Strange,JAX,xgb,9.545999526977539,3.99399995803833,16.007999420166016,13.5
00-0039041,2025,13,TE,Elijah Higgins,ARI,xgb,3.5399999618530273,0.0,10.00100040435791,3.7
00-0039050,2025,13,TE,Payne Durham,TB,xgb,1.0880000591278076,0.0,7.550000190734863,2.1
00-0039074,2025,13,TE,Davis Allen,LA,xgb,4.0929999351501465,0.0,10.555000305175781,1.4
00-0039144,2025,13,TE,Luke Musgrave,GB,xgb,4.502999782562256,0.0,10.96500015258789,3.3000000000000003
00-0039338,2025,13,TE,Brock Bowers,LV,xgb,13.645000457763672,8.092000007629395,20.10700035095215,22.3
00-0039356,2025,13,TE,Ja'Tavion Sanders,CAR,xgb,3.825000047683716,0.0,10.286999702453613,0.0
00-0039359,2025,13,TE,Cade Stover,HOU,xgb,3.2790000438690186,0.0,9.741000175476074,3.9000000000000004
00-0039530,2025,13,TE,Brevyn Spann-Ford,DAL,xgb,0.9279999732971191,0.0,7.389999866485596,0.0
00-0039648,2025,13,TE,David Martin-Robinson,TEN,xgb,2.385999917984009,0.0,8.847999572753906,0.0
00-0039686,2025,13,TE,Colson Yankoff,WAS,xgb,0.9660000205039978,0.0,7.427999973297119,2.4000000000000004
00-0039754,2025,13,TE,Devin Culp,TB,xgb,2.76200008392334,0.0,9.223999977111816,0.0
00-0039793,2025,13,TE,AJ Barner,SEA,xgb,6.802000045776367,1.25,13.263999938964844,7.7
00-0039824,2025,13,TE,Jared Wiley,KC,xgb,1.3339999914169312,0.0,7.796000003814697,1.4
00-0039847,2025,13,TE,Theo Johnson,NYG,xgb,10.824000358581543,5.270999908447266,17.285999298095703,5.9
00-0040058,2025,13,TE,Nick Kallerup,SEA,xgb,1.0770000219345093,0.0,7.539000034332275,0.0
00-0040126,2025,13,TE,Colston Loveland,CHI,xgb,7.913000106811523,2.3610000610351562,14.375,5.800000000000001
00-0040128,2025,13,TE,Tyler Warren,IND,xgb,11.906999588012695,6.355000019073486,18.368999481201172,11.2
00-0040187,2025,13,TE,Mitchell Evans,CAR,xgb,3.2890000343322754,0.0,9.75100040435791,5.0
00-0040189,2025,13,TE,Oronde Gadsden II,LAC,xgb,10.486000061035156,4.934000015258789,16.947999954223633,3.7
00-0040194,2025,13,TE,Jackson Hawes,BUF,xgb,3.369999885559082,0.0,9.831999778747559,2.0
00-0040584,2025,13,TE,Gunnar Helm,TEN,xgb,5.736999988555908,0.18400000035762787,12.199000358581543,8.3
00-0040663,2025,13,TE,Harold Fannin Jr.,CLE,xgb,7.3480000495910645,1.7960000038146973,13.8100004196167,11.3
00-0040736,2025,13,TE,Mason Taylor,NYJ,xgb,8.284000396728516,2.7320001125335693,14.746000289916992,4.1
00-0040737,2025,13,TE,Terrance Ferguson,LA,xgb,4.817999839782715,0.0,11.279000282287598,0.0
00-0040739,2025,13,TE,Elijah Arroyo,SEA,xgb,6.197999954223633,0.6449999809265137,12.65999984741211,0.0
00-0030061,2025,14,TE,Zach Ertz,WAS,xgb,12.22599983215332,6.672999858856201,18.687999725341797,2.1
00-0030506,2025,14,TE,Travis Kelce,KC,xgb,10.14900016784668,4.5970001220703125,16.611000061035156,1.8
00-0031610,2025,14,TE,Darren Waller,MIA,xgb,5.801000118255615,0.24899999797344208,12.262999534606934,2.7
00-0033217,2025,14,TE,Mo Alie-Cox,IND,xgb,2.865000009536743,0.0,9.32699966430664,0.0
00-0033357,2025,14,TE,Taysom Hill,NO,xgb,3.437999963760376,0.0,9.899999618530273,-0.1
00-0033439,2025,14,TE,Pharaoh Brown,ARI,xgb,0.9760000109672546,0.0,7.438000202178955,0.0
00-0033455,2025,14,TE,Anthony Firkser,DET,xgb,2.36299991607666,0.0,8.824999809265137,1.7000000000000002
00-0033858,2025,14,TE,Jonnu Smith,PIT,xgb,5.131999969482422,0.0,11.593999862670898,0.0
00-0033881,2025,14,TE,Evan Engram,DEN,xgb,7.760000228881836,2.2070000171661377,14.222000122070312,2.8
00-0033885,2025,14,TE,David Njoku,CLE,xgb,8.947999954223633,3.3949999809265137,15.40999984741211,7.1
00-0034073,2025,14,TE,Ross Dwelley,DET,xgb,2.2219998836517334,0.0,8.684000015258789,1.4
00-0034159,2025,14,TE,Will Dissly,LAC,xgb,3.130000114440918,0.0,9.592000007629395,1.1
00-0034351,2025,14,TE,Dallas Goedert,PHI,xgb,11.690999984741211,6.138000011444092,18.152999877929688,15.8
00-0034365,2025,14,TE,Ian Thomas,LV,xgb,4.3460001945495605,0.0,10.807999610900879,3.7
00-0034383,2025,14,TE,Dalton Schultz,HOU,xgb,7.515999794006348,1.9630000591278076,13.977999687194824,5.2
00-0034613,2025,14,TE,Tanner Hudson,CIN,xgb,5.742000102996826,0.1899999976158142,12.204000473022461,2.1
00-0034753,2025,14,TE,Mark Andrews,BAL,xgb,9.800000190734863,4.248000144958496,16.261999130249023,1.9
00-0034798,2025,14,TE,Durham Smythe,CHI,xgb,2.5910000801086426,0.0,9.053000450134277,1.2
00-0034829,2025,14,TE,Mike Gesicki,CIN,xgb,7.204999923706055,1.6519999504089355,13.666999816894531,20.6
00-0034981,2025,14,TE,Foster Moreau,NO,xgb,2.9100000858306885,0.0,9.371999740600586,2.6
00-0035229,2025,14,TE,T.J. Hockenson,MIN,xgb,8.697999954223633,3.1459999084472656,15.15999984741211,9.2
00-0035249,2025,14,TE,Josh Oliver,MIN,xgb,5.197000026702881,0.0,11.659000396728516,16.4
00-0035644,2025,14,TE,Noah Fant,CIN,xgb,5.89300012588501,0.3400000035762787,12.354999542236328,2.5
00-0035689,2025,14,TE,Dawson Knox,BUF,xgb,6.4039998054504395,0.8519999980926514,12.866000175476074,17.3
00-0036040,2025,14,TE,Juwan Johnson,NO,xgb,14.329999923706055,8.777999877929688,20.79199981689453,7.800000000000001
00-0036244,2025,14,TE,Colby Parkinson,LA,xgb,5.638999938964844,0.08699999749660492,12.10099983215332,12.2
00-0036290,2025,14,TE,Cole Kmet,CHI,xgb,5.771999835968018,0.21899999678134918,12.232999801635742,6.2
00-0036332,2025,14,TE,Josiah Deguara,ARI,xgb,1.1460000276565552,0.0,7.607999801635742,0.0
00-0036422,2025,14,TE,Adam Trautman,DEN,xgb,4.076000213623047,0.0,10.538000106811523,3.7
00-0036590,2025,14,TE,Quintin Morris,JAX,xgb,2.186000108718872,0.0,8.64799976348877,0.0
00-0036628,2025,14,TE,John Bates,WAS,xgb,3.635999917984009,0.0,10.097999572753906,0.0
00-0036637,2025,14,TE,Noah Gray,KC,xgb,4.389999866485596,0.0,10.85200023651123,2.4000000000000004
00-0036741,2025,14,TE,Jack Stoll,NO,xgb,3.3399999141693115,0.0,9.802000045776367,0.0
00-0036825,2025,14,TE,Feleipe Franks,ATL,xgb,0.9810000061988831,0.0,7.441999912261963,0.0
00-0036876,2025,14,TE,Kylen Granson,PHI,xgb,1.909000039100647,0.0,8.371000289916992,0.0
00-0036894,2025,14,TE,Pat Freiermuth,PIT,xgb,5.449999809265137,0.0,11.911999702453613,2.9
00-0036970,2025,14,TE,Kyle Pitts,ATL,xgb,8.890000343322754,3.3369998931884766,15.35200023651123,15.0
00-0037252,2025,14,TE,Greg Dulcich,MIA,xgb,5.126999855041504,0.0,11.58899974822998,7.1000000000000005
00-0037292,2025,14,TE,Andrew Ogletree,IND,xgb,2.2200000286102295,0.0,8.682000160217285,0.0
00-0037306,2025,14,TE,John FitzPatrick,GB,xgb,1.8639999628067017,0.0,8.326000213623047,3.4000000000000004
00-0037475,2025,14,TE,Stone Smartt,NYJ,xgb,2.88700008392334,0.0,9.348999977111816,0.0
00-0037744,2025,14,TE,Trey McBride,ARI,xgb,14.552000045776367,9.0,21.013999938964844,10.8
00-0037805,2025,14,TE,Jeremy Ruckert,NYJ,xgb,3.378000020980835,0.0,9.84000015258789,3.9000000000000004
00-0037809,2025,14,TE,Chig Okonkwo,TEN,xgb,8.277000427246094,2.7249999046325684,14.73900032043457,4.0
00-0037838,2025,14,TE,Isaiah Likely,BAL,xgb,5.868000030517578,0.3149999976158142,12.329999923706055,12.5
00-0038041,2025,14,TE,Jake Ferguson,DAL,xgb,10.468999862670898,4.915999889373779,16.930999755859375,10.8
00-0038046,2025,14,TE,Charlie Kolar,BAL,xgb,4.038000106811523,0.0,10.5,2.9000000000000004
00-0038129,2025,14,TE,Cade Otton,TB,xgb,9.697999954223633,4.145999908447266,16.15999984741211,4.9
00-0038547,2025,14,TE,Luke Schoonmaker,DAL,xgb,2.9719998836517334,0.0,9.434000015258789,2.2
00-0038558,2025,14,TE,Darnell Washington,PIT,xgb,8.048999786376953,2.496999979019165,14.51099967956543,2.2
00-0038564,2025,14,TE,Cameron Latu,PHI,xgb,0.9810000061988831,0.0,7.441999912261963,0.0
00-0038589,2025,14,TE,Josh Whyle,GB,xgb,4.39300012588501,0.0,10.854999542236328,3.1
00-0038710,2025,14,TE,Blake Whiteheart,CLE,xgb,1.315000057220459,0.0,7.7769999504089355,0.0
00-0038809,2025,14,TE,Ben Sims,MIN,xgb,1.5390000343322754,0.0,8.00100040435791,1.9
00-0038933,2025,14,TE,Dalton Kincaid,BUF,xgb,13.413000106811523,7.861000061035156,19.875,14.100000000000001
00-0038935,2025,14,TE,Brenton Strange,JAX,xgb,8.156999588012695,2.6040000915527344,14.619000434875488,5.7
00-0039041,2025,14,TE,Elijah Higgins,ARI,xgb,3.2090001106262207,0.0,9.670999526977539,1.0
00-0039050,2025,14,TE,Payne Durham,TB,xgb,1.593999981880188,0.0,8.055999755859375,0.0
00-0039074,2025,14,TE,Davis Allen,LA,xgb,5.004000186920166,0.0,11.465999603271484,4.1
00-0039144,2025,14,TE,Luke Musgrave,GB,xgb,4.453999996185303,0.0,10.916000366210938,4.2
00-0039338,2025,14,TE,Brock Bowers,LV,xgb,14.121999740600586,8.569000244140625,20.583999633789062,14.600000000000001
00-0039530,2025,14,TE,Brevyn Spann-Ford,DAL,xgb,1.6330000162124634,0.0,8.095000267028809,1.7000000000000002
00-0039648,2025,14,TE,David Martin-Robinson,TEN,xgb,2.1710000038146973,0.0,8.633000373840332,1.6
00-0039686,2025,14,TE,Colson Yankoff,WAS,xgb,2.069999933242798,0.0,8.531999588012695,0.0
00-0039793,2025,14,TE,AJ Barner,SEA,xgb,6.546999931335449,0.9950000047683716,13.008999824523926,5.7
00-0039912,2025,14,TE,Ben Sinnott,WAS,xgb,2.684000015258789,0.0,9.145999908447266,1.8
00-0040126,2025,14,TE,Colston Loveland,CHI,xgb,9.958000183105469,4.40500020980835,16.420000076293945,12.9
00-0040128,2025,14,TE,Tyler Warren,IND,xgb,10.928999900817871,5.376999855041504,17.391000747680664,3.7
00-0040189,2025,14,TE,Oronde Gadsden II,LAC,xgb,11.187999725341797,5.635000228881836,17.649999618530273,1.7000000000000002
00-0040194,2025,14,TE,Jackson Hawes,BUF,xgb,3.390000104904175,0.0,9.85200023651123,7.3
00-0040584,2025,14,TE,Gunnar Helm,TEN,xgb,7.696000099182129,2.1429998874664307,14.156999588012695,1.8
00-0040663,2025,14,TE,Harold Fannin Jr.,CLE,xgb,10.315999984741211,4.763000011444092,16.777999877929688,25.4
00-0040736,2025,14,TE,Mason Taylor,NYJ,xgb,6.859000205993652,1.305999994277954,13.321000099182129,10.100000000000001
00-0040737,2025,14,TE,Terrance Ferguson,LA,xgb,5.734000205993652,0.1809999942779541,12.196000099182129,0.0
00-0040739,2025,14,TE,Elijah Arroyo,SEA,xgb,4.177999973297119,0.0,10.640000343322754,0.0
00-0030506,2025,15,TE,Travis Kelce,KC,xgb,12.130000114440918,6.578000068664551,18.591999053955078,14.0
00-0031610,2025,15,TE,Darren Waller,MIA,xgb,5.435999870300293,0.0,11.89799976348877,25.6
00-0033090,2025,15,TE,Hunter Henry,NE,xgb,15.607000350952148,10.053999900817871,22.069000244140625,2.8
00-0033288,2025,15,TE,George Kittle,SF,xgb,11.616000175476074,6.064000129699707,18.077999114990234,22.8
00-0033357,2025,15,TE,Taysom Hill,NO,xgb,3.252000093460083,0.0,9.71399974822998,0.2
00-0033439,2025,15,TE,Pharaoh Brown,ARI,xgb,0.8529999852180481,0.0,7.315000057220459,2.1
00-0033576,2025,15,TE,Eric Saubert,SEA,xgb,1.194000005722046,0.0,7.656000137329102,1.9
00-0033858,2025,15,TE,Jonnu Smith,PIT,xgb,4.0320000648498535,0.0,10.494000434875488,10.6
00-0033881,2025,15,TE,Evan Engram,DEN,xgb,7.757999897003174,2.2060000896453857,14.220000267028809,2.2
00-0034351,2025,15,TE,Dallas Goedert,PHI,xgb,13.571999549865723,8.020000457763672,20.034000396728516,25.0
00-0034383,2025,15,TE,Dalton Schultz,HOU,xgb,8.65999984741211,3.1070001125335693,15.121999740600586,21.6
00-0034613,2025,15,TE,Tanner Hudson,CIN,xgb,6.735000133514404,1.1820000410079956,13.196000099182129,4.6
00-0034753,2025,15,TE,Mark Andrews,BAL,xgb,7.310999870300293,1.7589999437332153,13.77299976348877,3.8
00-0034798,2025,15,TE,Durham Smythe,CHI,xgb,2.5859999656677246,0.0,9.04800033569336,0.0
00-0034829,2025,15,TE,Mike Gesicki,CIN,xgb,7.678999900817871,2.127000093460083,14.140999794006348,2.1
00-0035229,2025,15,TE,T.J. Hockenson,MIN,xgb,6.925000190734863,1.3730000257492065,13.38700008392334,10.600000000000001
00-0035249,2025,15,TE,Josh Oliver,MIN,xgb,3.6570000648498535,0.0,10.119000434875488,2.8
00-0035631,2025,15,TE,Drew Sample,CIN,xgb,2.243000030517578,0.0,8.704999923706055,3.2
00-0035689,2025,15,TE,Dawson Knox,BUF,xgb,4.743000030517578,0.0,11.204999923706055,18.7
00-0035956,2025,15,TE,Giovanni Ricci,DET,xgb,0.7829999923706055,0.0,7.244999885559082,0.0
00-0036040,2025,15,TE,Juwan Johnson,NO,xgb,11.020000457763672,5.4679999351501465,17.48200035095215,7.0
00-0036244,2025,15,TE,Colby Parkinson,LA,xgb,6.820000171661377,1.2669999599456787,13.281999588012695,24.5
00-0036290,2025,15,TE,Cole Kmet,CHI,xgb,7.757999897003174,2.2060000896453857,14.220000267028809,4.800000000000001
00-0036429,2025,15,TE,Charlie Woerner,ATL,xgb,2.744999885559082,0.0,9.206999778747559,3.2
00-0036590,2025,15,TE,Quintin Morris,JAX,xgb,2.1019999980926514,0.0,8.564000129699707,4.0
00-0036628,2025,15,TE,John Bates,WAS,xgb,3.00600004196167,0.0,9.468000411987305,2.9000000000000004
00-0036741,2025,15,TE,Jack Stoll,NO,xgb,5.295000076293945,0.0,11.756999969482422,1.7000000000000002
00-0036876,2025,15,TE,Kylen Granson,PHI,xgb,1.5379999876022339,0.0,8.0,0.0
00-0036894,2025,15,TE,Pat Freiermuth,PIT,xgb,5.203000068664551,0.0,11.664999961853027,7.5
00-0036970,2025,15,TE,Kyle Pitts,ATL,xgb,8.805000305175781,3.252000093460083,15.265999794006348,45.6
00-0037005,2025,15,TE,Tommy Tremble,CAR,xgb,2.499000072479248,0.0,8.961000442504883,3.3
00-0037086,2025,15,TE,Grant Calcaterra,PHI,xgb,3.0320000648498535,0.0,9.494000434875488,1.4
00-0037252,2025,15,TE,Greg Dulcich,MIA,xgb,4.874000072479248,0.0,11.336000442504883,6.6000000000000005
00-0037306,2025,15,TE,John FitzPatrick,GB,xgb,2.628000020980835,0.0,9.09000015258789,4.8
00-0037475,2025,15,TE,Stone Smartt,NYJ,xgb,3.36299991607666,0.0,9.824999809265137,0.0
00-0037744,2025,15,TE,Trey McBride,ARI,xgb,23.05500030517578,17.503000259399414,29.517000198364258,37.4
00-0037805,2025,15,TE,Jeremy Ruckert,NYJ,xgb,5.151000022888184,0.0,11.61299991607666,3.3
00-0037809,2025,15,TE,Chig Okonkwo,TEN,xgb,6.867000102996826,1.315000057220459,13.329000473022461,7.300000000000001
00-0038041,2025,15,TE,Jake Ferguson,DAL,xgb,13.994999885559082,8.442999839782715,20.457000732421875,3.6
00-0038046,2025,15,TE,Charlie Kolar,BAL,xgb,3.5420000553131104,0.0,10.003999710083008,0.0
00-0038115,2025,15,TE,Daniel Bellinger,NYG,xgb,4.254000186920166,0.0,10.715999603271484,6.5
00-0038547,2025,15,TE,Luke Schoonmaker,DAL,xgb,4.139999866485596,0.0,10.60200023651123,3.9000000000000004
00-0038558,2025,15,TE,Darnell Washington,PIT,xgb,5.705999851226807,0.15399999916553497,12.168000221252441,5.5
00-0038720,2025,15,TE,Julian Hill,MIA,xgb,5.9029998779296875,0.35100001096725464,12.364999771118164,4.5
00-0038933,2025,15,TE,Dalton Kincaid,BUF,xgb,10.532999992370605,4.980999946594238,16.9950008392334,6.4
00-0038935,2025,15,TE,Brenton Strange,JAX,xgb,9.369999885559082,3.816999912261963,15.831999778747559,3.6
00-0039041,2025,15,TE,Elijah Higgins,ARI,xgb,3.994999885559082,0.0,10.456999778747559,1.3
00-0039066,2025,15,TE,Michael Mayer,LV,xgb,5.465000152587891,0.0,11.927000045776367,0.0
00-0039074,2025,15,TE,Davis Allen,LA,xgb,3.7790000438690186,0.0,10.241000175476074,4.6
00-0039144,2025,15,TE,Luke Musgrave,GB,xgb,6.7129998207092285,1.1610000133514404,13.175000190734863,9.2
00-0039338,2025,15,TE,Brock Bowers,LV,xgb,7.920000076293945,2.367000102996826,14.381999969482422,8.8
00-0039356,2025,15,TE,Ja'Tavion Sanders,CAR,xgb,3.6080000400543213,0.0,10.069999694824219,2.5
00-0039359,2025,15,TE,Cade Stover,HOU,xgb,3.9730000495910645,0.0,10.4350004196167,5.2
00-0039458,2025,15,TE,Brenden Bates,CLE,xgb,2.6500000953674316,0.0,9.112000465393066,0.0
00-0039530,2025,15,TE,Brevyn Spann-Ford,DAL,xgb,2.26200008392334,0.0,8.723999977111816,0.0
00-0039648,2025,15,TE,David Martin-Robinson,TEN,xgb,1.3380000591278076,0.0,7.800000190734863,0.0
00-0039686,2025,15,TE,Colson Yankoff,WAS,xgb,1.2009999752044678,0.0,7.663000106811523,0.0
00-0039754,2025,15,TE,Devin Culp,TB,xgb,2.7950000762939453,0.0,9.256999969482422,7.6
00-0039793,2025,15,TE,AJ Barner,SEA,xgb,8.824000358581543,3.2709999084472656,15.28600025177002,5.7
00-0039847,2025,15,TE,Theo Johnson,NYG,xgb,13.607999801635742,8.055000305175781,20.06999969482422,10.2
00-0039912,2025,15,TE,Ben Sinnott,WAS,xgb,3.2019999027252197,0.0,9.663999557495117,4.6
00-0040058,2025,15,TE,Nick Kallerup,SEA,xgb,0.9319999814033508,0.0,7.394000053405762,0.0
00-0040126,2025,15,TE,Colston Loveland,CHI,xgb,7.918000221252441,2.365000009536743,14.378999710083008,10.100000000000001
00-0040128,2025,15,TE,Tyler Warren,IND,xgb,10.800999641418457,5.249000072479248,17.26300048828125,4.9
00-0040187,2025,15,TE,Mitchell Evans,CAR,xgb,3.0929999351501465,0.0,9.555000305175781,0.0
00-0040189,2025,15,TE,Oronde Gadsden II,LAC,xgb,10.166999816894531,4.613999843597412,16.628999710083008,10.100000000000001
00-0040194,2025,15,TE,Jackson Hawes,BUF,xgb,4.949999809265137,0.0,11.411999702453613,1.9
00-0040584,2025,15,TE,Gunnar Helm,TEN,xgb,5.796999931335449,0.24400000274181366,12.258000373840332,14.9
00-0040663,2025,15,TE,Harold Fannin Jr.,CLE,xgb,11.557999610900879,6.00600004196167,18.020000457763672,12.0
00-0040737,2025,15,TE,Terrance Ferguson,LA,xgb,3.9159998893737793,0.0,10.378000259399414,1.6
00-0030506,2025,16,TE,Travis Kelce,KC,xgb,10.607000350952148,5.054999828338623,17.069000244140625,1.6
00-0031484,2025,16,TE,Chris Manhertz,NYG,xgb,1.0980000495910645,0.0,7.559999942779541,0.0
00-0031610,2025,16,TE,Darren Waller,MIA,xgb,7.750999927520752,2.197999954223633,14.213000297546387,7.0
00-0032392,2025,16,TE,Austin Hooper,NE,xgb,5.800000190734863,0.24799999594688416,12.26200008392334,5.4
00-0033090,2025,16,TE,Hunter Henry,NE,xgb,10.664999961853027,5.111999988555908,17.12700080871582,15.5
00-0033217,2025,16,TE,Mo Alie-Cox,IND,xgb,2.8429999351501465,0.0,9.305000305175781,3.6
00-0033288,2025,16,TE,George Kittle,SF,xgb,14.9350004196167,9.383000373840332,21.39699935913086,24.5
00-0033357,2025,16,TE,Taysom Hill,NO,xgb,1.5920000076293945,0.0,8.053999900817871,15.32
00-0033455,2025,16,TE,Anthony Firkser,DET,xgb,2.4760000705718994,0.0,8.937999725341797,8.0
00-0033576,2025,16,TE,Eric Saubert,SEA,xgb,1.3980000019073486,0.0,7.860000133514404,2.0
00-0033858,2025,16,TE,Jonnu Smith,PIT,xgb,4.01200008392334,0.0,10.473999977111816,2.8000000000000003
00-0033881,2025,16,TE,Evan Engram,DEN,xgb,7.751999855041504,2.200000047683716,14.21399974822998,5.6
00-0034159,2025,16,TE,Will Dissly,LAC,xgb,2.2149999141693115,0.0,8.677000045776367,5.800000000000001
00-0034351,2025,16,TE,Dallas Goedert,PHI,xgb,10.312000274658203,4.760000228881836,16.77400016784668,12.2
00-0034383,2025,16,TE,Dalton Schultz,HOU,xgb,11.91100025177002,6.359000205993652,18.37299919128418,14.5
00-0034613,2025,16,TE,Tanner Hudson,CIN,xgb,5.4770002365112305,0.0,11.939000129699707,1.4
00-0034753,2025,16,TE,Mark Andrews,BAL,xgb,6.436999797821045,0.8840000033378601,12.89900016784668,4.4
00-0034829,2025,16,TE,Mike Gesicki,CIN,xgb,6.168000221252441,0.6159999966621399,12.630000114440918,12.5
00-0034981,2025,16,TE,Foster Moreau,NO,xgb,2.7990000247955322,0.0,9.26099967956543,1.5
00-0035229,2025,16,TE,T.J. Hockenson,MIN,xgb,9.975000381469727,4.421999931335449,16.437000274658203,1.2
00-0035249,2025,16,TE,Josh Oliver,MIN,xgb,4.563000202178955,0.0,11.024999618530273,3.9000000000000004
00-0035631,2025,16,TE,Drew Sample,CIN,xgb,1.937000036239624,0.0,8.39900016784668,5.1
00-0035689,2025,16,TE,Dawson Knox,BUF,xgb,6.396999835968018,0.843999981880188,12.859000205993652,2.0
00-0036040,2025,16,TE,Juwan Johnson,NO,xgb,9.277000427246094,3.7249999046325684,15.73900032043457,16.9
00-0036244,2025,16,TE,Colby Parkinson,LA,xgb,9.993000030517578,4.440999984741211,16.454999923706055,4.1
00-0036290,2025,16,TE,Cole Kmet,CHI,xgb,4.7129998207092285,0.0,11.175000190734863,3.4000000000000004
00-0036332,2025,16,TE,Josiah Deguara,ARI,xgb,1.1649999618530273,0.0,7.625999927520752,0.0
00-0036422,2025,16,TE,Adam Trautman,DEN,xgb,4.247000217437744,0.0,10.708999633789062,3.4000000000000004
00-0036429,2025,16,TE,Charlie Woerner,ATL,xgb,3.384000062942505,0.0,9.845999717712402,1.3
00-0036534,2025,16,TE,Shane Zylstra,DET,xgb,3.7039999961853027,0.0,10.164999961853027,5.0
00-0036590,2025,16,TE,Quintin Morris,JAX,xgb,2.3959999084472656,0.0,8.857999801635742,1.5
00-0036628,2025,16,TE,John Bates,WAS,xgb,3.263000011444092,0.0,9.725000381469727,0.0
00-0036637,2025,16,TE,Noah Gray,KC,xgb,4.4039998054504395,0.0,10.866000175476074,0.0
00-0036741,2025,16,TE,Jack Stoll,NO,xgb,1.75,0.0,8.211999893188477,1.4
00-0036876,2025,16,TE,Kylen Granson,PHI,xgb,1.5379999876022339,0.0,8.0,0.0
00-0036887,2025,16,TE,Luke Farrell,SF,xgb,3.4630000591278076,0.0,9.925000190734863,0.0
00-0036894,2025,16,TE,Pat Freiermuth,PIT,xgb,6.807000160217285,1.2549999952316284,13.269000053405762,6.0
00-0036970,2025,16,TE,Kyle Pitts,ATL,xgb,13.02400016784668,7.4720001220703125,19.486000061035156,18.7
00-0037005,2025,16,TE,Tommy Tremble,CAR,xgb,5.196000099182129,0.0,11.657999992370605,1.6
00-0037112,2025,16,TE,Jake Tonges,SF,xgb,10.23900032043457,4.685999870300293,16.700000762939453,1.7000000000000002
00-0037252,2025,16,TE,Greg Dulcich,MIA,xgb,3.999000072479248,0.0,10.461000442504883,5.6000000000000005
00-0037292,2025,16,TE,Andrew Ogletree,IND,xgb,2.1110000610351562,0.0,8.572999954223633,2.1
00-0037306,2025,16,TE,John FitzPatrick,GB,xgb,3.1419999599456787,0.0,9.604000091552734,0.0
00-0037475,2025,16,TE,Stone Smartt,NYJ,xgb,1.2699999809265137,0.0,7.73199987411499,8.4
00-0037744,2025,16,TE,Trey McBride,ARI,xgb,15.52299976348877,9.970000267028809,21.985000610351562,6.7
00-0037755,2025,16,TE,Jelani Woods,NYJ,xgb,4.103000164031982,0.0,10.5649995803833,0.0
00-0037805,2025,16,TE,Jeremy Ruckert,NYJ,xgb,3.6710000038146973,0.0,10.133000373840332,3.4000000000000004
00-0037809,2025,16,TE,Chig Okonkwo,TEN,xgb,9.751999855041504,4.199999809265137,16.214000701904297,16.4
00-0037838,2025,16,TE,Isaiah Likely,BAL,xgb,4.818999767303467,0.0,11.281000137329102,0.0
00-0038041,2025,16,TE,Jake Ferguson,DAL,xgb,8.206000328063965,2.6530001163482666,14.668000221252441,4.9
00-0038046,2025,16,TE,Charlie Kolar,BAL,xgb,3.3389999866485596,0.0,9.800999641418457,2.8
00-0038129,2025,16,TE,Cade Otton,TB,xgb,11.07800006866455,5.526000022888184,17.540000915527344,3.5
00-0038558,2025,16,TE,Darnell Washington,PIT,xgb,6.10099983215332,0.5490000247955322,12.562999725341797,4.6
00-0038783,2025,16,TE,Nate Adkins,DEN,xgb,4.255000114440918,0.0,10.717000007629395,0.0
00-0038933,2025,16,TE,Dalton Kincaid,BUF,xgb,16.2189998626709,10.666999816894531,22.680999755859375,0.0
00-0038935,2025,16,TE,Brenton Strange,JAX,xgb,9.352999687194824,3.799999952316284,15.8149995803833,14.9
00-0039041,2025,16,TE,Elijah Higgins,ARI,xgb,3.312000036239624,0.0,9.77400016784668,16.1
00-0039066,2025,16,TE,Michael Mayer,LV,xgb,3.6510000228881836,0.0,10.11299991607666,2.0
00-0039074,2025,16,TE,Davis Allen,LA,xgb,5.309999942779541,0.0,11.772000312805176,5.4
00-0039144,2025,16,TE,Luke Musgrave,GB,xgb,6.459000110626221,0.9070000052452087,12.920999526977539,6.800000000000001
00-0039338,2025,16,TE,Brock Bowers,LV,xgb,8.505999565124512,2.953000068664551,14.968000411987305,14.3
00-0039356,2025,16,TE,Ja'Tavion Sanders,CAR,xgb,4.482999801635742,0.0,10.944999694824219,8.9
00-0039359,2025,16,TE,Cade Stover,HOU,xgb,3.5190000534057617,0.0,9.980999946594238,2.7
00-0039458,2025,16,TE,Brenden Bates,CLE,xgb,1.6139999628067017,0.0,8.076000213623047,0.0
00-0039530,2025,16,TE,Brevyn Spann-Ford,DAL,xgb,2.302000045776367,0.0,8.763999938964844,0.0
00-0039631,2025,16,TE,Cam Grandy,CIN,xgb,1.7979999780654907,0.0,8.260000228881836,1.1
00-0039648,2025,16,TE,David Martin-Robinson,TEN,xgb,1.315000057220459,0.0,7.7769999504089355,0.0
00-0039793,2025,16,TE,AJ Barner,SEA,xgb,10.02400016784668,4.4710001945495605,16.486000061035156,15.0
00-0039847,2025,16,TE,Theo Johnson,NYG,xgb,12.024999618530273,6.4720001220703125,18.486000061035156,0.0
00-0039912,2025,16,TE,Ben Sinnott,WAS,xgb,2.930000066757202,0.0,9.392000198364258,1.5
00-0040126,2025,16,TE,Colston Loveland,CHI,xgb,10.0,4.447000026702881,16.461999893188477,6.0
00-0040128,2025,16,TE,Tyler Warren,IND,xgb,13.559000015258789,8.006999969482422,20.020999908447266,6.0
00-0040187,2025,16,TE,Mitchell Evans,CAR,xgb,3.263000011444092,0.0,9.725000381469727,5.300000000000001
00-0040189,2025,16,TE,Oronde Gadsden II,LAC,xgb,8.569000244140625,3.0160000324249268,15.031000137329102,1.7000000000000002
00-0040194,2025,16,TE,Jackson Hawes,BUF,xgb,5.804999828338623,0.2529999911785126,12.267000198364258,4.6
00-0040488,2025,16,TE,Carter Runyon,LV,xgb,1.0180000066757202,0.0,7.480000019073486,0.0
00-0040584,2025,16,TE,Gunnar Helm,TEN,xgb,7.671999931335449,2.119999885559082,14.133999824523926,2.9
00-0040663,2025,16,TE,Harold Fannin Jr.,CLE,xgb,9.005000114440918,3.453000068664551,15.467000007629395,19.5
00-0040737,2025,16,TE,Terrance Ferguson,LA,xgb,3.321000099182129,0.0,9.782999992370605,12.3
00-0030506,2025,17,TE,Travis Kelce,KC,xgb,14.659000396728516,9.105999946594238,21.1200008392334,8.6
00-0031610,2025,17,TE,Darren Waller,MIA,xgb,9.913999557495117,4.361999988555908,16.375999450683594,1.0
00-0032392,2025,17,TE,Austin Hooper,NE,xgb,6.678999900817871,1.1269999742507935,13.140999794006348,9.1
00-0033090,2025,17,TE,Hunter Henry,NE,xgb,12.682000160217285,7.129000186920166,19.143999099731445,13.9
00-0033217,2025,17,TE,Mo Alie-Cox,IND,xgb,1.9570000171661377,0.0,8.418999671936035,11.0
00-0033246,2025,17,TE,Johnny Mundt,JAX,xgb,4.165999889373779,0.0,10.628000259399414,0.0
00-0033357,2025,17,TE,Taysom Hill,NO,xgb,7.25600004196167,1.7029999494552612,13.718000411987305,0.0
00-0033455,2025,17,TE,Anthony Firkser,DET,xgb,3.7699999809265137,0.0,10.232000350952148,0.0
00-0033576,2025,17,TE,Eric Saubert,SEA,xgb,1.3329999446868896,0.0,7.795000076293945,0.0
00-0033858,2025,17,TE,Jonnu Smith,PIT,xgb,5.461999893188477,0.0,11.923999786376953,7.7
00-0033881,2025,17,TE,Evan Engram,DEN,xgb,9.826000213623047,4.27400016784668,16.288000106811523,6.1
00-0034159,2025,17,TE,Will Dissly,LAC,xgb,4.132999897003174,0.0,10.595000267028809,3.9000000000000004
00-0034351,2025,17,TE,Dallas Goedert,PHI,xgb,10.513999938964844,4.960999965667725,16.97599983215332,9.8
00-0034383,2025,17,TE,Dalton Schultz,HOU,xgb,5.915999889373779,0.36399999260902405,12.378000259399414,4.9
00-0034613,2025,17,TE,Tanner Hudson,CIN,xgb,3.446000099182129,0.0,9.907999992370605,5.1
00-0034753,2025,17,TE,Mark Andrews,BAL,xgb,7.236000061035156,1.6829999685287476,13.696999549865723,6.800000000000001
00-0034798,2025,17,TE,Durham Smythe,CHI,xgb,2.128000020980835,0.0,8.59000015258789,2.1
00-0034829,2025,17,TE,Mike Gesicki,CIN,xgb,7.408999919891357,1.8559999465942383,13.871000289916992,6.7
00-0035249,2025,17,TE,Josh Oliver,MIN,xgb,3.259000062942505,0.0,9.720999717712402,1.8
00-0035631,2025,17,TE,Drew Sample,CIN,xgb,2.937999963760376,0.0,9.399999618530273,1.8
00-0035644,2025,17,TE,Noah Fant,CIN,xgb,8.425999641418457,2.872999906539917,14.887999534606934,0.0
00-0035689,2025,17,TE,Dawson Knox,BUF,xgb,5.480999946594238,0.0,11.942999839782715,8.0
00-0035956,2025,17,TE,Giovanni Ricci,DET,xgb,0.7120000123977661,0.0,7.173999786376953,0.0
00-0036040,2025,17,TE,Juwan Johnson,NO,xgb,11.022000312805176,5.46999979019165,17.483999252319336,13.5
00-0036244,2025,17,TE,Colby Parkinson,LA,xgb,8.223999977111816,2.6710000038146973,14.6850004196167,11.3
00-0036290,2025,17,TE,Cole Kmet,CHI,xgb,4.7179999351501465,0.0,11.180000305175781,3.6
00-0036332,2025,17,TE,Josiah Deguara,ARI,xgb,1.4529999494552612,0.0,7.914999961853027,0.0
00-0036422,2025,17,TE,Adam Trautman,DEN,xgb,4.616000175476074,0.0,11.07800006866455,4.4
00-0036429,2025,17,TE,Charlie Woerner,ATL,xgb,3.63700008392334,0.0,10.098999977111816,0.0
00-0036590,2025,17,TE,Quintin Morris,JAX,xgb,2.507999897003174,0.0,8.970000267028809,0.0
00-0036637,2025,17,TE,Noah Gray,KC,xgb,4.211999893188477,0.0,10.673999786376953,1.2
00-0036876,2025,17,TE,Kylen Granson,PHI,xgb,1.0160000324249268,0.0,7.478000164031982,0.0
00-0036894,2025,17,TE,Pat Freiermuth,PIT,xgb,5.256999969482422,0.0,11.718999862670898,9.3
00-0036970,2025,17,TE,Kyle Pitts,ATL,xgb,12.079000473022461,6.526000022888184,18.541000366210938,3.6
00-0037005,2025,17,TE,Tommy Tremble,CAR,xgb,4.571000099182129,0.0,11.032999992370605,1.6
00-0037086,2025,17,TE,Grant Calcaterra,PHI,xgb,3.2699999809265137,0.0,9.732000350952148,1.3
00-0037112,2025,17,TE,Jake Tonges,SF,xgb,5.934000015258789,0.38100001215934753,12.395999908447266,19.0
00-0037252,2025,17,TE,Greg Dulcich,MIA,xgb,4.848999977111816,0.0,11.310999870300293,16.1
00-0037277,2025,17,TE,Teagan Quitoriano,ATL,xgb,2.315999984741211,0.0,8.777999877929688,0.0
00-0037475,2025,17,TE,Stone Smartt,NYJ,xgb,6.684999942779541,1.1319999694824219,13.145999908447266,3.8
00-0037744,2025,17,TE,Trey McBride,ARI,xgb,22.58799934387207,17.03499984741211,29.049999237060547,23.6
00-0037755,2025,17,TE,Jelani Woods,NYJ,xgb,4.822000026702881,0.0,11.284000396728516,1.4
00-0037805,2025,17,TE,Jeremy Ruckert,NYJ,xgb,6.251999855041504,0.6990000009536743,12.71399974822998,1.2
00-0037809,2025,17,TE,Chig Okonkwo,TEN,xgb,8.682999610900879,3.13100004196167,15.145000457763672,14.5
00-0037838,2025,17,TE,Isaiah Likely,BAL,xgb,6.150000095367432,0.597000002861023,12.611000061035156,5.7
00-0038041,2025,17,TE,Jake Ferguson,DAL,xgb,8.755000114440918,3.2019999027252197,15.217000007629395,7.6
00-0038046,2025,17,TE,Charlie Kolar,BAL,xgb,3.5490000247955322,0.0,10.01099967956543,0.0
00-0038115,2025,17,TE,Daniel Bellinger,NYG,xgb,4.353000164031982,0.0,10.8149995803833,3.1
00-0038129,2025,17,TE,Cade Otton,TB,xgb,7.0,1.4470000267028809,13.461999893188477,7.300000000000001
00-0038394,2025,17,TE,Will Mallory,IND,xgb,1.875,0.0,8.336999893188477,2.6
00-0038547,2025,17,TE,Luke Schoonmaker,DAL,xgb,2.8489999771118164,0.0,9.310999870300293,3.5
00-0038558,2025,17,TE,Darnell Washington,PIT,xgb,5.190999984741211,0.0,11.652999877929688,3.5
00-0038589,2025,17,TE,Josh Whyle,GB,xgb,4.936999797821045,0.0,11.39900016784668,1.8
00-0038643,2025,17,TE,Brayden Willis,SF,xgb,1.0670000314712524,0.0,7.5289998054504395,0.0
00-0038710,2025,17,TE,Blake Whiteheart,CLE,xgb,1.2740000486373901,0.0,7.736000061035156,0.0
00-0038720,2025,17,TE,Julian Hill,MIA,xgb,2.9809999465942383,0.0,9.442999839782715,2.6
00-0038809,2025,17,TE,Ben Sims,MIN,xgb,2.4489998817443848,0.0,8.91100025177002,1.3
00-0038935,2025,17,TE,Brenton Strange,JAX,xgb,14.201000213623047,8.64799976348877,20.663000106811523,8.4
00-0039041,2025,17,TE,Elijah Higgins,ARI,xgb,4.86299991607666,0.0,11.324999809265137,0.0
00-0039066,2025,17,TE,Michael Mayer,LV,xgb,3.884000062942505,0.0,10.345999717712402,17.9
00-0039458,2025,17,TE,Brenden Bates,CLE,xgb,1.6440000534057617,0.0,8.105999946594238,2.9000000000000004
00-0039530,2025,17,TE,Brevyn Spann-Ford,DAL,xgb,2.1659998893737793,0.0,8.628000259399414,4.1
00-0039648,2025,17,TE,David Martin-Robinson,TEN,xgb,1.315000057220459,0.0,7.7769999504089355,1.9
00-0039793,2025,17,TE,AJ Barner,SEA,xgb,7.482999801635742,1.930999994277954,13.944999694824219,13.3
00-0039912,2025,17,TE,Ben Sinnott,WAS,xgb,4.257999897003174,0.0,10.720000267028809,5.9
00-0040126,2025,17,TE,Colston Loveland,CHI,xgb,8.48799991607666,2.934999942779541,14.949999809265137,21.4
00-0040128,2025,17,TE,Tyler Warren,IND,xgb,12.496000289916992,6.943999767303467,18.95800018310547,9.3
00-0040187,2025,17,TE,Mitchell Evans,CAR,xgb,3.117000102996826,0.0,9.579000473022461,1.6
00-0040189,2025,17,TE,Oronde Gadsden II,LAC,xgb,8.454999923706055,2.9030001163482666,14.916999816894531,12.2
00-0040363,2025,17,TE,Keleki Latu,BUF,xgb,1.9290000200271606,0.0,8.390999794006348,0.0
00-0040584,2025,17,TE,Gunnar Helm,TEN,xgb,7.3520002365112305,1.7990000247955322,13.814000129699707,1.1
00-0040663,2025,17,TE,Harold Fannin Jr.,CLE,xgb,10.29699993133545,4.744999885559082,16.759000778198242,11.0
00-0040737,2025,17,TE,Terrance Ferguson,LA,xgb,6.448999881744385,0.8960000276565552,12.91100025177002,13.4
00-0030506,2025,18,TE,Travis Kelce,KC,xgb,10.907999992370605,5.355000019073486,17.3700008392334,4.2
00-0031484,2025,18,TE,Chris Manhertz,NYG,xgb,1.1349999904632568,0.0,7.5970001220703125,0.0
00-0032392,2025,18,TE,Austin Hooper,NE,xgb,4.109000205993652,0.0,10.571000099182129,1.5
00-0033090,2025,18,TE,Hunter Henry,NE,xgb,9.536999702453613,3.984999895095825,15.99899959564209,10.600000000000001
00-0033110,2025,18,TE,Tyler Higbee,LA,xgb,4.681000232696533,0.0,11.142999649047852,20.1
00-0033217,2025,18,TE,Mo Alie-Cox,IND,xgb,5.005000114440918,0.0,11.465999603271484,5.2
00-0033246,2025,18,TE,Johnny Mundt,JAX,xgb,4.370999813079834,0.0,10.833000183105469,2.6
00-0033288,2025,18,TE,George Kittle,SF,xgb,10.951000213623047,5.39900016784668,17.413000106811523,7.9
00-0033357,2025,18,TE,Taysom Hill,NO,xgb,4.189000129699707,0.0,10.651000022888184,6.2
00-0033439,2025,18,TE,Pharaoh Brown,ARI,xgb,1.1390000581741333,0.0,7.60099983215332,0.0
00-0033455,2025,18,TE,Anthony Firkser,DET,xgb,3.61299991607666,0.0,10.074999809265137,2.2
00-0033576,2025,18,TE,Eric Saubert,SEA,xgb,1.9160000085830688,0.0,8.378000259399414,3.0
00-0033858,2025,18,TE,Jonnu Smith,PIT,xgb,5.784999847412109,0.23199999332427979,12.246999740600586,1.4
00-0033881,2025,18,TE,Evan Engram,DEN,xgb,7.6519999504089355,2.0989999771118164,14.11299991607666,7.5
00-0034159,2025,18,TE,Will Dissly,LAC,xgb,4.3520002365112305,0.0,10.814000129699707,1.6
00-0034270,2025,18,TE,Tyler Conklin,LAC,xgb,4.427000045776367,0.0,10.888999938964844,1.6
00-0034383,2025,18,TE,Dalton Schultz,HOU,xgb,7.635000228881836,2.0829999446868896,14.097000122070312,11.3
00-0034753,2025,18,TE,Mark Andrews,BAL,xgb,6.991000175476074,1.437999963760376,13.45300006866455,3.4000000000000004
00-0034798,2025,18,TE,Durham Smythe,CHI,xgb,2.5420000553131104,0.0,9.003000259399414,0.0
00-0034829,2025,18,TE,Mike Gesicki,CIN,xgb,6.001999855041504,0.44999998807907104,12.46399974822998,3.3
00-0035249,2025,18,TE,Josh Oliver,MIN,xgb,4.748000144958496,0.0,11.210000038146973,4.9
00-0035631,2025,18,TE,Drew Sample,CIN,xgb,3.8529999256134033,0.0,10.3149995803833,4.7
00-0035644,2025,18,TE,Noah Fant,CIN,xgb,4.334000110626221,0.0,10.795999526977539,-0.5
00-0035689,2025,18,TE,Dawson Knox,BUF,xgb,8.168999671936035,2.617000102996826,14.630999565124512,10.4
00-0036040,2025,18,TE,Juwan Johnson,NO,xgb,9.140999794006348,3.5889999866485596,15.602999687194824,7.1000000000000005
00-0036244,2025,18,TE,Colby Parkinson,LA,xgb,9.562999725341797,4.011000156402588,16.024999618530273,19.6
00-0036290,2025,18,TE,Cole Kmet,CHI,xgb,5.190999984741211,0.0,11.652999877929688,5.6
00-0036332,2025,18,TE,Josiah Deguara,ARI,xgb,1.0679999589920044,0.0,7.53000020980835,9.5
00-0036590,2025,18,TE,Quintin Morris,JAX,xgb,2.13100004196167,0.0,8.593000411987305,7.5
00-0036628,2025,18,TE,John Bates,WAS,xgb,2.7839999198913574,0.0,9.246000289916992,9.3
00-0036637,2025,18,TE,Noah Gray,KC,xgb,4.078999996185303,0.0,10.539999961853027,6.0
00-0036825,2025,18,TE,Feleipe Franks,ATL,xgb,1.0369999408721924,0.0,7.499000072479248,0.0
00-0036876,2025,18,TE,Kylen Granson,PHI,xgb,1.0160000324249268,0.0,7.478000164031982,7.0
00-0036894,2025,18,TE,Pat Freiermuth,PIT,xgb,5.949999809265137,0.39800000190734863,12.411999702453613,8.100000000000001
00-0036970,2025,18,TE,Kyle Pitts,ATL,xgb,6.931000232696533,1.378000020980835,13.392000198364258,11.8
00-0037005,2025,18,TE,Tommy Tremble,CAR,xgb,3.757999897003174,0.0,10.220000267028809,12.8
00-0037015,2025,18,TE,Sal Cannella,CLE,xgb,6.9720001220703125,1.4190000295639038,13.434000015258789,0.0
00-0037031,2025,18,TE,Nikola Kalinic,CHI,xgb,0.9710000157356262,0.0,7.433000087738037,0.0
00-0037086,2025,18,TE,Grant Calcaterra,PHI,xgb,2.4140000343322754,0.0,8.87600040435791,10.1
00-0037252,2025,18,TE,Greg Dulcich,MIA,xgb,6.394999980926514,0.8420000076293945,12.855999946594238,6.1
00-0037744,2025,18,TE,Trey McBride,ARI,xgb,15.423999786376953,9.871999740600586,21.88599967956543,13.5
00-0037809,2025,18,TE,Chig Okonkwo,TEN,xgb,10.83899974822998,5.2870001792907715,17.301000595092773,2.2
00-0037838,2025,18,TE,Isaiah Likely,BAL,xgb,6.421000003814697,0.8690000176429749,12.883000373840332,5.2
00-0038041,2025,18,TE,Jake Ferguson,DAL,xgb,10.185999870300293,4.633999824523926,16.648000717163086,1.5
00-0038115,2025,18,TE,Daniel Bellinger,NYG,xgb,4.190000057220459,0.0,10.652000427246094,11.8
00-0038129,2025,18,TE,Cade Otton,TB,xgb,5.693999767303467,0.1420000046491623,12.156000137329102,22.4
00-0038547,2025,18,TE,Luke Schoonmaker,DAL,xgb,3.4570000171661377,0.0,9.918999671936035,2.2
00-0038564,2025,18,TE,Cameron Latu,PHI,xgb,1.0369999408721924,0.0,7.499000072479248,0.0
00-0038589,2025,18,TE,Josh Whyle,GB,xgb,3.755000114440918,0.0,10.217000007629395,1.4
00-0038710,2025,18,TE,Blake Whiteheart,CLE,xgb,1.1610000133514404,0.0,7.623000144958496,0.0
00-0038720,2025,18,TE,Julian Hill,MIA,xgb,3.861999988555908,0.0,10.324000358581543,1.8
00-0038809,2025,18,TE,Ben Sims,MIN,xgb,1.6549999713897705,0.0,8.116999626159668,2.8
00-0038933,2025,18,TE,Dalton Kincaid,BUF,xgb,11.593999862670898,6.041999816894531,18.055999755859375,7.800000000000001
00-0038935,2025,18,TE,Brenton Strange,JAX,xgb,9.663000106811523,4.110000133514404,16.125,17.2
00-0039041,2025,18,TE,Elijah Higgins,ARI,xgb,3.7179999351501465,0.0,10.180000305175781,5.800000000000001
00-0039050,2025,18,TE,Payne Durham,TB,xgb,1.3489999771118164,0.0,7.810999870300293,0.0
00-0039066,2025,18,TE,Michael Mayer,LV,xgb,5.327000141143799,0.0,11.788999557495117,7.7
00-0039074,2025,18,TE,Davis Allen,LA,xgb,3.7170000076293945,0.0,10.178999900817871,0.0
00-0039305,2025,18,TE,Jack Westover,NE,xgb,1.0140000581741333,0.0,7.47599983215332,1.0
00-0039359,2025,18,TE,Cade Stover,HOU,xgb,4.585000038146973,0.0,11.04699993133545,1.9
00-0039458,2025,18,TE,Brenden Bates,CLE,xgb,2.5769999027252197,0.0,9.038999557495117,1.6
00-0039530,2025,18,TE,Brevyn Spann-Ford,DAL,xgb,1.684000015258789,0.0,8.145999908447266,5.0
00-0039648,2025,18,TE,David Martin-Robinson,TEN,xgb,1.3799999952316284,0.0,7.8420000076293945,2.4000000000000004
00-0039793,2025,18,TE,AJ Barner,SEA,xgb,9.236000061035156,3.684000015258789,15.697999954223633,3.4000000000000004
00-0039824,2025,18,TE,Jared Wiley,KC,xgb,3.0160000324249268,0.0,9.477999687194824,0.0
00-0039912,2025,18,TE,Ben Sinnott,WAS,xgb,5.565999984741211,0.014000000432133675,12.027999877929688,2.3
00-0040126,2025,18,TE,Colston Loveland,CHI,xgb,10.088000297546387,4.535999774932861,16.549999237060547,25.1
00-0040128,2025,18,TE,Tyler Warren,IND,xgb,9.37600040435791,3.822999954223633,15.838000297546387,7.6
00-0040187,2025,18,TE,Mitchell Evans,CAR,xgb,3.1679999828338623,0.0,9.630000114440918,1.5
00-0040189,2025,18,TE,Oronde Gadsden II,LAC,xgb,9.920000076293945,4.368000030517578,16.381999969482422,4.300000000000001
00-0040194,2025,18,TE,Jackson Hawes,BUF,xgb,4.558000087738037,0.0,11.020000457763672,1.0
00-0040363,2025,18,TE,Keleki Latu,BUF,xgb,1.2289999723434448,0.0,7.690000057220459,6.1
00-0040509,2025,18,TE,Ben Yurosek,MIN,xgb,1.062999963760376,0.0,7.525000095367432,1.9
00-0030035,2025,1,WR,Adam Thielen,MIN,xgb,12.907999992370605,6.301000118255615,21.006000518798828,2.0
00-0030279,2025,1,WR,Keenan Allen,LAC,xgb,13.515000343322754,6.9079999923706055,21.613000869750977,19.8
00-0030564,2025,1,WR,DeAndre Hopkins,BAL,xgb,10.758999824523926,4.1519999504089355,18.857999801635742,11.5
00-0031236,2025,1,WR,Brandin Cooks,NO,xgb,8.303000450134277,1.6959999799728394,16.400999069213867,5.6
00-0031381,2025,1,WR,Davante Adams,LA,xgb,18.466999053955078,11.859999656677246,26.565000534057617,9.100000000000001
00-0031408,2025,1,WR,Mike Evans,TB,xgb,16.80699920654297,10.201000213623047,24.9060001373291,10.100000000000001
00-0031588,2025,1,WR,Stefon Diggs,NE,xgb,11.805000305175781,5.197999954223633,19.902999877929688,11.7
00-0031763,2025,1,WR,DeAndre Carter,CLE,xgb,1.371999979019165,0.0,9.470999717712402,0.0
00-0032211,2025,1,WR,Tyler Lockett,TEN,xgb,4.748000144958496,0.0,12.845999717712402,0.0
00-0032385,2025,1,WR,Sterling Shepard,TB,xgb,4.651000022888184,0.0,12.74899959564209,6.9
00-0032398,2025,1,WR,Chris Moore,WAS,xgb,5.131999969482422,0.0,13.229999542236328,4.4
00-0032464,2025,1,WR,Kalif Raymond,DET,xgb,3.194000005722046,0.0,11.291999816894531,3.6
00-0033040,2025,1,WR,Tyreek Hill,MIA,xgb,14.927000045776367,8.319999694824219,23.024999618530273,8.0
00-0033555,2025,1,WR,Mack Hollins,NE,xgb,5.698999881744385,0.0,13.79699993133545,1.3
00-0033572,2025,1,WR,Jamal Agnew,ATL,xgb,6.609000205993652,0.003000000026077032,14.708000183105469,0.0
00-0033589,2025,1,WR,David Moore,CAR,xgb,5.004000186920166,0.0,13.10200023651123,0.0
00-0033591,2025,1,WR,Noah Brown,WAS,xgb,9.529999732971191,2.9230000972747803,17.628999710083008,4.7
00-0033857,2025,1,WR,JuJu Smith-Schuster,KC,xgb,5.079999923706055,0.0,13.178000450134277,10.5
00-0033891,2025,1,WR,Zay Jones,ARI,xgb,4.663000106811523,0.0,12.76099967956543,1.4
00-0033908,2025,1,WR,Cooper Kupp,SEA,xgb,6.446000099182129,0.0,14.543999671936035,3.5
00-0033943,2025,1,WR,Josh Reynolds,NYJ,xgb,3.5450000762939453,0.0,11.644000053405762,3.8
00-0034348,2025,1,WR,Courtland Sutton,DEN,xgb,12.991999626159668,6.386000156402588,21.090999603271484,18.1
00-0034386,2025,1,WR,Justin Watson,HOU,xgb,5.361999988555908,0.0,13.460000038146973,4.7
00-0034407,2025,1,WR,Ray-Ray McCloud,ATL,xgb,11.083999633789062,4.4770002365112305,19.18199920654297,8.100000000000001
00-0034487,2025,1,WR,Trent Sherfield,DEN,xgb,1.5529999732971191,0.0,9.651000022888184,1.3
00-0034827,2025,1,WR,DJ Moore,CHI,xgb,13.07800006866455,6.4710001945495605,21.176000595092773,10.600000000000001
00-0034837,2025,1,WR,Calvin Ridley,TEN,xgb,11.654000282287598,5.046999931335449,19.75200080871582,6.7
00-0034854,2025,1,WR,KhaDarel Hodge,ATL,xgb,5.454999923706055,0.0,13.553999900817871,0.0
00-0034960,2025,1,WR,Jakobi Meyers,LV,xgb,7.916999816894531,1.309999942779541,16.014999389648438,17.700000000000003
00-0034983,2025,1,WR,Hunter Renfrow,CAR,xgb,6.644000053405762,0.03700000047683716,14.741999626159668,3.1
00-0035021,2025,1,WR,Ashton Dulin,IND,xgb,2.1730000972747803,0.0,10.272000312805176,1.5
00-0035208,2025,1,WR,Olamide Zaccheaus,CHI,xgb,15.199999809265137,8.593000411987305,23.29800033569336,8.2
00-0035500,2025,1,WR,Greg Dortch,ARI,xgb,5.7870001792907715,0.0,13.885000228881836,0.8
00-0035535,2025,1,WR,Darius Slayton,NYG,xgb,5.4629998207092285,0.0,13.560999870300293,0.0
00-0035602,2025,1,WR,Alex Bachman,LV,xgb,2.4539999961853027,0.0,10.553000450134277,0.0
00-0035640,2025,1,WR,DK Metcalf,PIT,xgb,8.548999786376953,1.9420000314712524,16.648000717163086,12.3
00-0035645,2025,1,WR,Gunner Olszewski,NYG,xgb,1.5119999647140503,0.0,9.611000061035156,0.0
00-0035659,2025,1,WR,Terry McLaurin,WAS,xgb,12.602999687194824,5.995999813079834,20.701000213623047,4.7
00-0035662,2025,1,WR,Marquise Brown,KC,xgb,10.512999534606934,3.9059998989105225,18.611000061035156,19.9
00-0035676,2025,1,WR,A.J. Brown,PHI,xgb,17.81100082397461,11.204000473022461,25.909000396728516,1.8
00-0035719,2025,1,WR,Deebo Samuel Sr.,WAS,xgb,6.929999828338623,0.3230000138282776,15.027999877929688,22.6
00-0035891,2025,1,WR,Cody White,SEA,xgb,3.188999891281128,0.0,11.286999702453613,0.0
00-0036182,2025,1,WR,Nick Westbrook-Ikhine,MIA,xgb,5.986000061035156,0.0,14.085000038146973,1.7000000000000002
00-0036252,2025,1,WR,Michael Pittman,IND,xgb,11.84000015258789,5.232999801635742,19.937999725341797,20.0
00-0036259,2025,1,WR,Jauan Jennings,SF,xgb,14.01099967956543,7.4039998054504395,22.108999252319336,3.6
00-0036322,2025,1,WR,Justin Jefferson,MIN,xgb,15.045000076293945,8.439000129699707,23.143999099731445,14.8
00-0036331,2025,1,WR,Devin Duvernay,CHI,xgb,5.5,0.0,13.597999572753906,0.0
00-0036358,2025,1,WR,CeeDee Lamb,DAL,xgb,14.770000457763672,8.163000106811523,22.868999481201172,18.0
00-0036407,2025,1,WR,Jerry Jeudy,CLE,xgb,15.579999923706055,8.972999572753906,23.67799949645996,11.600000000000001
00-0036410,2025,1,WR,Tee Higgins,CIN,xgb,14.661999702453613,8.055000305175781,22.760000228881836,6.300000000000001
00-0036427,2025,1,WR,Tyler Johnson,NYJ,xgb,5.267000198364258,0.0,13.364999771118164,5.1
00-0036550,2025,1,WR,Rashod Bateman,BAL,xgb,3.1540000438690186,0.0,11.253000259399414,3.0
00-0036554,2025,1,WR,Nico Collins,HOU,xgb,13.996999740600586,7.389999866485596,22.094999313354492,5.5
00-0036613,2025,1,WR,Jaylen Waddle,MIA,xgb,13.506999969482422,6.900000095367432,21.606000900268555,7.0
00-0036620,2025,1,WR,Dee Eskridge,MIA,xgb,2.132999897003174,0.0,10.230999946594238,1.9
00-0036626,2025,1,WR,Dyami Brown,JAX,xgb,5.876999855041504,0.0,13.97599983215332,8.8
00-0036630,2025,1,WR,Tylan Wallace,BAL,xgb,2.88700008392334,0.0,10.984999656677246,0.0
00-0036849,2025,1,WR,Tutu Atwell,LA,xgb,3.8940000534057617,0.0,11.991999626159668,1.4
00-0036862,2025,1,WR,Ben Skowronek,PIT,xgb,3.003999948501587,0.0,11.102999687194824,9.2
00-0036900,2025,1,WR,Ja'Marr Chase,CIN,xgb,22.030000686645508,15.42300033569336,30.128000259399414,4.6
00-0036912,2025,1,WR,DeVonta Smith,PHI,xgb,18.302000045776367,11.694999694824219,26.399999618530273,4.6
00-0036963,2025,1,WR,Amon-Ra St. Brown,DET,xgb,14.187000274658203,7.579999923706055,22.28499984741211,8.5
00-0036980,2025,1,WR,Elijah Moore,BUF,xgb,7.252999782562256,0.6460000276565552,15.35099983215332,2.1
00-0036988,2025,1,WR,Josh Palmer,BUF,xgb,8.883999824523926,2.2769999504089355,16.98200035095215,11.100000000000001
00-0037091,2025,1,WR,Bo Melton,GB,xgb,4.1020002365112305,0.0,12.199999809265137,0.0
00-0037238,2025,1,WR,Drake London,ATL,xgb,9.732999801635742,3.125999927520752,17.83099937438965,13.5
00-0037239,2025,1,WR,Chris Olave,NO,xgb,8.536999702453613,1.9299999475479126,16.635000228881836,12.4
00-0037240,2025,1,WR,Jameson Williams,DET,xgb,11.406000137329102,4.798999786376953,19.5049991607666,6.6
00-0037247,2025,1,WR,George Pickens,DAL,xgb,11.33899974822998,4.73199987411499,19.437999725341797,6.0
00-0037261,2025,1,WR,Khalil Shakir,BUF,xgb,9.057999610900879,2.4509999752044678,17.1560001373291,12.4
00-0037291,2025,1,WR,Jalen Nailor,MIN,xgb,5.300000190734863,0.0,13.39799976348877,3.8000000000000003
00-0037545,2025,1,WR,Rashid Shaheed,NO,xgb,11.833999633789062,5.2270002365112305,19.93199920654297,9.3
00-0037614,2025,1,WR,John Metchie III,PHI,xgb,6.081999778747559,0.0,14.180000305175781,0.0
00-0037664,2025,1,WR,Alec Pierce,IND,xgb,10.013999938964844,3.4070000648498535,18.11199951171875,4.6
00-0037666,2025,1,WR,Jalen Tolbert,DAL,xgb,6.183000087738037,0.0,14.281999588012695,1.0
00-0037740,2025,1,WR,Garrett Wilson,NYJ,xgb,14.640000343322754,8.032999992370605,22.73900032043457,22.5
00-0037741,2025,1,WR,Jahan Dotson,PHI,xgb,5.077000141143799,0.0,13.175000190734863,8.9
00-0037745,2025,1,WR,Velus Jones Jr.,NO,xgb,1.7309999465942383,0.0,9.829000473022461,0.0
00-0037801,2025,1,WR,KaVontae Turpin,DAL,xgb,4.888999938964844,0.0,12.987000465393066,4.7
00-0037816,2025,1,WR,Romeo Doubs,GB,xgb,13.194000244140625,6.586999893188477,21.292999267578125,8.8
00-0037837,2025,1,WR,Calvin Austin III,PIT,xgb,5.668000221252441,0.0,13.767000198364258,17.0
00-0038090,2025,1,WR,Skyy Moore,SF,xgb,2.5940001010894775,0.0,10.692999839782715,0.0
00-0038104,2025,1,WR,Tyquan Thornton,KC,xgb,4.952000141143799,0.0,13.050999641418457,6.1000000000000005
00-0038117,2025,1,WR,Wan'Dale Robinson,NYG,xgb,13.782999992370605,7.177000045776367,21.881999969482422,11.5
00-0038359,2025,1,WR,Xavier Smith,LA,xgb,1.371999979019165,0.0,9.470999717712402,4.6
00-0038393,2025,1,WR,Dontayvion Wicks,GB,xgb,5.715000152587891,0.0,13.812999725341797,5.0
00-0038492,2025,1,WR,Jason Brownlee,KC,xgb,3.7300000190734863,0.0,11.829000473022461,0.0
00-0038496,2025,1,WR,Xavier Gipson,NYJ,xgb,1.371999979019165,0.0,9.470999717712402,0.0
00-0038519,2025,1,WR,Nikko Remigio,KC,xgb,4.160999774932861,0.0,12.258999824523926,0.0
00-0038543,2025,1,WR,Jaxon Smith-Njigba,SEA,xgb,15.151000022888184,8.543999671936035,23.249000549316406,19.4
00-0038544,2025,1,WR,Quentin Johnston,LAC,xgb,7.330999851226807,0.7239999771118164,15.428999900817871,24.9
00-0038559,2025,1,WR,Michael Wilson,ARI,xgb,6.906000137329102,0.29899999499320984,15.005000114440918,1.5
00-0038563,2025,1,WR,Tre Tucker,LV,xgb,6.303999900817871,0.0,14.402000427246094,13.4
00-0038573,2025,1,WR,Derius Davis,LAC,xgb,4.038000106811523,0.0,12.13700008392334,0.30000000000000004
00-0038576,2025,1,WR,Charlie Jones,CIN,xgb,1.5119999647140503,0.0,9.611000061035156,0.0
00-0038606,2025,1,WR,Parker Washington,JAX,xgb,4.925000190734863,0.0,13.02299976348877,0.0
00-0038608,2025,1,WR,Kayshon Boutte,NE,xgb,10.836000442504883,4.229000091552734,18.93400001525879,16.3
00-0038618,2025,1,WR,Xavier Hutchinson,HOU,xgb,3.953000068664551,0.0,12.052000045776367,5.5
00-0038621,2025,1,WR,DeMario Douglas,NE,xgb,4.193999767303467,0.0,12.291999816894531,8.2
00-0038824,2025,1,WR,Ryan Miller,TB,xgb,3.609999895095825,0.0,11.708000183105469,0.0
00-0038840,2025,1,WR,Brycen Tremayne,CAR,xgb,1.7690000534057617,0.0,9.866999626159668,0.0
00-0038976,2025,1,WR,Marvin Mims Jr.,DEN,xgb,9.428000450134277,2.821000099182129,17.525999069213867,4.2
00-0038979,2025,1,WR,Cedric Tillman,CLE,xgb,11.527000427246094,4.920000076293945,19.625,16.2
00-0038997,2025,1,WR,Josh Downs,IND,xgb,6.451000213623047,0.0,14.548999786376953,3.2
00-0039064,2025,1,WR,Zay Flowers,BAL,xgb,9.581000328063965,2.9739999771118164,17.679000854492188,28.1
00-0039075,2025,1,WR,Puka Nacua,LA,xgb,13.041999816894531,6.434999942779541,21.139999389648438,23.1
00-0039146,2025,1,WR,Jayden Reed,GB,xgb,5.089000225067139,0.0,13.187999725341797,13.5
00-0039337,2025,1,WR,Malik Nabers,NYG,xgb,22.27199935913086,15.664999961853027,30.3700008392334,12.100000000000001
00-0039342,2025,1,WR,Xavier Legette,CAR,xgb,10.515999794006348,3.9089999198913574,18.61400032043457,4.0
00-0039355,2025,1,WR,Luke McCaffrey,WAS,xgb,2.7690000534057617,0.0,10.868000030517578,0.0
00-0039379,2025,1,WR,Jamari Thrash,CLE,xgb,2.6619999408721924,0.0,10.76099967956543,1.6
00-0039394,2025,1,WR,Casey Washington,ATL,xgb,3.140000104904175,0.0,11.23900032043457,6.300000000000001
00-0039424,2025,1,WR,Devaughn Vele,NO,xgb,4.36899995803833,0.0,12.468000411987305,2.3
00-0039589,2025,1,WR,Kameron Johnson,TB,xgb,1.5119999647140503,0.0,9.611000061035156,0.0
00-0039650,2025,1,WR,Bryce Oliver,TEN,xgb,3.6029999256134033,0.0,11.701000213623047,1.8
00-0039751,2025,1,WR,Jordan Whittington,LA,xgb,4.513000011444092,0.0,12.612000465393066,0.5
00-0039816,2025,1,WR,Anthony Gould,IND,xgb,1.8739999532699585,0.0,9.972999572753906,0.0
00-0039849,2025,1,WR,Marvin Harrison Jr.,ARI,xgb,10.38599967956543,3.7790000438690186,18.483999252319336,18.1
00-0039868,2025,1,WR,Troy Franklin,DEN,xgb,5.876999855041504,0.0,13.975000381469727,8.4
00-0039880,2025,1,WR,Malik Washington,MIA,xgb,5.235000133514404,0.0,13.333000183105469,4.9
00-0039890,2025,1,WR,Adonai Mitchell,IND,xgb,4.044000148773193,0.0,12.142000198364258,4.1
00-0039893,2025,1,WR,Brian Thomas Jr.,JAX,xgb,19.676000595092773,13.069000244140625,27.774999618530273,9.0
00-0039894,2025,1,WR,Xavier Worthy,KC,xgb,13.76200008392334,7.15500020980835,21.860000610351562,0.0
00-0039901,2025,1,WR,Keon Coleman,BUF,xgb,9.473999977111816,2.867000102996826,17.572999954223633,25.200000000000003
00-0039915,2025,1,WR,Ladd McConkey,LAC,xgb,10.472999572753906,3.865999937057495,18.57200050354004,13.4
00-0039916,2025,1,WR,Ricky Pearsall,SF,xgb,12.395999908447266,5.789000034332275,20.4950008392334,14.8
00-0039919,2025,1,WR,Rome Odunze,CHI,xgb,7.613999843597412,1.0069999694824219,15.713000297546387,15.7
00-0030035,2025,2,WR,Adam Thielen,MIN,xgb,6.201000213623047,0.0,14.298999786376953,4.6
00-0030279,2025,2,WR,Keenan Allen,LAC,xgb,20.732999801635742,14.126999855041504,28.832000732421875,17.1
00-0030564,2025,2,WR,DeAndre Hopkins,BAL,xgb,7.724999904632568,1.1180000305175781,15.824000358581543,14.4
00-0031236,2025,2,WR,Brandin Cooks,NO,xgb,6.789999961853027,0.18299999833106995,14.887999534606934,4.6
00-0031381,2025,2,WR,Davante Adams,LA,xgb,19.12700080871582,12.520000457763672,27.225000381469727,22.6
00-0031408,2025,2,WR,Mike Evans,TB,xgb,15.048999786376953,8.442000389099121,23.14699935913086,10.600000000000001
00-0031588,2025,2,WR,Stefon Diggs,NE,xgb,14.336000442504883,7.729000091552734,22.434999465942383,7.2
00-0031763,2025,2,WR,DeAndre Carter,CLE,xgb,1.6410000324249268,0.0,9.73900032043457,0.0
00-0032211,2025,2,WR,Tyler Lockett,TEN,xgb,3.4149999618530273,0.0,11.513999938964844,2.9
00-0032385,2025,2,WR,Sterling Shepard,TB,xgb,8.248000144958496,1.6410000324249268,16.34600067138672,7.4
00-0032464,2025,2,WR,Kalif Raymond,DET,xgb,4.869999885559082,0.0,12.968000411987305,3.3000000000000003
00-0033040,2025,2,WR,Tyreek Hill,MIA,xgb,9.807999610900879,3.2009999752044678,17.9060001373291,16.9
00-0033307,2025,2,WR,Kendrick Bourne,SF,xgb,4.36899995803833,0.0,12.468000411987305,6.2
00-0033375,2025,2,WR,Tim Patrick,JAX,xgb,4.052999973297119,0.0,12.152000427246094,0.0
00-0033555,2025,2,WR,Mack Hollins,NE,xgb,3.819000005722046,0.0,11.918000221252441,7.8
00-0033591,2025,2,WR,Noah Brown,WAS,xgb,8.420999526977539,1.8140000104904175,16.518999099731445,1.9
00-0033857,2025,2,WR,JuJu Smith-Schuster,KC,xgb,6.556000232696533,0.0,14.654999732971191,1.5
00-0033908,2025,2,WR,Cooper Kupp,SEA,xgb,6.728000164031982,0.12099999934434891,14.826000213623047,16.0
00-0034272,2025,2,WR,Marquez Valdes-Scantling,SF,xgb,5.9029998779296875,0.0,14.00100040435791,0.0
00-0034348,2025,2,WR,Courtland Sutton,DEN,xgb,15.031999588012695,8.425000190734863,23.1299991607666,1.6
00-0034386,2025,2,WR,Justin Watson,HOU,xgb,5.693999767303467,0.0,13.793000221252441,1.3
00-0034407,2025,2,WR,Ray-Ray McCloud,ATL,xgb,8.710000038146973,2.1029999256134033,16.80900001525879,0.0
00-0034487,2025,2,WR,Trent Sherfield,DEN,xgb,3.052000045776367,0.0,11.149999618530273,1.3
00-0034827,2025,2,WR,DJ Moore,CHI,xgb,15.213000297546387,8.605999946594238,23.312000274658203,9.600000000000001
00-0034837,2025,2,WR,Calvin Ridley,TEN,xgb,10.883999824523926,4.2769999504089355,18.982999801635742,8.7
00-0034960,2025,2,WR,Jakobi Meyers,LV,xgb,17.80699920654297,11.199999809265137,25.905000686645508,12.8
00-0034983,2025,2,WR,Hunter Renfrow,CAR,xgb,6.229000091552734,0.0,14.32699966430664,23.8
00-0035021,2025,2,WR,Ashton Dulin,IND,xgb,1.878000020980835,0.0,9.97700023651123,0.0
00-0035208,2025,2,WR,Olamide Zaccheaus,CHI,xgb,12.536999702453613,5.929999828338623,20.63599967956543,4.1
00-0035500,2025,2,WR,Greg Dortch,ARI,xgb,2.5769999027252197,0.0,10.675000190734863,2.1
00-0035535,2025,2,WR,Darius Slayton,NYG,xgb,3.359999895095825,0.0,11.458999633789062,8.100000000000001
00-0035640,2025,2,WR,DK Metcalf,PIT,xgb,7.693999767303467,1.0870000123977661,15.791999816894531,11.0
00-0035645,2025,2,WR,Gunner Olszewski,NYG,xgb,1.6410000324249268,0.0,9.73900032043457,0.0
00-0035659,2025,2,WR,Terry McLaurin,WAS,xgb,12.88700008392334,6.28000020980835,20.985000610351562,9.8
00-0035662,2025,2,WR,Marquise Brown,KC,xgb,18.496999740600586,11.890000343322754,26.594999313354492,8.0
00-0035676,2025,2,WR,A.J. Brown,PHI,xgb,9.154000282287598,2.546999931335449,17.25200080871582,7.7
00-0035719,2025,2,WR,Deebo Samuel Sr.,WAS,xgb,13.152999877929688,6.546000003814697,21.25200080871582,17.4
00-0036182,2025,2,WR,Nick Westbrook-Ikhine,MIA,xgb,6.395999908447266,0.0,14.494999885559082,3.8
00-0036252,2025,2,WR,Michael Pittman,IND,xgb,13.61299991607666,7.006999969482422,21.711999893188477,8.0
00-0036259,2025,2,WR,Jauan Jennings,SF,xgb,12.607000350952148,6.0,20.704999923706055,19.9
00-0036309,2025,2,WR,Darnell Mooney,ATL,xgb,8.015000343322754,1.4079999923706055,16.11400032043457,4.0
00-0036322,2025,2,WR,Justin Jefferson,MIN,xgb,18.961000442504883,12.354000091552734,27.059999465942383,11.1
00-0036331,2025,2,WR,Devin Duvernay,CHI,xgb,4.2820000648498535,0.0,12.380999565124512,0.0
00-0036358,2025,2,WR,CeeDee Lamb,DAL,xgb,12.262999534606934,5.656000137329102,20.361000061035156,20.200000000000003
00-0036407,2025,2,WR,Jerry Jeudy,CLE,xgb,17.30299949645996,10.696000099182129,25.400999069213867,9.100000000000001
00-0036410,2025,2,WR,Tee Higgins,CIN,xgb,13.373000144958496,6.765999794006348,21.472000122070312,14.600000000000001
00-0036415,2025,2,WR,Van Jefferson,TEN,xgb,3.2339999675750732,0.0,11.331999778747559,3.0
00-0036427,2025,2,WR,Tyler Johnson,NYJ,xgb,5.449999809265137,0.0,13.54800033569336,0.0
00-0036550,2025,2,WR,Rashod Bateman,BAL,xgb,7.5320000648498535,0.925000011920929,15.630000114440918,3.5
00-0036554,2025,2,WR,Nico Collins,HOU,xgb,10.845000267028809,4.23799991607666,18.94300079345703,14.2
00-0036613,2025,2,WR,Jaylen Waddle,MIA,xgb,7.2820000648498535,0.675000011920929,15.380000114440918,17.8
00-0036620,2025,2,WR,Dee Eskridge,MIA,xgb,3.7860000133514404,0.0,11.883999824523926,1.8
00-0036626,2025,2,WR,Dyami Brown,JAX,xgb,8.244999885559082,1.6380000114440918,16.343000411987305,17.6
00-0036630,2025,2,WR,Tylan Wallace,BAL,xgb,2.8610000610351562,0.0,10.960000038146973,10.5
00-0036849,2025,2,WR,Tutu Atwell,LA,xgb,3.7990000247955322,0.0,11.89799976348877,0.0
00-0036862,2025,2,WR,Ben Skowronek,PIT,xgb,3.7809998989105225,0.0,11.878999710083008,0.0
00-0036900,2025,2,WR,Ja'Marr Chase,CIN,xgb,21.44300079345703,14.836000442504883,29.54199981689453,36.5
00-0036912,2025,2,WR,DeVonta Smith,PHI,xgb,14.036999702453613,7.429999828338623,22.13599967956543,9.3
00-0036963,2025,2,WR,Amon-Ra St. Brown,DET,xgb,12.982000350952148,6.375,21.08099937438965,39.2
00-0036980,2025,2,WR,Elijah Moore,BUF,xgb,4.249000072479248,0.0,12.347000122070312,10.7
00-0036988,2025,2,WR,Josh Palmer,BUF,xgb,12.402000427246094,5.795000076293945,20.5,6.7
00-0037093,2025,2,WR,Dareke Young,SEA,xgb,1.6410000324249268,0.0,9.73900032043457,0.0
00-0037238,2025,2,WR,Drake London,ATL,xgb,20.729999542236328,14.123000144958496,28.827999114990234,5.9
00-0037239,2025,2,WR,Chris Olave,NO,xgb,8.050000190734863,1.4429999589920044,16.148000717163086,11.4
00-0037240,2025,2,WR,Jameson Williams,DET,xgb,12.664999961853027,6.058000087738037,20.76300048828125,18.8
00-0037247,2025,2,WR,George Pickens,DAL,xgb,8.9399995803833,2.3329999446868896,17.038999557495117,17.8
00-0037261,2025,2,WR,Khalil Shakir,BUF,xgb,8.289999961853027,1.6829999685287476,16.38800048828125,2.2
00-0037291,2025,2,WR,Jalen Nailor,MIN,xgb,6.122000217437744,0.0,14.220999717712402,6.1
00-0037545,2025,2,WR,Rashid Shaheed,NO,xgb,13.102999687194824,6.495999813079834,21.201000213623047,15.2
00-0037614,2025,2,WR,John Metchie III,PHI,xgb,3.065000057220459,0.0,11.163999557495117,1.0
00-0037664,2025,2,WR,Alec Pierce,IND,xgb,8.057999610900879,1.4509999752044678,16.1560001373291,10.8
00-0037666,2025,2,WR,Jalen Tolbert,DAL,xgb,4.308000087738037,0.0,12.406999588012695,3.6
00-0037740,2025,2,WR,Garrett Wilson,NYJ,xgb,17.503000259399414,10.895999908447266,25.60099983215332,9.0
00-0037741,2025,2,WR,Jahan Dotson,PHI,xgb,6.189000129699707,0.0,14.286999702453613,1.4
00-0037801,2025,2,WR,KaVontae Turpin,DAL,xgb,5.49399995803833,0.0,13.593000411987305,15.3
00-0037816,2025,2,WR,Romeo Doubs,GB,xgb,9.666999816894531,3.059999942779541,17.764999389648438,11.8
00-0037837,2025,2,WR,Calvin Austin III,PIT,xgb,7.119999885559082,0.5130000114440918,15.218000411987305,3.2
00-0038090,2025,2,WR,Skyy Moore,SF,xgb,1.6410000324249268,0.0,9.73900032043457,0.0
00-0038104,2025,2,WR,Tyquan Thornton,KC,xgb,7.798999786376953,1.1920000314712524,15.89799976348877,13.9
00-0038117,2025,2,WR,Wan'Dale Robinson,NYG,xgb,9.251999855041504,2.6449999809265137,17.350000381469727,28.200000000000003
00-0038359,2025,2,WR,Xavier Smith,LA,xgb,3.9509999752044678,0.0,12.048999786376953,0.0
00-0038393,2025,2,WR,Dontayvion Wicks,GB,xgb,7.26800012588501,0.6610000133514404,15.366000175476074,8.4
00-0038465,2025,2,WR,Malik Heath,GB,xgb,3.6429998874664307,0.0,11.741999626159668,4.7
00-0038519,2025,2,WR,Nikko Remigio,KC,xgb,1.8370000123977661,0.0,9.935999870300293,3.1
00-0038543,2025,2,WR,Jaxon Smith-Njigba,SEA,xgb,14.58899974822998,7.98199987411499,22.687999725341797,18.3
00-0038544,2025,2,WR,Quentin Johnston,LAC,xgb,16.576000213623047,9.968999862670898,24.674999237060547,15.9
00-0038559,2025,2,WR,Michael Wilson,ARI,xgb,6.889999866485596,0.28299999237060547,14.98799991607666,8.1
00-0038563,2025,2,WR,Tre Tucker,LV,xgb,9.116999626159668,2.509999990463257,17.21500015258789,4.9
00-0038573,2025,2,WR,Derius Davis,LAC,xgb,2.6570000648498535,0.0,10.755999565124512,0.0
00-0038576,2025,2,WR,Charlie Jones,CIN,xgb,1.6410000324249268,0.0,9.73900032043457,0.0
00-0038606,2025,2,WR,Parker Washington,JAX,xgb,2.3989999294281006,0.0,10.498000144958496,12.600000000000001
00-0038608,2025,2,WR,Kayshon Boutte,NE,xgb,13.041999816894531,6.434999942779541,21.139999389648438,8.6
00-0038618,2025,2,WR,Xavier Hutchinson,HOU,xgb,5.353000164031982,0.0,13.451000213623047,4.9
00-0038619,2025,2,WR,Andrei Iosivas,CIN,xgb,3.864000082015991,0.0,11.963000297546387,2.2
00-0038621,2025,2,WR,DeMario Douglas,NE,xgb,11.428000450134277,4.821000099182129,19.525999069213867,1.8
00-0038679,2025,2,WR,Tyrell Shavers,BUF,xgb,5.060999870300293,0.0,13.15999984741211,0.0
00-0038824,2025,2,WR,Ryan Miller,TB,xgb,3.365000009536743,0.0,11.463000297546387,9.0
00-0038840,2025,2,WR,Brycen Tremayne,CAR,xgb,1.6390000581741333,0.0,9.737000465393066,7.800000000000001
00-0038976,2025,2,WR,Marvin Mims Jr.,DEN,xgb,15.72599983215332,9.119000434875488,23.823999404907227,10.4
00-0038979,2025,2,WR,Cedric Tillman,CLE,xgb,14.913999557495117,8.307000160217285,23.011999130249023,10.2
00-0038997,2025,2,WR,Josh Downs,IND,xgb,9.166999816894531,2.559999942779541,17.266000747680664,11.100000000000001
00-0039064,2025,2,WR,Zay Flowers,BAL,xgb,11.819999694824219,5.2129998207092285,19.917999267578125,14.9
00-0039075,2025,2,WR,Puka Nacua,LA,xgb,20.875999450683594,14.270000457763672,28.975000381469727,27.6
00-0039337,2025,2,WR,Malik Nabers,NYG,xgb,16.822999954223633,10.215999603271484,24.92099952697754,37.7
00-0039342,2025,2,WR,Xavier Legette,CAR,xgb,8.062999725341797,1.4559999704360962,16.16200065612793,0.8
00-0039355,2025,2,WR,Luke McCaffrey,WAS,xgb,2.4749999046325684,0.0,10.574000358581543,4.9
00-0039379,2025,2,WR,Jamari Thrash,CLE,xgb,3.5199999809265137,0.0,11.618000030517578,1.5
00-0039410,2025,2,WR,Ryan Flournoy,DAL,xgb,4.044000148773193,0.0,12.142999649047852,0.0
00-0039424,2025,2,WR,Devaughn Vele,NO,xgb,4.744999885559082,0.0,12.843000411987305,7.3
00-0039451,2025,2,WR,Isaiah Williams,NYJ,xgb,1.6410000324249268,0.0,9.73900032043457,0.0
00-0039589,2025,2,WR,Kameron Johnson,TB,xgb,1.6410000324249268,0.0,9.73900032043457,0.0
00-0039650,2025,2,WR,Bryce Oliver,TEN,xgb,3.3369998931884766,0.0,11.4350004196167,0.0
00-0039751,2025,2,WR,Jordan Whittington,LA,xgb,2.2239999771118164,0.0,10.321999549865723,6.2
00-0039792,2025,2,WR,Devontez Walker,BAL,xgb,3.2130000591278076,0.0,11.312000274658203,16.6
00-0039816,2025,2,WR,Anthony Gould,IND,xgb,2.1429998874664307,0.0,10.241999626159668,0.0
00-0039849,2025,2,WR,Marvin Harrison Jr.,ARI,xgb,9.491999626159668,2.884999990463257,17.59000015258789,4.7
00-0039868,2025,2,WR,Troy Franklin,DEN,xgb,6.491000175476074,0.0,14.58899974822998,24.0
00-0039880,2025,2,WR,Malik Washington,MIA,xgb,8.376999855041504,1.7699999809265137,16.47599983215332,9.5
00-0039890,2025,2,WR,Adonai Mitchell,IND,xgb,6.039000034332275,0.0,14.13700008392334,4.0
00-0039893,2025,2,WR,Brian Thomas Jr.,JAX,xgb,19.263999938964844,12.656999588012695,27.363000869750977,8.9
00-0039901,2025,2,WR,Keon Coleman,BUF,xgb,12.392000198364258,5.784999847412109,20.490999221801758,5.6
00-0039915,2025,2,WR,Ladd McConkey,LAC,xgb,12.996999740600586,6.389999866485596,21.094999313354492,9.8
00-0039916,2025,2,WR,Ricky Pearsall,SF,xgb,19.57200050354004,12.96500015258789,27.670000076293945,9.2
00-0039919,2025,2,WR,Rome Odunze,CHI,xgb,11.140000343322754,4.533999919891357,19.23900032043457,31.8
00-0040009,2025,2,WR,Savion Williams,GB,xgb,3.625,0.0,11.723999977111816,2.4000000000000004
00-0040075,2025,2,WR,LaJohntay Wester,BAL,xgb,1.6410000324249268,0.0,9.73900032043457,0.0
00-0040124,2025,2,WR,Tetairoa McMillan,CAR,xgb,11.118000030517578,4.511000156402588,19.216999053955078,16.0
00-0040129,2025,2,WR,Emeka Egbuka,TB,xgb,14.22700023651123,7.619999885559082,22.325000762939453,12.9
00-0040130,2025,2,WR,Jayden Higgins,HOU,xgb,6.591000080108643,0.0,14.6899995803833,3.8000000000000003
00-0040138,2025,2,WR,Jaylin Noel,HOU,xgb,5.061999797821045,0.0,13.15999984741211,0.0
00-0040164,2025,2,WR,Jaylin Lane,WAS,xgb,4.283999919891357,0.0,12.381999969482422,1.2
00-0040170,2025,2,WR,Elic Ayomanor,TEN,xgb,7.938000202178955,1.3320000171661377,16.03700065612793,15.600000000000001
00-0040184,2025,2,WR,KeAndre Lambert-Smith,LAC,xgb,3.5360000133514404,0.0,11.635000228881836,0.0
00-0040506,2025,2,WR,Myles Price,MIN,xgb,1.6410000324249268,0.0,9.73900032043457,0.0
00-0040581,2025,2,WR,Dont'e Thornton Jr.,LV,xgb,11.595000267028809,4.98799991607666,19.69300079345703,3.0
00-0040582,2025,2,WR,Arian Smith,NYJ,xgb,1.6410000324249268,0.0,9.73900032043457,0.8
00-0040648,2025,2,WR,Tory Horton,SEA,xgb,1.6410000324249268,0.0,9.73900032043457,11.2
00-0040667,2025,2,WR,Matthew Golden,GB,xgb,4.916999816894531,0.0,13.015000343322754,1.5
00-0040669,2025,2,WR,Isaac TeSlaa,DET,xgb,2.2909998893737793,0.0,10.388999938964844,3.9000000000000004
00-0040705,2025,2,WR,Chimere Dike,TEN,xgb,3.6089999675750732,0.0,11.706999778747559,2.8
00-0040727,2025,2,WR,Tre Harris,LAC,xgb,3.1019999980926514,0.0,11.199999809265137,5.4
00-0040735,2025,2,WR,Luther Burden III,CHI,xgb,2.921999931335449,0.0,11.020000457763672,1.5
00-0040782,2025,2,WR,Isaiah Bond,CLE,xgb,3.3540000915527344,0.0,11.45199966430664,2.5
00-0030035,2025,3,WR,Adam Thielen,MIN,xgb,7.624000072479248,1.0169999599456787,15.722000122070312,0.0
00-0030279,2025,3,WR,Keenan Allen,LAC,xgb,18.513999938964844,11.906999588012695,26.61199951171875,19.5
00-0030564,2025,3,WR,DeAndre Hopkins,BAL,xgb,9.217000007629395,2.609999895095825,17.315000534057617,2.3
00-0031236,2025,3,WR,Brandin Cooks,NO,xgb,6.89300012588501,0.28600001335144043,14.991000175476074,5.4
00-0031381,2025,3,WR,Davante Adams,LA,xgb,15.595000267028809,8.98799991607666,23.69300079345703,14.600000000000001
00-0031408,2025,3,WR,Mike Evans,TB,xgb,18.194000244140625,11.586999893188477,26.292999267578125,13.3
00-0031588,2025,3,WR,Stefon Diggs,NE,xgb,9.666000366210938,3.059000015258789,17.763999938964844,5.300000000000001
00-0031763,2025,3,WR,DeAndre Carter,CLE,xgb,1.6200000047683716,0.0,9.718999862670898,0.0
00-0032211,2025,3,WR,Tyler Lockett,TEN,xgb,4.48199987411499,0.0,12.579999923706055,7.7
00-0032385,2025,3,WR,Sterling Shepard,TB,xgb,6.675000190734863,0.06800000369548798,14.77299976348877,12.0
00-0032398,2025,3,WR,Chris Moore,WAS,xgb,4.552999973297119,0.0,12.652000427246094,4.5
00-0032464,2025,3,WR,Kalif Raymond,DET,xgb,4.73799991607666,0.0,12.836999893188477,1.4
00-0033040,2025,3,WR,Tyreek Hill,MIA,xgb,11.020999908447266,4.414000034332275,19.1200008392334,15.9
00-0033307,2025,3,WR,Kendrick Bourne,SF,xgb,6.456999778747559,0.0,14.555999755859375,7.800000000000001
00-0033375,2025,3,WR,Tim Patrick,JAX,xgb,3.365000009536743,0.0,11.46399974822998,2.6
00-0033555,2025,3,WR,Mack Hollins,NE,xgb,5.7210001945495605,0.0,13.819000244140625,6.7
00-0033589,2025,3,WR,David Moore,CAR,xgb,2.1619999408721924,0.0,10.260000228881836,1.5
00-0033857,2025,3,WR,JuJu Smith-Schuster,KC,xgb,6.302999973297119,0.0,14.402000427246094,9.5
00-0033891,2025,3,WR,Zay Jones,ARI,xgb,3.046999931335449,0.0,11.145000457763672,4.5
00-0033908,2025,3,WR,Cooper Kupp,SEA,xgb,9.529000282287598,2.921999931335449,17.62700080871582,5.1
00-0034272,2025,3,WR,Marquez Valdes-Scantling,SF,xgb,7.054999828338623,0.4480000138282776,15.152999877929688,1.9
00-0034348,2025,3,WR,Courtland Sutton,DEN,xgb,7.705999851226807,1.0989999771118164,15.805000305175781,23.8
00-0034407,2025,3,WR,Ray-Ray McCloud,ATL,xgb,5.86299991607666,0.0,13.961999893188477,4.0
00-0034521,2025,3,WR,Allen Lazard,NYJ,xgb,3.8320000171661377,0.0,11.930000305175781,9.3
00-0034775,2025,3,WR,Christian Kirk,HOU,xgb,8.680999755859375,2.0739998817443848,16.780000686645508,5.5
00-0034827,2025,3,WR,DJ Moore,CHI,xgb,13.451000213623047,6.843999862670898,21.548999786376953,12.8
00-0034837,2025,3,WR,Calvin Ridley,TEN,xgb,10.182999610900879,3.5759999752044678,18.2810001373291,3.7
00-0034960,2025,3,WR,Jakobi Meyers,LV,xgb,10.918999671936035,4.311999797821045,19.017000198364258,9.3
00-0034983,2025,3,WR,Hunter Renfrow,CAR,xgb,10.145000457763672,3.5380001068115234,18.243999481201172,2.6
00-0035021,2025,3,WR,Ashton Dulin,IND,xgb,1.8580000400543213,0.0,9.956000328063965,0.0
00-0035208,2025,3,WR,Olamide Zaccheaus,CHI,xgb,9.793000221252441,3.186000108718872,17.892000198364258,6.6
00-0035359,2025,3,WR,David Sills,ATL,xgb,3.183000087738037,0.0,11.281000137329102,1.9
00-0035500,2025,3,WR,Greg Dortch,ARI,xgb,3.3340001106262207,0.0,11.432999610900879,2.8
00-0035535,2025,3,WR,Darius Slayton,NYG,xgb,4.283999919891357,0.0,12.383000373840332,7.0
00-0035640,2025,3,WR,DK Metcalf,PIT,xgb,11.041000366210938,4.434000015258789,19.138999938964844,12.2
00-0035645,2025,3,WR,Gunner Olszewski,NYG,xgb,1.6200000047683716,0.0,9.718999862670898,0.0
00-0035659,2025,3,WR,Terry McLaurin,WAS,xgb,11.762999534606934,5.156000137329102,19.861000061035156,10.4
00-0035662,2025,3,WR,Marquise Brown,KC,xgb,12.456999778747559,5.849999904632568,20.55500030517578,8.2
00-0035676,2025,3,WR,A.J. Brown,PHI,xgb,14.286999702453613,7.679999828338623,22.38599967956543,22.9
00-0035719,2025,3,WR,Deebo Samuel Sr.,WAS,xgb,12.437999725341797,5.830999851226807,20.535999298095703,4.9
00-0036182,2025,3,WR,Nick Westbrook-Ikhine,MIA,xgb,7.373000144958496,0.765999972820282,15.472000122070312,0.0
00-0036252,2025,3,WR,Michael Pittman,IND,xgb,14.526000022888184,7.919000148773193,22.625,19.3
00-0036309,2025,3,WR,Darnell Mooney,ATL,xgb,7.809000015258789,1.2020000219345093,15.906999588012695,8.4
00-0036322,2025,3,WR,Justin Jefferson,MIN,xgb,14.529999732971191,7.922999858856201,22.628999710083008,12.5
00-0036331,2025,3,WR,Devin Duvernay,CHI,xgb,1.6200000047683716,0.0,9.718999862670898,0.0
00-0036407,2025,3,WR,Jerry Jeudy,CLE,xgb,13.942000389099121,7.335000038146973,22.040000915527344,2.7
00-0036410,2025,3,WR,Tee Higgins,CIN,xgb,15.109000205993652,8.501999855041504,23.20800018310547,2.5
00-0036415,2025,3,WR,Van Jefferson,TEN,xgb,4.590000152587891,0.0,12.687999725341797,1.8
00-0036427,2025,3,WR,Tyler Johnson,NYJ,xgb,3.7339999675750732,0.0,11.831999778747559,5.2
00-0036550,2025,3,WR,Rashod Bateman,BAL,xgb,8.35200023651123,1.7450000047683716,16.451000213623047,17.3
00-0036554,2025,3,WR,Nico Collins,HOU,xgb,10.03600025177002,3.428999900817871,18.134000778198242,22.4
00-0036613,2025,3,WR,Jaylen Waddle,MIA,xgb,11.729999542236328,5.123000144958496,19.827999114990234,14.9
00-0036620,2025,3,WR,Dee Eskridge,MIA,xgb,3.1700000762939453,0.0,11.269000053405762,0.0
00-0036626,2025,3,WR,Dyami Brown,JAX,xgb,10.54699993133545,3.940999984741211,18.645999908447266,2.7
00-0036630,2025,3,WR,Tylan Wallace,BAL,xgb,4.160999774932861,0.0,12.258999824523926,0.0
00-0036646,2025,3,WR,Simi Fehoko,ARI,xgb,2.9100000858306885,0.0,11.008000373840332,0.0
00-0036849,2025,3,WR,Tutu Atwell,LA,xgb,2.8889999389648438,0.0,10.98799991607666,0.0
00-0036862,2025,3,WR,Ben Skowronek,PIT,xgb,3.5360000133514404,0.0,11.635000228881836,0.0
00-0036900,2025,3,WR,Ja'Marr Chase,CIN,xgb,19.024999618530273,12.418000221252441,27.12299919128418,8.9
00-0036912,2025,3,WR,DeVonta Smith,PHI,xgb,11.762999534606934,5.156000137329102,19.861000061035156,20.0
00-0036963,2025,3,WR,Amon-Ra St. Brown,DET,xgb,12.984000205993652,6.377999782562256,21.08300018310547,20.7
00-0036980,2025,3,WR,Elijah Moore,BUF,xgb,3.569000005722046,0.0,11.666999816894531,6.1000000000000005
00-0036988,2025,3,WR,Josh Palmer,BUF,xgb,7.994999885559082,1.3880000114440918,16.0939998626709,1.5
00-0037093,2025,3,WR,Dareke Young,SEA,xgb,1.6200000047683716,0.0,9.718999862670898,2.2
00-0037231,2025,3,WR,Kevin Austin Jr.,NO,xgb,3.138000011444092,0.0,11.236000061035156,0.0
00-0037238,2025,3,WR,Drake London,ATL,xgb,10.39900016784668,3.7920000553131104,18.496999740600586,10.5
00-0037239,2025,3,WR,Chris Olave,NO,xgb,10.60200023651123,3.996000051498413,18.701000213623047,15.7
00-0037240,2025,3,WR,Jameson Williams,DET,xgb,10.852999687194824,4.245999813079834,18.951000213623047,6.3
00-0037247,2025,3,WR,George Pickens,DAL,xgb,11.272000312805176,4.664999961853027,19.3700008392334,17.8
00-0037261,2025,3,WR,Khalil Shakir,BUF,xgb,9.267999649047852,2.6610000133514404,17.365999221801758,14.5
00-0037291,2025,3,WR,Jalen Nailor,MIN,xgb,8.515999794006348,1.909000039100647,16.61400032043457,6.7
00-0037380,2025,3,WR,Kaden Davis,CLE,xgb,1.6200000047683716,0.0,9.718999862670898,0.0
00-0037545,2025,3,WR,Rashid Shaheed,NO,xgb,12.130999565124512,5.52400016784668,20.229000091552734,8.2
00-0037614,2025,3,WR,John Metchie III,PHI,xgb,3.4719998836517334,0.0,11.571000099182129,1.8
00-0037664,2025,3,WR,Alec Pierce,IND,xgb,9.088000297546387,2.4820001125335693,17.187000274658203,10.7
00-0037666,2025,3,WR,Jalen Tolbert,DAL,xgb,6.748000144958496,0.14100000262260437,14.845999717712402,7.4
00-0037740,2025,3,WR,Garrett Wilson,NYJ,xgb,13.732000350952148,7.125,21.829999923706055,24.4
00-0037741,2025,3,WR,Jahan Dotson,PHI,xgb,5.318999767303467,0.0,13.418000221252441,1.7000000000000002
00-0037745,2025,3,WR,Velus Jones Jr.,NO,xgb,1.6180000305175781,0.0,9.715999603271484,0.0
00-0037801,2025,3,WR,KaVontae Turpin,DAL,xgb,6.808000087738037,0.20100000500679016,14.906999588012695,8.8
00-0037816,2025,3,WR,Romeo Doubs,GB,xgb,10.468000411987305,3.8610000610351562,18.566999435424805,4.5
00-0037837,2025,3,WR,Calvin Austin III,PIT,xgb,9.402999877929688,2.7960000038146973,17.500999450683594,12.4
00-0038090,2025,3,WR,Skyy Moore,SF,xgb,1.6200000047683716,0.0,9.718999862670898,2.0
00-0038104,2025,3,WR,Tyquan Thornton,KC,xgb,7.244999885559082,0.6380000114440918,15.343000411987305,18.1
00-0038117,2025,3,WR,Wan'Dale Robinson,NYG,xgb,13.934000015258789,7.327000141143799,22.033000946044922,3.6
00-0038359,2025,3,WR,Xavier Smith,LA,xgb,1.8070000410079956,0.0,9.906000137329102,0.0
00-0038393,2025,3,WR,Dontayvion Wicks,GB,xgb,9.753000259399414,3.1459999084472656,17.851999282836914,4.1
00-0038465,2025,3,WR,Malik Heath,GB,xgb,3.7669999599456787,0.0,11.864999771118164,0.0
00-0038519,2025,3,WR,Nikko Remigio,KC,xgb,2.7239999771118164,0.0,10.821999549865723,1.1
00-0038543,2025,3,WR,Jaxon Smith-Njigba,SEA,xgb,18.415000915527344,11.807999610900879,26.51300048828125,20.6
00-0038544,2025,3,WR,Quentin Johnston,LAC,xgb,13.868000030517578,7.261000156402588,21.966999053955078,14.9
00-0038559,2025,3,WR,Michael Wilson,ARI,xgb,6.644000053405762,0.03700000047683716,14.741999626159668,1.5
00-0038563,2025,3,WR,Tre Tucker,LV,xgb,10.614999771118164,4.007999897003174,18.714000701904297,40.9
00-0038573,2025,3,WR,Derius Davis,LAC,xgb,3.5429999828338623,0.0,11.640999794006348,0.2
00-0038576,2025,3,WR,Charlie Jones,CIN,xgb,1.6200000047683716,0.0,9.718999862670898,0.0
00-0038606,2025,3,WR,Parker Washington,JAX,xgb,9.373000144958496,2.7660000324249268,17.472000122070312,7.4
00-0038608,2025,3,WR,Kayshon Boutte,NE,xgb,17.386999130249023,10.779999732971191,25.486000061035156,4.800000000000001
00-0038618,2025,3,WR,Xavier Hutchinson,HOU,xgb,5.7769999504089355,0.0,13.87600040435791,4.6
00-0038621,2025,3,WR,DeMario Douglas,NE,xgb,6.050000190734863,0.0,14.14799976348877,2.7
00-0038679,2025,3,WR,Tyrell Shavers,BUF,xgb,3.9639999866485596,0.0,12.062000274658203,4.4
00-0038824,2025,3,WR,Ryan Miller,TB,xgb,3.76200008392334,0.0,11.861000061035156,0.0
00-0038839,2025,3,WR,Mitchell Tinsley,CIN,xgb,2.2929999828338623,0.0,10.392000198364258,0.0
00-0038840,2025,3,WR,Brycen Tremayne,CAR,xgb,5.927000045776367,0.0,14.024999618530273,3.5
00-0038976,2025,3,WR,Marvin Mims Jr.,DEN,xgb,12.213000297546387,5.605999946594238,20.31100082397461,1.4
00-0038979,2025,3,WR,Cedric Tillman,CLE,xgb,11.118000030517578,4.511000156402588,19.215999603271484,5.6
00-0038997,2025,3,WR,Josh Downs,IND,xgb,9.067000389099121,2.4600000381469727,17.166000366210938,5.4
00-0039064,2025,3,WR,Zay Flowers,BAL,xgb,16.827999114990234,10.222000122070312,24.927000045776367,3.3
00-0039075,2025,3,WR,Puka Nacua,LA,xgb,16.388999938964844,9.781999588012695,24.48699951171875,22.8
00-0039337,2025,3,WR,Malik Nabers,NYG,xgb,17.413999557495117,10.807000160217285,25.51300048828125,3.3
00-0039355,2025,3,WR,Luke McCaffrey,WAS,xgb,3.510999917984009,0.0,11.609000205993652,14.600000000000001
00-0039379,2025,3,WR,Jamari Thrash,CLE,xgb,3.385999917984009,0.0,11.484999656677246,2.7
00-0039410,2025,3,WR,Ryan Flournoy,DAL,xgb,2.686000108718872,0.0,10.784000396728516,4.1
00-0039451,2025,3,WR,Isaiah Williams,NYJ,xgb,1.6200000047683716,0.0,9.718999862670898,0.0
00-0039589,2025,3,WR,Kameron Johnson,TB,xgb,1.6200000047683716,0.0,9.718999862670898,0.0
00-0039751,2025,3,WR,Jordan Whittington,LA,xgb,4.177000045776367,0.0,12.276000022888184,3.4000000000000004
00-0039792,2025,3,WR,Devontez Walker,BAL,xgb,5.36299991607666,0.0,13.461999893188477,4.4
00-0039816,2025,3,WR,Anthony Gould,IND,xgb,1.6200000047683716,0.0,9.718999862670898,0.0
00-0039849,2025,3,WR,Marvin Harrison Jr.,ARI,xgb,9.729999542236328,3.124000072479248,17.82900047302246,7.4
00-0039868,2025,3,WR,Troy Franklin,DEN,xgb,12.032999992370605,5.426000118255615,20.131999969482422,2.8
00-0039880,2025,3,WR,Malik Washington,MIA,xgb,8.248000144958496,1.6410000324249268,16.347000122070312,6.2
00-0039890,2025,3,WR,Adonai Mitchell,IND,xgb,7.103000164031982,0.4959999918937683,15.201000213623047,0.0
00-0039893,2025,3,WR,Brian Thomas Jr.,JAX,xgb,14.251999855041504,7.644999980926514,22.350000381469727,7.5
00-0039901,2025,3,WR,Keon Coleman,BUF,xgb,11.293999671936035,4.686999797821045,19.392000198364258,5.0
00-0039915,2025,3,WR,Ladd McConkey,LAC,xgb,14.640999794006348,8.034000396728516,22.73900032043457,8.100000000000001
00-0039916,2025,3,WR,Ricky Pearsall,SF,xgb,18.566999435424805,11.960000038146973,26.665000915527344,19.700000000000003
00-0039919,2025,3,WR,Rome Odunze,CHI,xgb,9.031000137329102,2.4240000247955322,17.1299991607666,15.2
00-0040009,2025,3,WR,Savion Williams,GB,xgb,1.8930000066757202,0.0,9.991999626159668,-0.1
00-0040075,2025,3,WR,LaJohntay Wester,BAL,xgb,1.6200000047683716,0.0,9.718999862670898,0.0
00-0040124,2025,3,WR,Tetairoa McMillan,CAR,xgb,16.610000610351562,10.003000259399414,24.70800018310547,7.800000000000001
00-0040129,2025,3,WR,Emeka Egbuka,TB,xgb,16.35700035095215,9.75,24.45599937438965,14.5
00-0040130,2025,3,WR,Jayden Higgins,HOU,xgb,5.1620001792907715,0.0,13.260000228881836,1.5
00-0040131,2025,3,WR,Kyle Williams,NE,xgb,3.115999937057495,0.0,11.21500015258789,1.8
00-0040138,2025,3,WR,Jaylin Noel,HOU,xgb,2.8329999446868896,0.0,10.932000160217285,1.4
00-0040154,2025,3,WR,Tai Felton,MIN,xgb,1.6200000047683716,0.0,9.718999862670898,1.9
00-0040164,2025,3,WR,Jaylin Lane,WAS,xgb,4.244999885559082,0.0,12.343000411987305,6.8
00-0040170,2025,3,WR,Elic Ayomanor,TEN,xgb,13.053999900817871,6.447000026702881,21.152000427246094,13.8
00-0040237,2025,3,WR,Tez Johnson,TB,xgb,3.364000082015991,0.0,11.461999893188477,0.0
00-0040506,2025,3,WR,Myles Price,MIN,xgb,1.6200000047683716,0.0,9.718999862670898,0.0
00-0040581,2025,3,WR,Dont'e Thornton Jr.,LV,xgb,7.334000110626221,0.7279999852180481,15.432999610900879,4.9
00-0040582,2025,3,WR,Arian Smith,NYJ,xgb,2.8610000610351562,0.0,10.958999633789062,2.2
00-0040648,2025,3,WR,Tory Horton,SEA,xgb,4.880000114440918,0.0,12.977999687194824,18.2
00-0040667,2025,3,WR,Matthew Golden,GB,xgb,4.13700008392334,0.0,12.234999656677246,10.100000000000001
00-0040669,2025,3,WR,Isaac TeSlaa,DET,xgb,3.2360000610351562,0.0,11.335000038146973,0.0
00-0040705,2025,3,WR,Chimere Dike,TEN,xgb,4.343999862670898,0.0,12.442000389099121,3.5
00-0040727,2025,3,WR,Tre Harris,LAC,xgb,5.063000202178955,0.0,13.16100025177002,0.0
00-0040729,2025,3,WR,Jack Bech,LV,xgb,3.371000051498413,0.0,11.470000267028809,2.0
00-0040735,2025,3,WR,Luther Burden III,CHI,xgb,5.4029998779296875,0.0,13.501999855041504,19.8
00-0040782,2025,3,WR,Isaiah Bond,CLE,xgb,3.671999931335449,0.0,11.770999908447266,3.6
00-0030035,2025,4,WR,Adam Thielen,MIN,xgb,4.755000114440918,0.0,12.854000091552734,3.1
00-0030279,2025,4,WR,Keenan Allen,LAC,xgb,13.593999862670898,6.98799991607666,21.69300079345703,8.7
00-0030564,2025,4,WR,DeAndre Hopkins,BAL,xgb,6.410999774932861,0.0,14.510000228881836,0.0
00-0031236,2025,4,WR,Brandin Cooks,NO,xgb,7.269999980926514,0.6629999876022339,15.369000434875488,5.2
00-0031381,2025,4,WR,Davante Adams,LA,xgb,13.892999649047852,7.285999774932861,21.990999221801758,15.600000000000001
00-0031588,2025,4,WR,Stefon Diggs,NE,xgb,9.494000434875488,2.88700008392334,17.591999053955078,16.1
00-0031763,2025,4,WR,DeAndre Carter,CLE,xgb,1.437000036239624,0.0,9.53499984741211,0.0
00-0032211,2025,4,WR,Tyler Lockett,TEN,xgb,4.544000148773193,0.0,12.642000198364258,0.0
00-0032385,2025,4,WR,Sterling Shepard,TB,xgb,8.043000221252441,1.4359999895095825,16.142000198364258,4.0
00-0032398,2025,4,WR,Chris Moore,WAS,xgb,4.361000061035156,0.0,12.460000038146973,0.9
00-0032464,2025,4,WR,Kalif Raymond,DET,xgb,4.064000129699707,0.0,12.163000106811523,9.3
00-0032775,2025,4,WR,Demarcus Robinson,SF,xgb,2.5309998989105225,0.0,10.628999710083008,3.0
00-0033040,2025,4,WR,Tyreek Hill,MIA,xgb,13.211999893188477,6.605000019073486,21.31100082397461,12.7
00-0033282,2025,4,WR,Curtis Samuel,BUF,xgb,3.1640000343322754,0.0,11.262999534606934,1.9
00-0033307,2025,4,WR,Kendrick Bourne,SF,xgb,6.366000175476074,0.0,14.46500015258789,2.7
00-0033375,2025,4,WR,Tim Patrick,JAX,xgb,3.186000108718872,0.0,11.284000396728516,0.9
00-0033555,2025,4,WR,Mack Hollins,NE,xgb,4.354000091552734,0.0,12.45300006866455,7.4
00-0033572,2025,4,WR,Jamal Agnew,ATL,xgb,1.86899995803833,0.0,9.967000007629395,0.0
00-0033589,2025,4,WR,David Moore,CAR,xgb,3.002000093460083,0.0,11.100000381469727,1.2000000000000002
00-0033857,2025,4,WR,JuJu Smith-Schuster,KC,xgb,7.35699987411499,0.75,15.454999923706055,13.6
00-0033908,2025,4,WR,Cooper Kupp,SEA,xgb,9.406999588012695,2.799999952316284,17.5049991607666,6.6
00-0033921,2025,4,WR,Chris Godwin Jr.,TB,xgb,10.177000045776367,3.569999933242798,18.274999618530273,5.6
00-0033943,2025,4,WR,Josh Reynolds,NYJ,xgb,4.751999855041504,0.0,12.850000381469727,0.0
00-0034348,2025,4,WR,Courtland Sutton,DEN,xgb,14.428999900817871,7.822000026702881,22.527000427246094,19.1
00-0034407,2025,4,WR,Ray-Ray McCloud,ATL,xgb,6.0970001220703125,0.0,14.194999694824219,0.29999999999999993
00-0034521,2025,4,WR,Allen Lazard,NYJ,xgb,5.751999855041504,0.0,13.85099983215332,1.8
00-0034775,2025,4,WR,Christian Kirk,HOU,xgb,7.468999862670898,0.8619999885559082,15.567000389099121,5.0
00-0034827,2025,4,WR,DJ Moore,CHI,xgb,12.59000015258789,5.984000205993652,20.68899917602539,7.800000000000001
00-0034837,2025,4,WR,Calvin Ridley,TEN,xgb,7.620999813079834,1.0140000581741333,15.720000267028809,5.0
00-0034960,2025,4,WR,Jakobi Meyers,LV,xgb,14.430000305175781,7.822999954223633,22.527999877929688,7.0
00-0034983,2025,4,WR,Hunter Renfrow,CAR,xgb,7.97599983215332,1.36899995803833,16.075000762939453,3.0
00-0035021,2025,4,WR,Ashton Dulin,IND,xgb,1.437000036239624,0.0,9.53499984741211,2.8
00-0035208,2025,4,WR,Olamide Zaccheaus,CHI,xgb,9.777000427246094,3.1710000038146973,17.875999450683594,9.100000000000001
00-0035298,2025,4,WR,Scott Miller,PIT,xgb,2.4489998817443848,0.0,10.54800033569336,0.0
00-0035500,2025,4,WR,Greg Dortch,ARI,xgb,3.938999891281128,0.0,12.038000106811523,7.9
00-0035535,2025,4,WR,Darius Slayton,NYG,xgb,4.890999794006348,0.0,12.989999771118164,7.4
00-0035640,2025,4,WR,DK Metcalf,PIT,xgb,9.234999656677246,2.628000020980835,17.33300018310547,23.6
00-0035645,2025,4,WR,Gunner Olszewski,NYG,xgb,1.437000036239624,0.0,9.53499984741211,0.0
00-0035662,2025,4,WR,Marquise Brown,KC,xgb,12.0,5.39300012588501,20.097999572753906,12.8
00-0035676,2025,4,WR,A.J. Brown,PHI,xgb,12.555000305175781,5.947999954223633,20.65399932861328,2.7
00-0035719,2025,4,WR,Deebo Samuel Sr.,WAS,xgb,9.871000289916992,3.2639999389648438,17.9689998626709,20.1
00-0036182,2025,4,WR,Nick Westbrook-Ikhine,MIA,xgb,2.450000047683716,0.0,10.54800033569336,1.1
00-0036252,2025,4,WR,Michael Pittman,IND,xgb,12.651000022888184,6.044000148773193,20.749000549316406,15.100000000000001
00-0036259,2025,4,WR,Jauan Jennings,SF,xgb,9.963000297546387,3.3559999465942383,18.06100082397461,6.4
00-0036309,2025,4,WR,Darnell Mooney,ATL,xgb,9.041999816894531,2.434999942779541,17.141000747680664,2.5
00-0036322,2025,4,WR,Justin Jefferson,MIN,xgb,12.892999649047852,6.285999774932861,20.990999221801758,22.6
00-0036331,2025,4,WR,Devin Duvernay,CHI,xgb,1.437000036239624,0.0,9.53499984741211,0.0
00-0036407,2025,4,WR,Jerry Jeudy,CLE,xgb,18.309999465942383,11.70300006866455,26.408000946044922,7.800000000000001
00-0036410,2025,4,WR,Tee Higgins,CIN,xgb,11.831000328063965,5.223999977111816,19.929000854492188,6.2
00-0036415,2025,4,WR,Van Jefferson,TEN,xgb,3.877000093460083,0.0,11.975000381469727,1.6
00-0036550,2025,4,WR,Rashod Bateman,BAL,xgb,8.670000076293945,2.062999963760376,16.76799964904785,3.4000000000000004
00-0036554,2025,4,WR,Nico Collins,HOU,xgb,15.651000022888184,9.043999671936035,23.749000549316406,11.9
00-0036613,2025,4,WR,Jaylen Waddle,MIA,xgb,12.126999855041504,5.519999980926514,20.225000381469727,7.800000000000001
00-0036630,2025,4,WR,Tylan Wallace,BAL,xgb,3.569000005722046,0.0,11.668000221252441,2.4000000000000004
00-0036646,2025,4,WR,Simi Fehoko,ARI,xgb,2.9760000705718994,0.0,11.074999809265137,0.0
00-0036849,2025,4,WR,Tutu Atwell,LA,xgb,3.318000078201294,0.0,11.416000366210938,15.8
00-0036862,2025,4,WR,Ben Skowronek,PIT,xgb,2.38100004196167,0.0,10.479000091552734,0.0
00-0036900,2025,4,WR,Ja'Marr Chase,CIN,xgb,17.42799949645996,10.821000099182129,25.527000427246094,7.300000000000001
00-0036912,2025,4,WR,DeVonta Smith,PHI,xgb,13.430000305175781,6.822999954223633,21.527999877929688,4.9
00-0036963,2025,4,WR,Amon-Ra St. Brown,DET,xgb,9.770999908447266,3.1640000343322754,17.8700008392334,26.0
00-0036980,2025,4,WR,Elijah Moore,BUF,xgb,4.501999855041504,0.0,12.60099983215332,0.0
00-0036988,2025,4,WR,Josh Palmer,BUF,xgb,8.805000305175781,2.197999954223633,16.90399932861328,4.5
00-0037091,2025,4,WR,Bo Melton,GB,xgb,1.972000002861023,0.0,10.071000099182129,0.0
00-0037093,2025,4,WR,Dareke Young,SEA,xgb,2.25600004196167,0.0,10.354000091552734,0.0
00-0037238,2025,4,WR,Drake London,ATL,xgb,20.430999755859375,13.824000358581543,28.52899932861328,25.0
00-0037239,2025,4,WR,Chris Olave,NO,xgb,17.349000930786133,10.741999626159668,25.44700050354004,9.0
00-0037240,2025,4,WR,Jameson Williams,DET,xgb,10.470999717712402,3.864000082015991,18.569000244140625,5.7
00-0037247,2025,4,WR,George Pickens,DAL,xgb,12.359000205993652,5.751999855041504,20.457000732421875,33.4
00-0037261,2025,4,WR,Khalil Shakir,BUF,xgb,11.142999649047852,4.5370001792907715,19.242000579833984,17.9
00-0037291,2025,4,WR,Jalen Nailor,MIN,xgb,7.261000156402588,0.6549999713897705,15.359999656677246,9.2
00-0037524,2025,4,WR,Tay Martin,WAS,xgb,3.734999895095825,0.0,11.833000183105469,2.4000000000000004
00-0037545,2025,4,WR,Rashid Shaheed,NO,xgb,12.369000434875488,5.76200008392334,20.468000411987305,9.2
00-0037614,2025,4,WR,John Metchie III,PHI,xgb,3.2929999828338623,0.0,11.390999794006348,3.0
00-0037666,2025,4,WR,Jalen Tolbert,DAL,xgb,7.081999778747559,0.4749999940395355,15.180000305175781,10.100000000000001
00-0037740,2025,4,WR,Garrett Wilson,NYJ,xgb,10.531000137329102,3.9240000247955322,18.628999710083008,20.200000000000003
00-0037741,2025,4,WR,Jahan Dotson,PHI,xgb,4.794000148773193,0.0,12.892000198364258,0.0
00-0037745,2025,4,WR,Velus Jones Jr.,NO,xgb,1.4199999570846558,0.0,9.519000053405762,0.0
00-0037801,2025,4,WR,KaVontae Turpin,DAL,xgb,7.015999794006348,0.4090000092983246,15.11400032043457,6.4
00-0037816,2025,4,WR,Romeo Doubs,GB,xgb,10.137999534606934,3.5309998989105225,18.23699951171875,29.8
00-0037837,2025,4,WR,Calvin Austin III,PIT,xgb,9.071999549865723,2.4649999141693115,17.170000076293945,3.3
00-0038090,2025,4,WR,Skyy Moore,SF,xgb,2.2730000019073486,0.0,10.371000289916992,0.0
00-0038104,2025,4,WR,Tyquan Thornton,KC,xgb,9.069999694824219,2.4630000591278076,17.167999267578125,8.1
00-0038117,2025,4,WR,Wan'Dale Robinson,NYG,xgb,16.136999130249023,9.529999732971191,24.236000061035156,4.4
00-0038359,2025,4,WR,Xavier Smith,LA,xgb,1.4450000524520874,0.0,9.543000221252441,0.0
00-0038393,2025,4,WR,Dontayvion Wicks,GB,xgb,7.678999900817871,1.0720000267028809,15.777999877929688,3.9000000000000004
00-0038465,2025,4,WR,Malik Heath,GB,xgb,2.0940001010894775,0.0,10.192999839782715,1.9
00-0038519,2025,4,WR,Nikko Remigio,KC,xgb,1.6759999990463257,0.0,9.774999618530273,0.0
00-0038543,2025,4,WR,Jaxon Smith-Njigba,SEA,xgb,17.42300033569336,10.815999984741211,25.520999908447266,13.0
00-0038544,2025,4,WR,Quentin Johnston,LAC,xgb,13.661999702453613,7.054999828338623,21.76099967956543,23.8
00-0038559,2025,4,WR,Michael Wilson,ARI,xgb,4.26800012588501,0.0,12.366000175476074,4.5
00-0038563,2025,4,WR,Tre Tucker,LV,xgb,12.170000076293945,5.563000202178955,20.26799964904785,4.2
00-0038576,2025,4,WR,Charlie Jones,CIN,xgb,1.437000036239624,0.0,9.53499984741211,0.0
00-0038606,2025,4,WR,Parker Washington,JAX,xgb,9.331000328063965,2.7239999771118164,17.429000854492188,5.9
00-0038608,2025,4,WR,Kayshon Boutte,NE,xgb,8.833000183105469,2.2260000705718994,16.93199920654297,2.8
00-0038618,2025,4,WR,Xavier Hutchinson,HOU,xgb,5.61899995803833,0.0,13.717000007629395,3.7
00-0038619,2025,4,WR,Andrei Iosivas,CIN,xgb,6.495999813079834,0.0,14.593999862670898,3.7
00-0038679,2025,4,WR,Tyrell Shavers,BUF,xgb,4.206999778747559,0.0,12.305999755859375,0.0
00-0038752,2025,4,WR,Jake Bobo,SEA,xgb,2.634999990463257,0.0,10.734000205993652,2.7
00-0038839,2025,4,WR,Mitchell Tinsley,CIN,xgb,3.117000102996826,0.0,11.21500015258789,1.9
00-0038840,2025,4,WR,Brycen Tremayne,CAR,xgb,4.296000003814697,0.0,12.394000053405762,6.6
00-0038976,2025,4,WR,Marvin Mims Jr.,DEN,xgb,8.026000022888184,1.4190000295639038,16.125,20.5
00-0038979,2025,4,WR,Cedric Tillman,CLE,xgb,9.440999984741211,2.8340001106262207,17.538999557495117,1.6
00-0038994,2025,4,WR,Jordan Addison,MIN,xgb,9.906999588012695,3.299999952316284,18.0049991607666,15.4
00-0038997,2025,4,WR,Josh Downs,IND,xgb,8.918000221252441,2.311000108718872,17.016000747680664,6.4
00-0039064,2025,4,WR,Zay Flowers,BAL,xgb,12.706999778747559,6.099999904632568,20.805999755859375,14.4
00-0039075,2025,4,WR,Puka Nacua,LA,xgb,21.597999572753906,14.991000175476074,29.695999145507812,36.0
00-0039337,2025,4,WR,Malik Nabers,NYG,xgb,12.965999603271484,6.359000205993652,21.065000534057617,4.0
00-0039355,2025,4,WR,Luke McCaffrey,WAS,xgb,3.747999906539917,0.0,11.847000122070312,10.1
00-0039394,2025,4,WR,Casey Washington,ATL,xgb,7.22599983215332,0.6190000176429749,15.324000358581543,2.9000000000000004
00-0039410,2025,4,WR,Ryan Flournoy,DAL,xgb,3.431999921798706,0.0,11.529999732971191,4.6
00-0039451,2025,4,WR,Isaiah Williams,NYJ,xgb,1.4199999570846558,0.0,9.519000053405762,0.0
00-0039521,2025,4,WR,Xavier Weaver,ARI,xgb,2.7699999809265137,0.0,10.868000030517578,0.0
00-0039589,2025,4,WR,Kameron Johnson,TB,xgb,1.437000036239624,0.0,9.53499984741211,0.0
00-0039751,2025,4,WR,Jordan Whittington,LA,xgb,4.439000129699707,0.0,12.536999702453613,1.7000000000000002
00-0039792,2025,4,WR,Devontez Walker,BAL,xgb,3.671999931335449,0.0,11.770000457763672,0.0
00-0039816,2025,4,WR,Anthony Gould,IND,xgb,1.437000036239624,0.0,9.53499984741211,0.0
00-0039849,2025,4,WR,Marvin Harrison Jr.,ARI,xgb,11.659000396728516,5.052000045776367,19.757999420166016,18.6
00-0039868,2025,4,WR,Troy Franklin,DEN,xgb,11.579000473022461,4.9720001220703125,19.677000045776367,9.5
00-0039880,2025,4,WR,Malik Washington,MIA,xgb,6.193999767303467,0.0,14.291999816894531,4.1
00-0039890,2025,4,WR,Adonai Mitchell,IND,xgb,3.9549999237060547,0.0,12.053000450134277,10.600000000000001
00-0039893,2025,4,WR,Brian Thomas Jr.,JAX,xgb,7.513000011444092,0.906000018119812,15.611000061035156,10.600000000000001
00-0039894,2025,4,WR,Xavier Worthy,KC,xgb,8.831000328063965,2.2239999771118164,16.929000854492188,17.1
00-0039901,2025,4,WR,Keon Coleman,BUF,xgb,13.156999588012695,6.550000190734863,21.256000518798828,7.5
00-0039915,2025,4,WR,Ladd McConkey,LAC,xgb,14.177000045776367,7.570000171661377,22.275999069213867,2.1
00-0039916,2025,4,WR,Ricky Pearsall,SF,xgb,9.859999656677246,3.253000020980835,17.958999633789062,8.600000000000001
00-0039919,2025,4,WR,Rome Odunze,CHI,xgb,14.663000106811523,8.055999755859375,22.761999130249023,16.9
00-0040009,2025,4,WR,Savion Williams,GB,xgb,1.9830000400543213,0.0,10.081000328063965,5.300000000000001
00-0040124,2025,4,WR,Tetairoa McMillan,CAR,xgb,13.758000373840332,7.151000022888184,21.856000900268555,10.2
00-0040129,2025,4,WR,Emeka Egbuka,TB,xgb,16.847999572753906,10.241000175476074,24.94700050354004,20.1
00-0040130,2025,4,WR,Jayden Higgins,HOU,xgb,3.9700000286102295,0.0,12.067999839782715,9.4
00-0040131,2025,4,WR,Kyle Williams,NE,xgb,3.134999990463257,0.0,11.234000205993652,-0.2
00-0040134,2025,4,WR,Pat Bryant,DEN,xgb,4.699999809265137,0.0,12.79800033569336,0.0
00-0040138,2025,4,WR,Jaylin Noel,HOU,xgb,2.8949999809265137,0.0,10.993000030517578,1.0
00-0040154,2025,4,WR,Tai Felton,MIN,xgb,2.3459999561309814,0.0,10.444000244140625,0.0
00-0040164,2025,4,WR,Jaylin Lane,WAS,xgb,4.833000183105469,0.0,12.930999755859375,3.8
00-0040170,2025,4,WR,Elic Ayomanor,TEN,xgb,10.647000312805176,4.039999961853027,18.7450008392334,6.4
00-0040184,2025,4,WR,KeAndre Lambert-Smith,LAC,xgb,1.843000054359436,0.0,9.940999984741211,0.0
00-0040237,2025,4,WR,Tez Johnson,TB,xgb,2.6419999599456787,0.0,10.739999771118164,2.3
00-0040506,2025,4,WR,Myles Price,MIN,xgb,1.437000036239624,0.0,9.53499984741211,0.0
00-0040581,2025,4,WR,Dont'e Thornton Jr.,LV,xgb,5.565000057220459,0.0,13.663000106811523,0.0
00-0040648,2025,4,WR,Tory Horton,SEA,xgb,6.510000228881836,0.0,14.609000205993652,2.0
00-0040667,2025,4,WR,Matthew Golden,GB,xgb,5.2789998054504395,0.0,13.376999855041504,11.3
00-0040705,2025,4,WR,Chimere Dike,TEN,xgb,6.335999965667725,0.0,14.434000015258789,-0.4
00-0040727,2025,4,WR,Tre Harris,LAC,xgb,3.5869998931884766,0.0,11.6850004196167,0.0
00-0040729,2025,4,WR,Jack Bech,LV,xgb,3.6579999923706055,0.0,11.755999565124512,0.0
00-0040735,2025,4,WR,Luther Burden III,CHI,xgb,7.908999919891357,1.3020000457763672,16.006999969482422,1.6
00-0040782,2025,4,WR,Isaiah Bond,CLE,xgb,4.764999866485596,0.0,12.86299991607666,8.8
00-0030279,2025,5,WR,Keenan Allen,LAC,xgb,13.472999572753906,6.866000175476074,21.57200050354004,10.8
00-0030564,2025,5,WR,DeAndre Hopkins,BAL,xgb,3.5869998931884766,0.0,11.6850004196167,6.6000000000000005
00-0031236,2025,5,WR,Brandin Cooks,NO,xgb,6.113999843597412,0.0,14.213000297546387,1.5
00-0031381,2025,5,WR,Davante Adams,LA,xgb,12.706000328063965,6.098999977111816,20.804000854492188,13.8
00-0031588,2025,5,WR,Stefon Diggs,NE,xgb,9.746999740600586,3.140000104904175,17.844999313354492,24.6
00-0032211,2025,5,WR,Tyler Lockett,TEN,xgb,4.1539998054504395,0.0,12.253000259399414,1.6
00-0032385,2025,5,WR,Sterling Shepard,TB,xgb,9.097999572753906,2.490999937057495,17.195999145507812,11.9
00-0032398,2025,5,WR,Chris Moore,WAS,xgb,3.5950000286102295,0.0,11.694000244140625,0.0
00-0032464,2025,5,WR,Kalif Raymond,DET,xgb,5.168000221252441,0.0,13.267000198364258,0.0
00-0032775,2025,5,WR,Demarcus Robinson,SF,xgb,4.285999774932861,0.0,12.385000228881836,6.9
00-0033282,2025,5,WR,Curtis Samuel,BUF,xgb,4.505000114440918,0.0,12.602999687194824,10.6
00-0033307,2025,5,WR,Kendrick Bourne,SF,xgb,6.423999786376953,0.0,14.522000312805176,24.200000000000003
00-0033375,2025,5,WR,Tim Patrick,JAX,xgb,2.8919999599456787,0.0,10.989999771118164,0.0
00-0033857,2025,5,WR,JuJu Smith-Schuster,KC,xgb,7.501999855041504,0.8949999809265137,15.600000381469727,3.7
00-0033891,2025,5,WR,Zay Jones,ARI,xgb,5.059999942779541,0.0,13.157999992370605,2.8
00-0033908,2025,5,WR,Cooper Kupp,SEA,xgb,9.11299991607666,2.50600004196167,17.211999893188477,11.9
00-0033921,2025,5,WR,Chris Godwin Jr.,TB,xgb,14.815999984741211,8.208999633789062,22.913999557495117,5.6
00-0033943,2025,5,WR,Josh Reynolds,NYJ,xgb,4.3429999351501465,0.0,12.442000389099121,7.9
00-0034272,2025,5,WR,Marquez Valdes-Scantling,SF,xgb,2.9639999866485596,0.0,11.062999725341797,1.9
00-0034348,2025,5,WR,Courtland Sutton,DEN,xgb,17.134000778198242,10.527000427246094,25.23200035095215,17.9
00-0034487,2025,5,WR,Trent Sherfield,DEN,xgb,3.193000078201294,0.0,11.291000366210938,2.5
00-0034521,2025,5,WR,Allen Lazard,NYJ,xgb,3.3380000591278076,0.0,11.435999870300293,1.3
00-0034775,2025,5,WR,Christian Kirk,HOU,xgb,7.51800012588501,0.9110000133514404,15.616000175476074,10.4
00-0034837,2025,5,WR,Calvin Ridley,TEN,xgb,9.095999717712402,2.489000082015991,17.194000244140625,18.1
00-0034867,2025,5,WR,Malik Turner,SF,xgb,1.5549999475479126,0.0,9.654000282287598,0.0
00-0034960,2025,5,WR,Jakobi Meyers,LV,xgb,13.982000350952148,7.375,22.079999923706055,7.2
00-0034983,2025,5,WR,Hunter Renfrow,CAR,xgb,6.255000114440918,0.0,14.354000091552734,1.7000000000000002
00-0035021,2025,5,WR,Ashton Dulin,IND,xgb,2.6559998989105225,0.0,10.755000114440918,7.5
00-0035500,2025,5,WR,Greg Dortch,ARI,xgb,5.7179999351501465,0.0,13.815999984741211,3.2
00-0035535,2025,5,WR,Darius Slayton,NYG,xgb,7.961999893188477,1.3550000190734863,16.059999465942383,4.1
00-0035602,2025,5,WR,Alex Bachman,LV,xgb,2.746999979019165,0.0,10.845999717712402,1.9
00-0035645,2025,5,WR,Gunner Olszewski,NYG,xgb,1.2769999504089355,0.0,9.37600040435791,0.0
00-0035662,2025,5,WR,Marquise Brown,KC,xgb,13.831000328063965,7.223999977111816,21.929000854492188,8.8
00-0035676,2025,5,WR,A.J. Brown,PHI,xgb,11.22599983215332,4.61899995803833,19.323999404907227,9.3
00-0035719,2025,5,WR,Deebo Samuel Sr.,WAS,xgb,12.1899995803833,5.583000183105469,20.288000106811523,23.6
00-0036252,2025,5,WR,Michael Pittman,IND,xgb,14.02400016784668,7.416999816894531,22.12299919128418,14.9
00-0036322,2025,5,WR,Justin Jefferson,MIN,xgb,11.753000259399414,5.145999908447266,19.85099983215332,19.3
00-0036407,2025,5,WR,Jerry Jeudy,CLE,xgb,13.210000038146973,6.603000164031982,21.308000564575195,3.5
00-0036410,2025,5,WR,Tee Higgins,CIN,xgb,6.855000019073486,0.24799999594688416,14.954000473022461,11.2
00-0036550,2025,5,WR,Rashod Bateman,BAL,xgb,9.119999885559082,2.513000011444092,17.2189998626709,0.0
00-0036554,2025,5,WR,Nico Collins,HOU,xgb,10.3149995803833,3.7079999446868896,18.413000106811523,16.0
00-0036613,2025,5,WR,Jaylen Waddle,MIA,xgb,9.786999702453613,3.180000066757202,17.885000228881836,23.0
00-0036620,2025,5,WR,Dee Eskridge,MIA,xgb,2.062999963760376,0.0,10.16100025177002,0.0
00-0036626,2025,5,WR,Dyami Brown,JAX,xgb,9.09000015258789,2.4830000400543213,17.187999725341797,3.5
00-0036646,2025,5,WR,Simi Fehoko,ARI,xgb,2.2780001163482666,0.0,10.376999855041504,0.0
00-0036849,2025,5,WR,Tutu Atwell,LA,xgb,6.583000183105469,0.0,14.682000160217285,9.2
00-0036900,2025,5,WR,Ja'Marr Chase,CIN,xgb,14.717000007629395,8.109999656677246,22.81599998474121,29.0
00-0036912,2025,5,WR,DeVonta Smith,PHI,xgb,9.269000053405762,2.6619999408721924,17.367000579833984,19.4
00-0036963,2025,5,WR,Amon-Ra St. Brown,DET,xgb,19.832000732421875,13.22599983215332,27.930999755859375,18.0
00-0036988,2025,5,WR,Josh Palmer,BUF,xgb,8.180000305175781,1.5729999542236328,16.27899932861328,5.6
00-0037093,2025,5,WR,Dareke Young,SEA,xgb,1.437999963760376,0.0,9.536999702453613,4.6
00-0037239,2025,5,WR,Chris Olave,NO,xgb,14.993000030517578,8.38599967956543,23.090999603271484,12.9
00-0037240,2025,5,WR,Jameson Williams,DET,xgb,9.244000434875488,2.638000011444092,17.343000411987305,2.0
00-0037247,2025,5,WR,George Pickens,DAL,xgb,17.33300018310547,10.72599983215332,25.430999755859375,13.7
00-0037261,2025,5,WR,Khalil Shakir,BUF,xgb,9.241000175476074,2.634000062942505,17.339000701904297,11.0
00-0037291,2025,5,WR,Jalen Nailor,MIN,xgb,7.464000225067139,0.8569999933242798,15.562000274658203,7.2
00-0037524,2025,5,WR,Tay Martin,WAS,xgb,3.197999954223633,0.0,11.295999526977539,1.9
00-0037545,2025,5,WR,Rashid Shaheed,NO,xgb,10.458000183105469,3.8510000705718994,18.55699920654297,21.4
00-0037666,2025,5,WR,Jalen Tolbert,DAL,xgb,8.309000015258789,1.7020000219345093,16.406999588012695,0.0
00-0037740,2025,5,WR,Garrett Wilson,NYJ,xgb,12.732999801635742,6.125999927520752,20.83099937438965,19.1
00-0037741,2025,5,WR,Jahan Dotson,PHI,xgb,3.427999973297119,0.0,11.527000427246094,3.4000000000000004
00-0037745,2025,5,WR,Velus Jones Jr.,NO,xgb,1.38100004196167,0.0,9.479999542236328,0.0
00-0038090,2025,5,WR,Skyy Moore,SF,xgb,2.0950000286102295,0.0,10.194000244140625,0.1
00-0038104,2025,5,WR,Tyquan Thornton,KC,xgb,17.503999710083008,10.897000312805176,25.601999282836914,12.0
00-0038117,2025,5,WR,Wan'Dale Robinson,NYG,xgb,13.737000465393066,7.130000114440918,21.834999084472656,8.2
00-0038359,2025,5,WR,Xavier Smith,LA,xgb,1.5399999618530273,0.0,9.638999938964844,0.0
00-0038492,2025,5,WR,Jason Brownlee,KC,xgb,3.4809999465942383,0.0,11.579999923706055,0.0
00-0038519,2025,5,WR,Nikko Remigio,KC,xgb,1.5160000324249268,0.0,9.614999771118164,0.0
00-0038543,2025,5,WR,Jaxon Smith-Njigba,SEA,xgb,19.069000244140625,12.461999893188477,27.16699981689453,27.200000000000003
00-0038544,2025,5,WR,Quentin Johnston,LAC,xgb,14.3149995803833,7.708000183105469,22.413000106811523,6.9
00-0038559,2025,5,WR,Michael Wilson,ARI,xgb,5.054999828338623,0.0,13.152999877929688,3.6
00-0038563,2025,5,WR,Tre Tucker,LV,xgb,8.307000160217285,1.7000000476837158,16.4060001373291,11.100000000000001
00-0038576,2025,5,WR,Charlie Jones,CIN,xgb,1.2769999504089355,0.0,9.37600040435791,0.0
00-0038606,2025,5,WR,Parker Washington,JAX,xgb,7.263000011444092,0.656000018119812,15.362000465393066,9.6
00-0038608,2025,5,WR,Kayshon Boutte,NE,xgb,8.470000267028809,1.8630000352859497,16.56800079345703,7.3
00-0038618,2025,5,WR,Xavier Hutchinson,HOU,xgb,5.51800012588501,0.0,13.616999626159668,16.8
00-0038619,2025,5,WR,Andrei Iosivas,CIN,xgb,4.604000091552734,0.0,12.70300006866455,13.200000000000001
00-0038621,2025,5,WR,DeMario Douglas,NE,xgb,6.447999954223633,0.0,14.54699993133545,3.7
00-0038640,2025,5,WR,Jalen Brooks,DAL,xgb,2.7990000247955322,0.0,10.897000312805176,0.0
00-0038679,2025,5,WR,Tyrell Shavers,BUF,xgb,2.009999990463257,0.0,10.107999801635742,0.0
00-0038752,2025,5,WR,Jake Bobo,SEA,xgb,3.2209999561309814,0.0,11.319999694824219,0.0
00-0038840,2025,5,WR,Brycen Tremayne,CAR,xgb,5.01200008392334,0.0,13.111000061035156,1.9
00-0038938,2025,5,WR,Jalin Hyatt,NYG,xgb,2.7690000534057617,0.0,10.868000030517578,0.0
00-0038976,2025,5,WR,Marvin Mims Jr.,DEN,xgb,6.395999908447266,0.0,14.494000434875488,3.9000000000000004
00-0038994,2025,5,WR,Jordan Addison,MIN,xgb,15.987000465393066,9.380000114440918,24.084999084472656,15.100000000000001
00-0038997,2025,5,WR,Josh Downs,IND,xgb,9.633999824523926,3.0269999504089355,17.73200035095215,11.4
00-0039064,2025,5,WR,Zay Flowers,BAL,xgb,17.290000915527344,10.682999610900879,25.38800048828125,12.2
00-0039075,2025,5,WR,Puka Nacua,LA,xgb,18.40399932861328,11.79699993133545,26.50200080871582,24.5
00-0039342,2025,5,WR,Xavier Legette,CAR,xgb,8.251999855041504,1.6449999809265137,16.350000381469727,11.1
00-0039355,2025,5,WR,Luke McCaffrey,WAS,xgb,5.525000095367432,0.0,13.62399959564209,6.0
00-0039379,2025,5,WR,Jamari Thrash,CLE,xgb,3.177000045776367,0.0,11.276000022888184,3.2
00-0039410,2025,5,WR,Ryan Flournoy,DAL,xgb,3.677000045776367,0.0,11.774999618530273,18.4
00-0039424,2025,5,WR,Devaughn Vele,NO,xgb,2.7070000171661377,0.0,10.805999755859375,3.3
00-0039589,2025,5,WR,Kameron Johnson,TB,xgb,1.2769999504089355,0.0,9.37600040435791,0.2
00-0039751,2025,5,WR,Jordan Whittington,LA,xgb,3.5810000896453857,0.0,11.678999900817871,5.300000000000001
00-0039792,2025,5,WR,Devontez Walker,BAL,xgb,2.7009999752044678,0.0,10.800000190734863,0.0
00-0039816,2025,5,WR,Anthony Gould,IND,xgb,1.2769999504089355,0.0,9.37600040435791,0.0
00-0039849,2025,5,WR,Marvin Harrison Jr.,ARI,xgb,11.984999656677246,5.377999782562256,20.08300018310547,13.8
00-0039868,2025,5,WR,Troy Franklin,DEN,xgb,11.5600004196167,4.953000068664551,19.658000946044922,8.5
00-0039880,2025,5,WR,Malik Washington,MIA,xgb,6.168000221252441,0.0,14.265999794006348,4.0
00-0039890,2025,5,WR,Adonai Mitchell,IND,xgb,5.546000003814697,0.0,13.644000053405762,0.0
00-0039893,2025,5,WR,Brian Thomas Jr.,JAX,xgb,10.97700023651123,4.369999885559082,19.076000213623047,12.0
00-0039894,2025,5,WR,Xavier Worthy,KC,xgb,11.65999984741211,5.052999973297119,19.759000778198242,11.100000000000001
00-0039901,2025,5,WR,Keon Coleman,BUF,xgb,11.956999778747559,5.349999904632568,20.055999755859375,10.3
00-0039915,2025,5,WR,Ladd McConkey,LAC,xgb,11.788000106811523,5.181000232696533,19.88599967956543,14.9
00-0039920,2025,5,WR,Malachi Corley,CLE,xgb,3.0369999408721924,0.0,11.13599967956543,1.1
00-0040075,2025,5,WR,LaJohntay Wester,BAL,xgb,1.38100004196167,0.0,9.479999542236328,0.0
00-0040124,2025,5,WR,Tetairoa McMillan,CAR,xgb,12.991000175476074,6.383999824523926,21.089000701904297,13.3
00-0040129,2025,5,WR,Emeka Egbuka,TB,xgb,14.522000312805176,7.914999961853027,22.621000289916992,31.3
00-0040130,2025,5,WR,Jayden Higgins,HOU,xgb,3.8570001125335693,0.0,11.954999923706055,7.2
00-0040134,2025,5,WR,Pat Bryant,DEN,xgb,3.2309999465942383,0.0,11.329999923706055,0.0
00-0040138,2025,5,WR,Jaylin Noel,HOU,xgb,2.75,0.0,10.847999572753906,9.8
00-0040154,2025,5,WR,Tai Felton,MIN,xgb,1.437999963760376,0.0,9.536999702453613,0.0
00-0040164,2025,5,WR,Jaylin Lane,WAS,xgb,3.6040000915527344,0.0,11.70300006866455,2.6
00-0040170,2025,5,WR,Elic Ayomanor,TEN,xgb,9.565999984741211,2.9590001106262207,17.663999557495117,3.8
00-0040184,2025,5,WR,KeAndre Lambert-Smith,LAC,xgb,1.559000015258789,0.0,9.656999588012695,0.0
00-0040237,2025,5,WR,Tez Johnson,TB,xgb,3.0399999618530273,0.0,11.138999938964844,9.9
00-0040432,2025,5,WR,Beaux Collins,NYG,xgb,1.3639999628067017,0.0,9.463000297546387,1.7000000000000002
00-0040506,2025,5,WR,Myles Price,MIN,xgb,1.2769999504089355,0.0,9.37600040435791,0.0
00-0040581,2025,5,WR,Dont'e Thornton Jr.,LV,xgb,3.871999979019165,0.0,11.970000267028809,0.0
00-0040582,2025,5,WR,Arian Smith,NYJ,xgb,3.2960000038146973,0.0,11.395000457763672,2.4000000000000004
00-0040648,2025,5,WR,Tory Horton,SEA,xgb,5.172999858856201,0.0,13.272000312805176,12.9
00-0040669,2025,5,WR,Isaac TeSlaa,DET,xgb,3.694000005722046,0.0,11.791999816894531,8.2
00-0040705,2025,5,WR,Chimere Dike,TEN,xgb,3.990999937057495,0.0,12.08899974822998,3.7
00-0040729,2025,5,WR,Jack Bech,LV,xgb,2.174999952316284,0.0,10.27299976348877,5.7
00-0040782,2025,5,WR,Isaiah Bond,CLE,xgb,5.510000228881836,0.0,13.607999801635742,4.9
00-0030279,2025,6,WR,Keenan Allen,LAC,xgb,14.086000442504883,7.479000091552734,22.18400001525879,6.7
00-0030564,2025,6,WR,DeAndre Hopkins,BAL,xgb,5.103000164031982,0.0,13.20199966430664,4.0
00-0031236,2025,6,WR,Brandin Cooks,NO,xgb,4.828000068664551,0.0,12.927000045776367,3.1
00-0031381,2025,6,WR,Davante Adams,LA,xgb,14.140999794006348,7.533999919891357,22.23900032043457,7.9
00-0031588,2025,6,WR,Stefon Diggs,NE,xgb,13.458000183105469,6.85099983215332,21.55699920654297,5.800000000000001
00-0032211,2025,6,WR,Tyler Lockett,TEN,xgb,3.6700000762939453,0.0,11.767999649047852,1.0
00-0032385,2025,6,WR,Sterling Shepard,TB,xgb,8.024999618530273,1.4179999828338623,16.12299919128418,7.1000000000000005
00-0032398,2025,6,WR,Chris Moore,WAS,xgb,3.4839999675750732,0.0,11.581999778747559,13.600000000000001
00-0032464,2025,6,WR,Kalif Raymond,DET,xgb,2.943000078201294,0.0,11.041000366210938,0.0
00-0032775,2025,6,WR,Demarcus Robinson,SF,xgb,6.822000026702881,0.2150000035762787,14.920000076293945,6.4
00-0033307,2025,6,WR,Kendrick Bourne,SF,xgb,6.333000183105469,0.0,14.430999755859375,19.200000000000003
00-0033375,2025,6,WR,Tim Patrick,JAX,xgb,3.063999891281128,0.0,11.163000106811523,9.6
00-0033555,2025,6,WR,Mack Hollins,NE,xgb,4.493000030517578,0.0,12.590999603271484,4.800000000000001
00-0033572,2025,6,WR,Jamal Agnew,ATL,xgb,2.2249999046325684,0.0,10.322999954223633,0.0
00-0033857,2025,6,WR,JuJu Smith-Schuster,KC,xgb,9.418999671936035,2.812000036239624,17.517000198364258,8.7
00-0033891,2025,6,WR,Zay Jones,ARI,xgb,5.01800012588501,0.0,13.116000175476074,12.9
00-0033908,2025,6,WR,Cooper Kupp,SEA,xgb,8.946000099182129,2.3389999866485596,17.04400062561035,12.0
00-0033943,2025,6,WR,Josh Reynolds,NYJ,xgb,4.758999824523926,0.0,12.857000350952148,5.5
00-0034272,2025,6,WR,Marquez Valdes-Scantling,SF,xgb,3.443000078201294,0.0,11.541000366210938,4.2
00-0034348,2025,6,WR,Courtland Sutton,DEN,xgb,13.315999984741211,6.709000110626221,21.413999557495117,2.7
00-0034827,2025,6,WR,DJ Moore,CHI,xgb,9.961999893188477,3.3550000190734863,18.06100082397461,8.2
00-0034837,2025,6,WR,Calvin Ridley,TEN,xgb,9.470999717712402,2.864000082015991,17.569000244140625,2.8
00-0034854,2025,6,WR,KhaDarel Hodge,ATL,xgb,3.312999963760376,0.0,11.411999702453613,0.0
00-0034960,2025,6,WR,Jakobi Meyers,LV,xgb,12.21399974822998,5.607999801635742,20.312999725341797,7.9
00-0034983,2025,6,WR,Hunter Renfrow,CAR,xgb,7.189000129699707,0.5830000042915344,15.288000106811523,1.7000000000000002
00-0035021,2025,6,WR,Ashton Dulin,IND,xgb,5.696000099182129,0.0,13.795000076293945,0.0
00-0035208,2025,6,WR,Olamide Zaccheaus,CHI,xgb,6.534999847412109,0.0,14.633000373840332,4.800000000000001
00-0035406,2025,6,WR,Lil'Jordan Humphrey,NYG,xgb,3.0209999084472656,0.0,11.119000434875488,9.5
00-0035500,2025,6,WR,Greg Dortch,ARI,xgb,4.622000217437744,0.0,12.720000267028809,9.9
00-0035602,2025,6,WR,Alex Bachman,LV,xgb,2.5920000076293945,0.0,10.6899995803833,0.0
00-0035639,2025,6,WR,Parris Campbell,DAL,xgb,2.8450000286102295,0.0,10.942999839782715,0.0
00-0035640,2025,6,WR,DK Metcalf,PIT,xgb,9.76200008392334,3.1549999713897705,17.860000610351562,19.5
00-0035645,2025,6,WR,Gunner Olszewski,NYG,xgb,1.062000036239624,0.0,9.15999984741211,0.0
00-0035662,2025,6,WR,Marquise Brown,KC,xgb,11.954000473022461,5.3470001220703125,20.052000045776367,20.5
00-0035676,2025,6,WR,A.J. Brown,PHI,xgb,8.9399995803833,2.3329999446868896,17.038999557495117,14.0
00-0035719,2025,6,WR,Deebo Samuel Sr.,WAS,xgb,13.494999885559082,6.888000011444092,21.5939998626709,5.4
00-0036182,2025,6,WR,Nick Westbrook-Ikhine,MIA,xgb,3.000999927520752,0.0,11.100000381469727,0.0
00-0036252,2025,6,WR,Michael Pittman,IND,xgb,14.859000205993652,8.251999855041504,22.95800018310547,4.0
00-0036259,2025,6,WR,Jauan Jennings,SF,xgb,10.890000343322754,4.2829999923706055,18.98900032043457,1.7000000000000002
00-0036331,2025,6,WR,Devin Duvernay,CHI,xgb,1.062000036239624,0.0,9.15999984741211,0.0
00-0036407,2025,6,WR,Jerry Jeudy,CLE,xgb,8.154000282287598,1.5470000505447388,16.25200080871582,9.3
00-0036410,2025,6,WR,Tee Higgins,CIN,xgb,7.215000152587891,0.6079999804496765,15.312999725341797,11.2
00-0036415,2025,6,WR,Van Jefferson,TEN,xgb,2.8519999980926514,0.0,10.949999809265137,11.5
00-0036427,2025,6,WR,Tyler Johnson,NYJ,xgb,4.270999908447266,0.0,12.369000434875488,0.0
00-0036550,2025,6,WR,Rashod Bateman,BAL,xgb,5.3520002365112305,0.0,13.449999809265137,1.8
00-0036613,2025,6,WR,Jaylen Waddle,MIA,xgb,13.923999786376953,7.316999912261963,22.02199935913086,15.82
00-0036620,2025,6,WR,Dee Eskridge,MIA,xgb,1.3630000352859497,0.0,9.461000442504883,0.0
00-0036626,2025,6,WR,Dyami Brown,JAX,xgb,7.4070000648498535,0.800000011920929,15.505000114440918,4.0
00-0036630,2025,6,WR,Tylan Wallace,BAL,xgb,3.11899995803833,0.0,11.217000007629395,0.0
00-0036646,2025,6,WR,Simi Fehoko,ARI,xgb,1.343000054359436,0.0,9.442000389099121,0.0
00-0036862,2025,6,WR,Ben Skowronek,PIT,xgb,2.3929998874664307,0.0,10.491000175476074,0.0
00-0036900,2025,6,WR,Ja'Marr Chase,CIN,xgb,11.199000358581543,4.5920000076293945,19.29800033569336,25.1
00-0036912,2025,6,WR,DeVonta Smith,PHI,xgb,8.333999633789062,1.7269999980926514,16.43199920654297,8.9
00-0036963,2025,6,WR,Amon-Ra St. Brown,DET,xgb,14.758000373840332,8.151000022888184,22.856000900268555,13.7
00-0036980,2025,6,WR,Elijah Moore,BUF,xgb,2.7860000133514404,0.0,10.883999824523926,0.0
00-0036988,2025,6,WR,Josh Palmer,BUF,xgb,6.2270002365112305,0.0,14.324999809265137,8.0
00-0037091,2025,6,WR,Bo Melton,GB,xgb,1.4329999685287476,0.0,9.531000137329102,0.30000000000000004
00-0037093,2025,6,WR,Dareke Young,SEA,xgb,2.2660000324249268,0.0,10.36400032043457,0.0
00-0037238,2025,6,WR,Drake London,ATL,xgb,17.260000228881836,10.652999877929688,25.357999801635742,31.8
00-0037239,2025,6,WR,Chris Olave,NO,xgb,15.531999588012695,8.925000190734863,23.6299991607666,15.8
00-0037240,2025,6,WR,Jameson Williams,DET,xgb,8.354999542236328,1.7480000257492065,16.452999114990234,18.6
00-0037247,2025,6,WR,George Pickens,DAL,xgb,12.984999656677246,6.377999782562256,21.083999633789062,31.8
00-0037261,2025,6,WR,Khalil Shakir,BUF,xgb,10.50100040435791,3.8940000534057617,18.599000930786133,6.300000000000001
00-0037487,2025,6,WR,Deven Thompkins,ATL,xgb,1.468999981880188,0.0,9.567000389099121,0.0
00-0037545,2025,6,WR,Rashid Shaheed,NO,xgb,10.699999809265137,4.0929999351501465,18.79800033569336,6.800000000000001
00-0037664,2025,6,WR,Alec Pierce,IND,xgb,7.810999870300293,1.2039999961853027,15.90999984741211,6.800000000000001
00-0037666,2025,6,WR,Jalen Tolbert,DAL,xgb,4.63100004196167,0.0,12.729999542236328,1.8
00-0037740,2025,6,WR,Garrett Wilson,NYJ,xgb,12.593000411987305,5.986000061035156,20.69099998474121,4.3
00-0037741,2025,6,WR,Jahan Dotson,PHI,xgb,4.695000171661377,0.0,12.793000221252441,2.7
00-0037816,2025,6,WR,Romeo Doubs,GB,xgb,10.41100025177002,3.803999900817871,18.509000778198242,10.5
00-0038090,2025,6,WR,Skyy Moore,SF,xgb,1.0399999618530273,0.0,9.137999534606934,0.0
00-0038117,2025,6,WR,Wan'Dale Robinson,NYG,xgb,10.52400016784668,3.9170000553131104,18.621999740600586,20.4
00-0038359,2025,6,WR,Xavier Smith,LA,xgb,1.121000051498413,0.0,9.220000267028809,0.0
00-0038393,2025,6,WR,Dontayvion Wicks,GB,xgb,5.925000190734863,0.0,14.02299976348877,3.5
00-0038492,2025,6,WR,Jason Brownlee,KC,xgb,1.7569999694824219,0.0,9.855999946594238,0.0
00-0038519,2025,6,WR,Nikko Remigio,KC,xgb,1.121000051498413,0.0,9.220000267028809,0.0
00-0038543,2025,6,WR,Jaxon Smith-Njigba,SEA,xgb,14.967000007629395,8.359999656677246,23.06599998474121,30.2
00-0038559,2025,6,WR,Michael Wilson,ARI,xgb,5.2820000648498535,0.0,13.380000114440918,8.4
00-0038563,2025,6,WR,Tre Tucker,LV,xgb,14.744000434875488,8.13700008392334,22.841999053955078,12.0
00-0038576,2025,6,WR,Charlie Jones,CIN,xgb,1.062000036239624,0.0,9.15999984741211,0.0
00-0038606,2025,6,WR,Parker Washington,JAX,xgb,6.559999942779541,0.0,14.657999992370605,4.9
00-0038608,2025,6,WR,Kayshon Boutte,NE,xgb,6.127999782562256,0.0,14.22700023651123,26.3
00-0038619,2025,6,WR,Andrei Iosivas,CIN,xgb,8.347999572753906,1.7410000562667847,16.445999145507812,1.5
00-0038621,2025,6,WR,DeMario Douglas,NE,xgb,5.377999782562256,0.0,13.47700023651123,16.1
00-0038679,2025,6,WR,Tyrell Shavers,BUF,xgb,2.9549999237060547,0.0,11.053000450134277,5.7
00-0038740,2025,6,WR,Jalen Moreno-Cropper,DAL,xgb,1.1490000486373901,0.0,9.246999740600586,0.0
00-0038824,2025,6,WR,Ryan Miller,TB,xgb,3.312999963760376,0.0,11.41100025177002,0.0
00-0038938,2025,6,WR,Jalin Hyatt,NYG,xgb,7.5879998207092285,0.9810000061988831,15.685999870300293,4.7
00-0038976,2025,6,WR,Marvin Mims Jr.,DEN,xgb,5.803999900817871,0.0,13.902000427246094,4.800000000000001
00-0038997,2025,6,WR,Josh Downs,IND,xgb,9.359999656677246,2.753000020980835,17.45800018310547,16.2
00-0039064,2025,6,WR,Zay Flowers,BAL,xgb,14.967000007629395,8.359999656677246,23.06599998474121,8.600000000000001
00-0039075,2025,6,WR,Puka Nacua,LA,xgb,17.35700035095215,10.75,25.45599937438965,4.800000000000001
00-0039342,2025,6,WR,Xavier Legette,CAR,xgb,6.051000118255615,0.0,14.149999618530273,3.1
00-0039355,2025,6,WR,Luke McCaffrey,WAS,xgb,7.202000141143799,0.5950000286102295,15.300999641418457,10.3
00-0039379,2025,6,WR,Jamari Thrash,CLE,xgb,3.3289999961853027,0.0,11.427000045776367,3.3
00-0039394,2025,6,WR,Casey Washington,ATL,xgb,4.946000099182129,0.0,13.043999671936035,0.0
00-0039410,2025,6,WR,Ryan Flournoy,DAL,xgb,7.427000045776367,0.8199999928474426,15.524999618530273,6.300000000000001
00-0039451,2025,6,WR,Isaiah Williams,NYJ,xgb,1.1660000085830688,0.0,9.263999938964844,0.0
00-0039589,2025,6,WR,Kameron Johnson,TB,xgb,1.062000036239624,0.0,9.15999984741211,16.4
00-0039623,2025,6,WR,Mason Tipton,NO,xgb,2.6389999389648438,0.0,10.737000465393066,0.0
00-0039739,2025,6,WR,Roman Wilson,PIT,xgb,3.1570000648498535,0.0,11.255000114440918,2.2
00-0039751,2025,6,WR,Jordan Whittington,LA,xgb,3.546999931335449,0.0,11.645999908447266,5.300000000000001
00-0039816,2025,6,WR,Anthony Gould,IND,xgb,1.062000036239624,0.0,9.15999984741211,0.0
00-0039849,2025,6,WR,Marvin Harrison Jr.,ARI,xgb,13.404000282287598,6.796999931335449,21.50200080871582,5.2
00-0039868,2025,6,WR,Troy Franklin,DEN,xgb,12.468000411987305,5.861000061035156,20.566999435424805,3.1
00-0039880,2025,6,WR,Malik Washington,MIA,xgb,6.0269999504089355,0.0,14.125,6.300000000000001
00-0039893,2025,6,WR,Brian Thomas Jr.,JAX,xgb,12.82699966430664,6.21999979019165,20.926000595092773,23.0
00-0039894,2025,6,WR,Xavier Worthy,KC,xgb,10.751999855041504,4.144999980926514,18.850000381469727,10.6
00-0039901,2025,6,WR,Keon Coleman,BUF,xgb,9.694000244140625,3.0869998931884766,17.79199981689453,4.1
00-0039915,2025,6,WR,Ladd McConkey,LAC,xgb,12.956999778747559,6.349999904632568,21.05500030517578,23.0
00-0039919,2025,6,WR,Rome Odunze,CHI,xgb,10.274999618530273,3.6679999828338623,18.37299919128418,5.2
00-0040009,2025,6,WR,Savion Williams,GB,xgb,2.746000051498413,0.0,10.845000267028809,0.30000000000000004
00-0040075,2025,6,WR,LaJohntay Wester,BAL,xgb,1.062000036239624,0.0,9.15999984741211,0.0
00-0040124,2025,6,WR,Tetairoa McMillan,CAR,xgb,13.819999694824219,7.2129998207092285,21.917999267578125,17.9
00-0040129,2025,6,WR,Emeka Egbuka,TB,xgb,10.184000015258789,3.5769999027252197,18.281999588012695,4.4
00-0040131,2025,6,WR,Kyle Williams,NE,xgb,2.171999931335449,0.0,10.270999908447266,0.0
00-0040134,2025,6,WR,Pat Bryant,DEN,xgb,1.7929999828338623,0.0,9.890999794006348,4.2
00-0040164,2025,6,WR,Jaylin Lane,WAS,xgb,4.0329999923706055,0.0,12.130999565124512,5.4
00-0040170,2025,6,WR,Elic Ayomanor,TEN,xgb,9.246999740600586,2.640000104904175,17.344999313354492,5.7
00-0040184,2025,6,WR,KeAndre Lambert-Smith,LAC,xgb,1.062000036239624,0.0,9.15999984741211,1.1
00-0040218,2025,6,WR,Jimmy Horn Jr.,CAR,xgb,4.936999797821045,0.0,13.03600025177002,6.7
00-0040237,2025,6,WR,Tez Johnson,TB,xgb,3.7860000133514404,0.0,11.885000228881836,11.5
00-0040259,2025,6,WR,Gage Larvadain,CLE,xgb,1.1490000486373901,0.0,9.246999740600586,4.2
00-0040582,2025,6,WR,Arian Smith,NYJ,xgb,2.869999885559082,0.0,10.968999862670898,0.0
00-0040648,2025,6,WR,Tory Horton,SEA,xgb,7.489999771118164,0.8830000162124634,15.588000297546387,0.0
00-0040667,2025,6,WR,Matthew Golden,GB,xgb,6.583000183105469,0.0,14.682000160217285,13.200000000000001
00-0040705,2025,6,WR,Chimere Dike,TEN,xgb,5.24399995803833,0.0,13.342000007629395,2.8
00-0040727,2025,6,WR,Tre Harris,LAC,xgb,2.9639999866485596,0.0,11.062999725341797,6.7
00-0040729,2025,6,WR,Jack Bech,LV,xgb,3.828000068664551,0.0,11.925999641418457,0.0
00-0040735,2025,6,WR,Luther Burden III,CHI,xgb,6.263999938964844,0.0,14.36299991607666,9.100000000000001
00-0040782,2025,6,WR,Isaiah Bond,CLE,xgb,5.813000202178955,0.0,13.91100025177002,2.9
00-0030035,2025,7,WR,Adam Thielen,MIN,xgb,5.214000225067139,0.0,13.312000274658203,2.0
00-0030279,2025,7,WR,Keenan Allen,LAC,xgb,12.461000442504883,5.854000091552734,20.55900001525879,28.9
00-0031236,2025,7,WR,Brandin Cooks,NO,xgb,5.308000087738037,0.0,13.406000137329102,1.3
00-0031381,2025,7,WR,Davante Adams,LA,xgb,15.204999923706055,8.597999572753906,23.30299949645996,26.5
00-0031408,2025,7,WR,Mike Evans,TB,xgb,12.781999588012695,6.175000190734863,20.8799991607666,0.0
00-0031588,2025,7,WR,Stefon Diggs,NE,xgb,11.038000106811523,4.431000232696533,19.13599967956543,13.9
00-0032211,2025,7,WR,Tyler Lockett,TEN,xgb,4.658999919891357,0.0,12.756999969482422,3.8
00-0032385,2025,7,WR,Sterling Shepard,TB,xgb,7.526000022888184,0.9190000295639038,15.625,7.5
00-0032398,2025,7,WR,Chris Moore,WAS,xgb,6.114999771118164,0.0,14.213000297546387,7.9
00-0032464,2025,7,WR,Kalif Raymond,DET,xgb,2.1459999084472656,0.0,10.244999885559082,4.7
00-0032688,2025,7,WR,Robbie Chosen,WAS,xgb,3.1649999618530273,0.0,11.263999938964844,7.6
00-0032775,2025,7,WR,Demarcus Robinson,SF,xgb,5.577000141143799,0.0,13.675000190734863,0.0
00-0032951,2025,7,WR,Laquon Treadwell,IND,xgb,2.494999885559082,0.0,10.593000411987305,0.0
00-0033307,2025,7,WR,Kendrick Bourne,SF,xgb,12.67199993133545,6.065000057220459,20.770000457763672,3.4000000000000004
00-0033375,2025,7,WR,Tim Patrick,JAX,xgb,4.65500020980835,0.0,12.753000259399414,3.2
00-0033555,2025,7,WR,Mack Hollins,NE,xgb,5.4710001945495605,0.0,13.569000244140625,7.300000000000001
00-0033572,2025,7,WR,Jamal Agnew,ATL,xgb,2.242000102996826,0.0,10.34000015258789,0.0
00-0033857,2025,7,WR,JuJu Smith-Schuster,KC,xgb,8.449999809265137,1.843000054359436,16.54800033569336,6.5
00-0033891,2025,7,WR,Zay Jones,ARI,xgb,9.08899974822998,2.4820001125335693,17.187000274658203,8.7
00-0033908,2025,7,WR,Cooper Kupp,SEA,xgb,9.63700008392334,3.0309998989105225,17.736000061035156,2.2
00-0033943,2025,7,WR,Josh Reynolds,NYJ,xgb,4.946000099182129,0.0,13.045000076293945,5.9
00-0034348,2025,7,WR,Courtland Sutton,DEN,xgb,11.241000175476074,4.633999824523926,19.339000701904297,16.700000000000003
00-0034419,2025,7,WR,Braxton Berrios,HOU,xgb,1.1039999723434448,0.0,9.20300006866455,0.9
00-0034521,2025,7,WR,Allen Lazard,NYJ,xgb,4.127999782562256,0.0,12.22700023651123,3.6
00-0034827,2025,7,WR,DJ Moore,CHI,xgb,10.121000289916992,3.5139999389648438,18.2189998626709,8.2
00-0034854,2025,7,WR,KhaDarel Hodge,ATL,xgb,1.4320000410079956,0.0,9.531000137329102,0.0
00-0034867,2025,7,WR,Malik Turner,SF,xgb,2.5940001010894775,0.0,10.692000389099121,0.0
00-0035208,2025,7,WR,Olamide Zaccheaus,CHI,xgb,7.454999923706055,0.8479999899864197,15.553999900817871,2.9
00-0035298,2025,7,WR,Scott Miller,PIT,xgb,3.0250000953674316,0.0,11.123000144958496,1.9
00-0035406,2025,7,WR,Lil'Jordan Humphrey,NYG,xgb,7.576000213623047,0.9700000286102295,15.675000190734863,0.0
00-0035500,2025,7,WR,Greg Dortch,ARI,xgb,5.486999988555908,0.0,13.585000038146973,2.5
00-0035602,2025,7,WR,Alex Bachman,LV,xgb,1.2209999561309814,0.0,9.319999694824219,0.0
00-0035640,2025,7,WR,DK Metcalf,PIT,xgb,14.267000198364258,7.659999847412109,22.364999771118164,8.0
00-0035645,2025,7,WR,Gunner Olszewski,NYG,xgb,1.0290000438690186,0.0,9.126999855041504,0.0
00-0035662,2025,7,WR,Marquise Brown,KC,xgb,11.571999549865723,4.965000152587891,19.67099952697754,9.4
00-0035676,2025,7,WR,A.J. Brown,PHI,xgb,11.616999626159668,5.010000228881836,19.71500015258789,28.1
00-0036176,2025,7,WR,Mason Kinsey,TEN,xgb,1.1019999980926514,0.0,9.199999809265137,0.0
00-0036182,2025,7,WR,Nick Westbrook-Ikhine,MIA,xgb,2.7799999713897705,0.0,10.878000259399414,4.6
00-0036252,2025,7,WR,Michael Pittman,IND,xgb,9.84000015258789,3.2330000400543213,17.937999725341797,20.8
00-0036259,2025,7,WR,Jauan Jennings,SF,xgb,8.47599983215332,1.86899995803833,16.573999404907227,7.1
00-0036309,2025,7,WR,Darnell Mooney,ATL,xgb,6.754000186920166,0.1469999998807907,14.852999687194824,9.8
00-0036322,2025,7,WR,Justin Jefferson,MIN,xgb,14.76200008392334,8.154999732971191,22.860000610351562,12.9
00-0036331,2025,7,WR,Devin Duvernay,CHI,xgb,1.0169999599456787,0.0,9.116000175476074,0.0
00-0036358,2025,7,WR,CeeDee Lamb,DAL,xgb,19.65999984741211,13.053000450134277,27.757999420166016,22.0
00-0036407,2025,7,WR,Jerry Jeudy,CLE,xgb,7.303999900817871,0.6970000267028809,15.402999877929688,3.7
00-0036410,2025,7,WR,Tee Higgins,CIN,xgb,8.432999610900879,1.8259999752044678,16.531999588012695,21.6
00-0036415,2025,7,WR,Van Jefferson,TEN,xgb,6.015999794006348,0.0,14.11400032043457,8.100000000000001
00-0036427,2025,7,WR,Tyler Johnson,NYJ,xgb,3.760999917984009,0.0,11.859999656677246,9.0
00-0036554,2025,7,WR,Nico Collins,HOU,xgb,10.994000434875488,4.38700008392334,19.091999053955078,6.7
00-0036613,2025,7,WR,Jaylen Waddle,MIA,xgb,17.816999435424805,11.210000038146973,25.915000915527344,2.5
00-0036620,2025,7,WR,Dee Eskridge,MIA,xgb,2.5160000324249268,0.0,10.614999771118164,6.5
00-0036626,2025,7,WR,Dyami Brown,JAX,xgb,6.084000110626221,0.0,14.182000160217285,7.0
00-0036646,2025,7,WR,Simi Fehoko,ARI,xgb,1.0169999599456787,0.0,9.116000175476074,0.0
00-0036862,2025,7,WR,Ben Skowronek,PIT,xgb,1.593000054359436,0.0,9.692000389099121,0.0
00-0036900,2025,7,WR,Ja'Marr Chase,CIN,xgb,14.937000274658203,8.329999923706055,23.035999298095703,38.1
00-0036912,2025,7,WR,DeVonta Smith,PHI,xgb,11.88700008392334,5.28000020980835,19.985000610351562,33.3
00-0036963,2025,7,WR,Amon-Ra St. Brown,DET,xgb,17.695999145507812,11.08899974822998,25.79400062561035,20.6
00-0037091,2025,7,WR,Bo Melton,GB,xgb,1.1729999780654907,0.0,9.272000312805176,0.0
00-0037093,2025,7,WR,Dareke Young,SEA,xgb,0.9779999852180481,0.0,9.07699966430664,0.0
00-0037238,2025,7,WR,Drake London,ATL,xgb,11.800999641418457,5.193999767303467,19.89900016784668,8.2
00-0037239,2025,7,WR,Chris Olave,NO,xgb,16.44700050354004,9.84000015258789,24.54599952697754,26.8
00-0037240,2025,7,WR,Jameson Williams,DET,xgb,8.79699993133545,2.190000057220459,16.895000457763672,0.0
00-0037247,2025,7,WR,George Pickens,DAL,xgb,16.30299949645996,9.696000099182129,24.402000427246094,12.200000000000001
00-0037291,2025,7,WR,Jalen Nailor,MIN,xgb,6.885000228881836,0.27799999713897705,14.982999801635742,5.7
00-0037545,2025,7,WR,Rashid Shaheed,NO,xgb,10.904000282287598,4.296999931335449,19.003000259399414,8.0
00-0037664,2025,7,WR,Alec Pierce,IND,xgb,5.914999961853027,0.0,14.012999534606934,14.8
00-0037666,2025,7,WR,Jalen Tolbert,DAL,xgb,5.1529998779296875,0.0,13.25100040435791,2.6
00-0037801,2025,7,WR,KaVontae Turpin,DAL,xgb,7.294000148773193,0.6869999766349792,15.392000198364258,2.7
00-0037816,2025,7,WR,Romeo Doubs,GB,xgb,11.432999610900879,4.826000213623047,19.5310001373291,13.2
00-0038090,2025,7,WR,Skyy Moore,SF,xgb,1.0290000438690186,0.0,9.126999855041504,2.5
00-0038104,2025,7,WR,Tyquan Thornton,KC,xgb,7.3520002365112305,0.7459999918937683,15.451000213623047,4.9
00-0038117,2025,7,WR,Wan'Dale Robinson,NYG,xgb,11.57800006866455,4.9710001945495605,19.677000045776367,15.5
00-0038359,2025,7,WR,Xavier Smith,LA,xgb,1.0889999866485596,0.0,9.187000274658203,3.5
00-0038393,2025,7,WR,Dontayvion Wicks,GB,xgb,5.673999786376953,0.0,13.77299976348877,1.5
00-0038465,2025,7,WR,Malik Heath,GB,xgb,3.8459999561309814,0.0,11.944999694824219,0.0
00-0038496,2025,7,WR,Xavier Gipson,PHI,xgb,1.1039999723434448,0.0,9.20300006866455,0.0
00-0038519,2025,7,WR,Nikko Remigio,KC,xgb,1.0889999866485596,0.0,9.187000274658203,0.0
00-0038543,2025,7,WR,Jaxon Smith-Njigba,SEA,xgb,12.263999938964844,5.6570000648498535,20.36199951171875,26.3
00-0038544,2025,7,WR,Quentin Johnston,LAC,xgb,15.36299991607666,8.756999969482422,23.461999893188477,11.0
00-0038559,2025,7,WR,Michael Wilson,ARI,xgb,5.27400016784668,0.0,13.371999740600586,7.0
00-0038563,2025,7,WR,Tre Tucker,LV,xgb,13.345999717712402,6.738999843597412,21.444000244140625,8.3
00-0038573,2025,7,WR,Derius Davis,LAC,xgb,1.3739999532699585,0.0,9.472000122070312,0.0
00-0038576,2025,7,WR,Charlie Jones,CIN,xgb,1.0290000438690186,0.0,9.126999855041504,0.0
00-0038606,2025,7,WR,Parker Washington,JAX,xgb,6.9629998207092285,0.35600000619888306,15.060999870300293,10.2
00-0038608,2025,7,WR,Kayshon Boutte,NE,xgb,8.241000175476074,1.6339999437332153,16.339000701904297,13.5
00-0038618,2025,7,WR,Xavier Hutchinson,HOU,xgb,5.60699987411499,0.0,13.706000328063965,2.3
00-0038619,2025,7,WR,Andrei Iosivas,CIN,xgb,5.498000144958496,0.0,13.595999717712402,7.9
00-0038621,2025,7,WR,DeMario Douglas,NE,xgb,7.1479997634887695,0.5410000085830688,15.246999740600586,4.7
00-0038752,2025,7,WR,Jake Bobo,SEA,xgb,1.940000057220459,0.0,10.038000106811523,1.3
00-0038824,2025,7,WR,Ryan Miller,TB,xgb,2.3610000610351562,0.0,10.458999633789062,2.4000000000000004
00-0038840,2025,7,WR,Brycen Tremayne,CAR,xgb,4.697000026702881,0.0,12.795000076293945,0.0
00-0038938,2025,7,WR,Jalin Hyatt,NYG,xgb,3.010999917984009,0.0,11.109000205993652,0.0
00-0038976,2025,7,WR,Marvin Mims Jr.,DEN,xgb,7.791999816894531,1.184999942779541,15.890000343322754,15.8
00-0038994,2025,7,WR,Jordan Addison,MIN,xgb,12.17300033569336,5.565999984741211,20.270999908447266,21.8
00-0039067,2025,7,WR,Rashee Rice,KC,xgb,11.713000297546387,5.105999946594238,19.81100082397461,23.2
00-0039342,2025,7,WR,Xavier Legette,CAR,xgb,6.614999771118164,0.00800000037997961,14.71399974822998,24.200000000000003
00-0039355,2025,7,WR,Luke McCaffrey,WAS,xgb,4.6579999923706055,0.0,12.756999969482422,0.0
00-0039379,2025,7,WR,Jamari Thrash,CLE,xgb,3.7039999961853027,0.0,11.802000045776367,3.3000000000000003
00-0039394,2025,7,WR,Casey Washington,ATL,xgb,4.486999988555908,0.0,12.585000038146973,2.7
00-0039410,2025,7,WR,Ryan Flournoy,DAL,xgb,10.715999603271484,4.109000205993652,18.815000534057617,0.0
00-0039451,2025,7,WR,Isaiah Williams,NYJ,xgb,1.0169999599456787,0.0,9.116000175476074,0.0
00-0039491,2025,7,WR,Jalen Coker,CAR,xgb,7.071000099182129,0.46399998664855957,15.168999671936035,0.0
00-0039521,2025,7,WR,Xavier Weaver,ARI,xgb,2.7850000858306885,0.0,10.883999824523926,0.0
00-0039589,2025,7,WR,Kameron Johnson,TB,xgb,4.427000045776367,0.0,12.524999618530273,0.0
00-0039623,2025,7,WR,Mason Tipton,NO,xgb,2.937999963760376,0.0,11.036999702453613,0.0
00-0039739,2025,7,WR,Roman Wilson,PIT,xgb,2.9790000915527344,0.0,11.07699966430664,3.7
00-0039751,2025,7,WR,Jordan Whittington,LA,xgb,5.039999961853027,0.0,13.137999534606934,2.9
00-0039816,2025,7,WR,Anthony Gould,IND,xgb,1.0290000438690186,0.0,9.126999855041504,1.3
00-0039849,2025,7,WR,Marvin Harrison Jr.,ARI,xgb,9.819000244140625,3.2119998931884766,17.91699981689453,7.800000000000001
00-0039868,2025,7,WR,Troy Franklin,DEN,xgb,9.164999961853027,2.558000087738037,17.26300048828125,12.9
00-0039880,2025,7,WR,Malik Washington,MIA,xgb,5.697999954223633,0.0,13.795999526977539,8.0
00-0039890,2025,7,WR,Adonai Mitchell,IND,xgb,3.3929998874664307,0.0,11.491000175476074,1.8
00-0039893,2025,7,WR,Brian Thomas Jr.,JAX,xgb,16.069000244140625,9.461999893188477,24.167999267578125,6.1
00-0039894,2025,7,WR,Xavier Worthy,KC,xgb,10.579999923706055,3.9739999771118164,18.679000854492188,7.800000000000001
00-0039915,2025,7,WR,Ladd McConkey,LAC,xgb,11.717000007629395,5.110000133514404,19.815000534057617,15.7
00-0039919,2025,7,WR,Rome Odunze,CHI,xgb,16.350000381469727,9.743000030517578,24.447999954223633,5.1
00-0039920,2025,7,WR,Malachi Corley,CLE,xgb,1.559000015258789,0.0,9.656999588012695,3.7
00-0040009,2025,7,WR,Savion Williams,GB,xgb,2.312000036239624,0.0,10.41100025177002,0.0
00-0040124,2025,7,WR,Tetairoa McMillan,CAR,xgb,10.147000312805176,3.5399999618530273,18.246000289916992,6.300000000000001
00-0040129,2025,7,WR,Emeka Egbuka,TB,xgb,14.156999588012695,7.550000190734863,22.2549991607666,9.8
00-0040130,2025,7,WR,Jayden Higgins,HOU,xgb,4.8460001945495605,0.0,12.944000244140625,0.0
00-0040131,2025,7,WR,Kyle Williams,NE,xgb,2.796999931335449,0.0,10.895000457763672,0.0
00-0040134,2025,7,WR,Pat Bryant,DEN,xgb,3.3239998817443848,0.0,11.42199993133545,1.6
00-0040138,2025,7,WR,Jaylin Noel,HOU,xgb,4.040999889373779,0.0,12.138999938964844,11.7
00-0040154,2025,7,WR,Tai Felton,MIN,xgb,1.0149999856948853,0.0,9.11299991607666,0.0
00-0040164,2025,7,WR,Jaylin Lane,WAS,xgb,3.9549999237060547,0.0,12.053999900817871,9.0
00-0040170,2025,7,WR,Elic Ayomanor,TEN,xgb,8.416999816894531,1.809999942779541,16.514999389648438,4.9
00-0040218,2025,7,WR,Jimmy Horn Jr.,CAR,xgb,6.234000205993652,0.0,14.331999778747559,2.5
00-0040237,2025,7,WR,Tez Johnson,TB,xgb,5.330999851226807,0.0,13.428999900817871,15.8
00-0040259,2025,7,WR,Gage Larvadain,CLE,xgb,2.6410000324249268,0.0,10.739999771118164,0.0
00-0040432,2025,7,WR,Beaux Collins,NYG,xgb,3.0829999446868896,0.0,11.182000160217285,0.0
00-0040506,2025,7,WR,Myles Price,MIN,xgb,1.0169999599456787,0.0,9.116000175476074,0.0
00-0040534,2025,7,WR,Ke'Shawn Williams,PIT,xgb,1.1039999723434448,0.0,9.20300006866455,0.0
00-0040563,2025,7,WR,Efton Chism III,NE,xgb,1.1039999723434448,0.0,9.20300006866455,0.0
00-0040581,2025,7,WR,Dont'e Thornton Jr.,LV,xgb,4.394999980926514,0.0,12.493000030517578,0.0
00-0040582,2025,7,WR,Arian Smith,NYJ,xgb,3.3310000896453857,0.0,11.428999900817871,1.0
00-0040590,2025,7,WR,Konata Mumpfield,LA,xgb,3.621999979019165,0.0,11.720000267028809,7.5
00-0040648,2025,7,WR,Tory Horton,SEA,xgb,4.541999816894531,0.0,12.640999794006348,0.0
00-0040667,2025,7,WR,Matthew Golden,GB,xgb,6.423999786376953,0.0,14.522000312805176,7.7
00-0040669,2025,7,WR,Isaac TeSlaa,DET,xgb,3.9230000972747803,0.0,12.022000312805176,0.0
00-0040705,2025,7,WR,Chimere Dike,TEN,xgb,4.427999973297119,0.0,12.527000427246094,16.9
00-0040727,2025,7,WR,Tre Harris,LAC,xgb,4.315999984741211,0.0,12.413999557495117,4.300000000000001
00-0040729,2025,7,WR,Jack Bech,LV,xgb,2.684000015258789,0.0,10.782999992370605,3.3
00-0040735,2025,7,WR,Luther Burden III,CHI,xgb,8.104999542236328,1.4980000257492065,16.202999114990234,3.1
00-0030035,2025,8,WR,Adam Thielen,MIN,xgb,3.6760001182556152,0.0,11.774999618530273,0.0
00-0030279,2025,8,WR,Keenan Allen,LAC,xgb,13.777000427246094,7.170000076293945,21.875,8.4
00-0030564,2025,8,WR,DeAndre Hopkins,BAL,xgb,5.790999889373779,0.0,13.888999938964844,2.4000000000000004
00-0031236,2025,8,WR,Brandin Cooks,NO,xgb,4.091000080108643,0.0,12.189000129699707,5.2
00-0031588,2025,8,WR,Stefon Diggs,NE,xgb,13.46500015258789,6.857999801635742,21.56399917602539,10.4
00-0032385,2025,8,WR,Sterling Shepard,TB,xgb,8.406000137329102,1.7990000247955322,16.5049991607666,1.8
00-0032775,2025,8,WR,Demarcus Robinson,SF,xgb,3.9240000247955322,0.0,12.02299976348877,4.5
00-0033282,2025,8,WR,Curtis Samuel,BUF,xgb,4.732999801635742,0.0,12.831000328063965,0.0
00-0033307,2025,8,WR,Kendrick Bourne,SF,xgb,10.708999633789062,4.1020002365112305,18.808000564575195,7.4
00-0033555,2025,8,WR,Mack Hollins,NE,xgb,6.086999893188477,0.0,14.1850004196167,15.9
00-0033572,2025,8,WR,Jamal Agnew,ATL,xgb,1.1779999732971191,0.0,9.276000022888184,0.0
00-0033857,2025,8,WR,JuJu Smith-Schuster,KC,xgb,7.428999900817871,0.8220000267028809,15.527000427246094,4.9
00-0034348,2025,8,WR,Courtland Sutton,DEN,xgb,16.96299934387207,10.357000350952148,25.062000274658203,10.7
00-0034418,2025,8,WR,Cedrick Wilson Jr.,MIA,xgb,2.687000036239624,0.0,10.78499984741211,1.2
00-0034419,2025,8,WR,Braxton Berrios,HOU,xgb,3.6080000400543213,0.0,11.706000328063965,8.8
00-0034521,2025,8,WR,Allen Lazard,NYJ,xgb,5.255000114440918,0.0,13.354000091552734,1.5
00-0034827,2025,8,WR,DJ Moore,CHI,xgb,8.781999588012695,2.174999952316284,16.8799991607666,11.600000000000001
00-0034854,2025,8,WR,KhaDarel Hodge,ATL,xgb,1.1749999523162842,0.0,9.27400016784668,6.1
00-0035021,2025,8,WR,Ashton Dulin,IND,xgb,2.6740000247955322,0.0,10.772000312805176,0.19999999999999996
00-0035208,2025,8,WR,Olamide Zaccheaus,CHI,xgb,6.39900016784668,0.0,14.498000144958496,10.3
00-0035359,2025,8,WR,David Sills,ATL,xgb,4.10099983215332,0.0,12.199000358581543,3.4000000000000004
00-0035535,2025,8,WR,Darius Slayton,NYG,xgb,6.730000019073486,0.12300000339746475,14.829000473022461,4.6
00-0035640,2025,8,WR,DK Metcalf,PIT,xgb,11.704000473022461,5.0970001220703125,19.80299949645996,16.5
00-0035645,2025,8,WR,Gunner Olszewski,NYG,xgb,1.0700000524520874,0.0,9.168999671936035,0.0
00-0035659,2025,8,WR,Terry McLaurin,WAS,xgb,10.333000183105469,3.7260000705718994,18.430999755859375,14.4
00-0035662,2025,8,WR,Marquise Brown,KC,xgb,12.545000076293945,5.938000202178955,20.643999099731445,0.0
00-0035719,2025,8,WR,Deebo Samuel Sr.,WAS,xgb,12.979999542236328,6.374000072479248,21.07900047302246,4.2
00-0036182,2025,8,WR,Nick Westbrook-Ikhine,MIA,xgb,2.871000051498413,0.0,10.968999862670898,2.8
00-0036252,2025,8,WR,Michael Pittman,IND,xgb,13.361000061035156,6.754000186920166,21.458999633789062,23.5
00-0036259,2025,8,WR,Jauan Jennings,SF,xgb,7.488999843597412,0.8820000290870667,15.586999893188477,8.5
00-0036309,2025,8,WR,Darnell Mooney,ATL,xgb,8.821000099182129,2.2139999866485596,16.91900062561035,2.1
00-0036322,2025,8,WR,Justin Jefferson,MIN,xgb,17.047000885009766,10.4399995803833,25.145999908447266,14.4
00-0036331,2025,8,WR,Devin Duvernay,CHI,xgb,1.0290000438690186,0.0,9.126999855041504,1.2
00-0036358,2025,8,WR,CeeDee Lamb,DAL,xgb,14.866000175476074,8.258999824523926,22.96500015258789,14.600000000000001
00-0036407,2025,8,WR,Jerry Jeudy,CLE,xgb,9.189000129699707,2.5820000171661377,17.28700065612793,0.0
00-0036410,2025,8,WR,Tee Higgins,CIN,xgb,13.300000190734863,6.692999839782715,21.398000717163086,11.4
00-0036415,2025,8,WR,Van Jefferson,TEN,xgb,7.079999923706055,0.4729999899864197,15.178000450134277,1.6
00-0036427,2025,8,WR,Tyler Johnson,NYJ,xgb,3.825000047683716,0.0,11.92300033569336,15.4
00-0036550,2025,8,WR,Rashod Bateman,BAL,xgb,4.9120001792907715,0.0,13.010000228881836,7.1000000000000005
00-0036613,2025,8,WR,Jaylen Waddle,MIA,xgb,12.206000328063965,5.598999977111816,20.30500030517578,20.9
00-0036620,2025,8,WR,Dee Eskridge,MIA,xgb,3.118000030517578,0.0,11.215999603271484,0.0
00-0036630,2025,8,WR,Tylan Wallace,BAL,xgb,2.109999895095825,0.0,10.208999633789062,1.6
00-0036862,2025,8,WR,Ben Skowronek,PIT,xgb,1.121000051498413,0.0,9.218999862670898,2.3
00-0036900,2025,8,WR,Ja'Marr Chase,CIN,xgb,17.302000045776367,10.694999694824219,25.399999618530273,21.1
00-0036912,2025,8,WR,DeVonta Smith,PHI,xgb,8.02299976348877,1.4160000085830688,16.121000289916992,14.4
00-0036980,2025,8,WR,Elijah Moore,BUF,xgb,3.2990000247955322,0.0,11.397000312805176,2.4000000000000004
00-0037091,2025,8,WR,Bo Melton,GB,xgb,1.0169999599456787,0.0,9.116000175476074,0.0
00-0037239,2025,8,WR,Chris Olave,NO,xgb,14.477999687194824,7.870999813079834,22.576000213623047,14.0
00-0037247,2025,8,WR,George Pickens,DAL,xgb,16.25200080871582,9.645999908447266,24.35099983215332,14.8
00-0037261,2025,8,WR,Khalil Shakir,BUF,xgb,10.194999694824219,3.5880000591278076,18.29400062561035,20.8
00-0037291,2025,8,WR,Jalen Nailor,MIN,xgb,7.426000118255615,0.8190000057220459,15.524999618530273,0.0
00-0037545,2025,8,WR,Rashid Shaheed,NO,xgb,10.440999984741211,3.8340001106262207,18.538999557495117,14.5
00-0037664,2025,8,WR,Alec Pierce,IND,xgb,6.5320000648498535,0.0,14.630000114440918,8.9
00-0037666,2025,8,WR,Jalen Tolbert,DAL,xgb,5.38100004196167,0.0,13.479999542236328,12.7
00-0037741,2025,8,WR,Jahan Dotson,PHI,xgb,3.6579999923706055,0.0,11.755999565124512,11.0
00-0037801,2025,8,WR,KaVontae Turpin,DAL,xgb,8.11299991607666,1.50600004196167,16.211000442504883,0.8
00-0037816,2025,8,WR,Romeo Doubs,GB,xgb,12.458999633789062,5.8520002365112305,20.55699920654297,9.4
00-0037837,2025,8,WR,Calvin Austin III,PIT,xgb,8.218000411987305,1.6109999418258667,16.316999435424805,6.800000000000001
00-0038090,2025,8,WR,Skyy Moore,SF,xgb,1.9539999961853027,0.0,10.053000450134277,0.0
00-0038117,2025,8,WR,Wan'Dale Robinson,NYG,xgb,14.194999694824219,7.5879998207092285,22.29400062561035,7.800000000000001
00-0038124,2025,8,WR,Christian Watson,GB,xgb,2.3519999980926514,0.0,10.449999809265137,12.5
00-0038465,2025,8,WR,Malik Heath,GB,xgb,1.7640000581741333,0.0,9.86299991607666,5.9
00-0038496,2025,8,WR,Xavier Gipson,PHI,xgb,1.1039999723434448,0.0,9.20300006866455,1.3
00-0038519,2025,8,WR,Nikko Remigio,KC,xgb,1.1299999952316284,0.0,9.229000091552734,0.0
00-0038573,2025,8,WR,Derius Davis,LAC,xgb,1.0169999599456787,0.0,9.116000175476074,0.0
00-0038576,2025,8,WR,Charlie Jones,CIN,xgb,1.0700000524520874,0.0,9.168999671936035,0.0
00-0038608,2025,8,WR,Kayshon Boutte,NE,xgb,8.79800033569336,2.190999984741211,16.89699935913086,16.5
00-0038618,2025,8,WR,Xavier Hutchinson,HOU,xgb,5.275000095367432,0.0,13.37399959564209,17.9
00-0038619,2025,8,WR,Andrei Iosivas,CIN,xgb,7.676000118255615,1.069000005722046,15.77400016784668,0.0
00-0038621,2025,8,WR,DeMario Douglas,NE,xgb,6.34499979019165,0.0,14.442999839782715,5.7
00-0038840,2025,8,WR,Brycen Tremayne,CAR,xgb,3.5199999809265137,0.0,11.618000030517578,0.0
00-0038976,2025,8,WR,Marvin Mims Jr.,DEN,xgb,9.156999588012695,2.549999952316284,17.2549991607666,1.8
00-0038994,2025,8,WR,Jordan Addison,MIN,xgb,11.602999687194824,4.995999813079834,19.701000213623047,11.6
00-0038997,2025,8,WR,Josh Downs,IND,xgb,9.657999992370605,3.052000045776367,17.756999969482422,12.9
00-0039064,2025,8,WR,Zay Flowers,BAL,xgb,14.0649995803833,7.458000183105469,22.163000106811523,14.100000000000001
00-0039067,2025,8,WR,Rashee Rice,KC,xgb,9.182999610900879,2.5759999752044678,17.2810001373291,25.5
00-0039342,2025,8,WR,Xavier Legette,CAR,xgb,8.482999801635742,1.8760000467300415,16.582000732421875,3.7
00-0039355,2025,8,WR,Luke McCaffrey,WAS,xgb,4.23199987411499,0.0,12.329999923706055,5.4
00-0039379,2025,8,WR,Jamari Thrash,CLE,xgb,3.819999933242798,0.0,11.918999671936035,5.1
00-0039394,2025,8,WR,Casey Washington,ATL,xgb,4.550000190734863,0.0,12.64900016784668,3.5
00-0039410,2025,8,WR,Ryan Flournoy,DAL,xgb,6.427000045776367,0.0,14.524999618530273,1.7000000000000002
00-0039424,2025,8,WR,Devaughn Vele,NO,xgb,4.46999979019165,0.0,12.567999839782715,2.0
00-0039451,2025,8,WR,Isaiah Williams,NYJ,xgb,1.0169999599456787,0.0,9.116000175476074,8.600000000000001
00-0039491,2025,8,WR,Jalen Coker,CAR,xgb,6.182000160217285,0.0,14.281000137329102,6.6
00-0039589,2025,8,WR,Kameron Johnson,TB,xgb,3.0209999084472656,0.0,11.119000434875488,0.0
00-0039623,2025,8,WR,Mason Tipton,NO,xgb,2.3010001182556152,0.0,10.399999618530273,0.0
00-0039739,2025,8,WR,Roman Wilson,PIT,xgb,3.3610000610351562,0.0,11.458999633789062,17.4
00-0039816,2025,8,WR,Anthony Gould,IND,xgb,2.0309998989105225,0.0,10.128999710083008,0.0
00-0039868,2025,8,WR,Troy Franklin,DEN,xgb,9.708999633789062,3.1019999980926514,17.808000564575195,26.9
00-0039880,2025,8,WR,Malik Washington,MIA,xgb,4.479000091552734,0.0,12.57800006866455,13.6
00-0039890,2025,8,WR,Adonai Mitchell,IND,xgb,3.881999969482422,0.0,11.979999542236328,0.0
00-0039894,2025,8,WR,Xavier Worthy,KC,xgb,9.902999877929688,3.2960000038146973,18.000999450683594,10.3
00-0039901,2025,8,WR,Keon Coleman,BUF,xgb,8.326000213623047,1.718999981880188,16.423999786376953,6.0
00-0039915,2025,8,WR,Ladd McConkey,LAC,xgb,12.868000030517578,6.261000156402588,20.965999603271484,20.8
00-0039919,2025,8,WR,Rome Odunze,CHI,xgb,15.211000442504883,8.604999542236328,23.309999465942383,18.4
00-0039920,2025,8,WR,Malachi Corley,CLE,xgb,2.9149999618530273,0.0,11.012999534606934,3.1
00-0040009,2025,8,WR,Savion Williams,GB,xgb,1.555999994277954,0.0,9.654000282287598,7.9
00-0040124,2025,8,WR,Tetairoa McMillan,CAR,xgb,13.515999794006348,6.908999919891357,21.61400032043457,16.9
00-0040129,2025,8,WR,Emeka Egbuka,TB,xgb,18.051000595092773,11.444000244140625,26.14900016784668,6.5
00-0040130,2025,8,WR,Jayden Higgins,HOU,xgb,4.261000156402588,0.0,12.359999656677246,13.4
00-0040134,2025,8,WR,Pat Bryant,DEN,xgb,3.2799999713897705,0.0,11.378000259399414,12.0
00-0040138,2025,8,WR,Jaylin Noel,HOU,xgb,5.283999919891357,0.0,13.383000373840332,11.3
00-0040164,2025,8,WR,Jaylin Lane,WAS,xgb,6.26800012588501,0.0,14.366000175476074,1.0
00-0040170,2025,8,WR,Elic Ayomanor,TEN,xgb,7.9720001220703125,1.3650000095367432,16.06999969482422,9.2
00-0040218,2025,8,WR,Jimmy Horn Jr.,CAR,xgb,4.545000076293945,0.0,12.644000053405762,0.9
00-0040237,2025,8,WR,Tez Johnson,TB,xgb,6.678999900817871,0.07199999690055847,14.777000427246094,9.3
00-0040259,2025,8,WR,Gage Larvadain,CLE,xgb,3.1710000038146973,0.0,11.269000053405762,0.30000000000000004
00-0040277,2025,8,WR,Jahdae Walker,CHI,xgb,1.1039999723434448,0.0,9.20300006866455,0.0
00-0040432,2025,8,WR,Beaux Collins,NYG,xgb,2.7869999408721924,0.0,10.885000228881836,2.8
00-0040506,2025,8,WR,Myles Price,MIN,xgb,1.0290000438690186,0.0,9.126999855041504,0.0
00-0040534,2025,8,WR,Ke'Shawn Williams,PIT,xgb,1.1039999723434448,0.0,9.20300006866455,0.0
00-0040582,2025,8,WR,Arian Smith,NYJ,xgb,5.446000099182129,0.0,13.543999671936035,3.3000000000000003
00-0040667,2025,8,WR,Matthew Golden,GB,xgb,8.079999923706055,1.4730000495910645,16.17799949645996,3.4
00-0040705,2025,8,WR,Chimere Dike,TEN,xgb,5.394999980926514,0.0,13.493000030517578,16.4
00-0040727,2025,8,WR,Tre Harris,LAC,xgb,4.684000015258789,0.0,12.781999588012695,8.8
00-0040735,2025,8,WR,Luther Burden III,CHI,xgb,7.11899995803833,0.5120000243186951,15.217000007629395,0.9
00-0040782,2025,8,WR,Isaiah Bond,CLE,xgb,6.492000102996826,0.0,14.59000015258789,0.0
00-0030279,2025,9,WR,Keenan Allen,LAC,xgb,13.871999740600586,7.264999866485596,21.969999313354492,6.1000000000000005
00-0030564,2025,9,WR,DeAndre Hopkins,BAL,xgb,4.511000156402588,0.0,12.609000205993652,0.0
00-0031236,2025,9,WR,Brandin Cooks,NO,xgb,5.2769999504089355,0.0,13.375,3.6
00-0031381,2025,9,WR,Davante Adams,LA,xgb,12.895999908447266,6.289000034332275,20.993999481201172,23.0
00-0031588,2025,9,WR,Stefon Diggs,NE,xgb,12.204000473022461,5.5970001220703125,20.30299949645996,12.8
00-0032211,2025,9,WR,Tyler Lockett,LV,xgb,4.683000087738037,0.0,12.781000137329102,0.0
00-0032464,2025,9,WR,Kalif Raymond,DET,xgb,3.5160000324249268,0.0,11.61400032043457,0.0
00-0032775,2025,9,WR,Demarcus Robinson,SF,xgb,4.849999904632568,0.0,12.949000358581543,0.0
00-0033282,2025,9,WR,Curtis Samuel,BUF,xgb,2.6579999923706055,0.0,10.755999565124512,1.6
00-0033307,2025,9,WR,Kendrick Bourne,SF,xgb,7.9720001220703125,1.3650000095367432,16.070999145507812,5.4
00-0033555,2025,9,WR,Mack Hollins,NE,xgb,9.170999526977539,2.563999891281128,17.268999099731445,2.9
00-0033572,2025,9,WR,Jamal Agnew,ATL,xgb,1.0169999599456787,0.0,9.116000175476074,0.0
00-0033857,2025,9,WR,JuJu Smith-Schuster,KC,xgb,7.736000061035156,1.128999948501587,15.835000038146973,1.2
00-0034348,2025,9,WR,Courtland Sutton,DEN,xgb,13.35099983215332,6.74399995803833,21.450000762939453,10.0
00-0034407,2025,9,WR,Ray-Ray McCloud,NYG,xgb,4.553999900817871,0.0,12.652999877929688,1.5
00-0034418,2025,9,WR,Cedrick Wilson Jr.,MIA,xgb,3.122999906539917,0.0,11.222000122070312,1.7000000000000002
00-0034419,2025,9,WR,Braxton Berrios,HOU,xgb,3.9649999141693115,0.0,12.064000129699707,0.0
00-0034775,2025,9,WR,Christian Kirk,HOU,xgb,7.501999855041504,0.8949999809265137,15.600000381469727,6.6
00-0034827,2025,9,WR,DJ Moore,CHI,xgb,9.428000450134277,2.821000099182129,17.527000427246094,22.98
00-0034854,2025,9,WR,KhaDarel Hodge,ATL,xgb,7.0920000076293945,0.48500001430511475,15.1899995803833,0.0
00-0034960,2025,9,WR,Jakobi Meyers,LV,xgb,11.041999816894531,4.434999942779541,19.139999389648438,6.300000000000001
00-0035021,2025,9,WR,Ashton Dulin,IND,xgb,1.88100004196167,0.0,9.979999542236328,0.0
00-0035208,2025,9,WR,Olamide Zaccheaus,CHI,xgb,7.808000087738037,1.2009999752044678,15.906999588012695,17.8
00-0035359,2025,9,WR,David Sills,ATL,xgb,5.164000034332275,0.0,13.26200008392334,0.0
00-0035500,2025,9,WR,Greg Dortch,ARI,xgb,5.145999908447266,0.0,13.244000434875488,0.9
00-0035535,2025,9,WR,Darius Slayton,NYG,xgb,7.3470001220703125,0.7400000095367432,15.446000099182129,11.2
00-0035602,2025,9,WR,Alex Bachman,LV,xgb,1.0149999856948853,0.0,9.11299991607666,0.0
00-0035640,2025,9,WR,DK Metcalf,PIT,xgb,13.32699966430664,6.7210001945495605,21.426000595092773,2.6
00-0035645,2025,9,WR,Gunner Olszewski,NYG,xgb,1.0700000524520874,0.0,9.168999671936035,9.4
00-0035662,2025,9,WR,Marquise Brown,KC,xgb,8.258999824523926,1.6519999504089355,16.357999801635742,9.3
00-0035719,2025,9,WR,Deebo Samuel Sr.,WAS,xgb,12.520999908447266,5.914000034332275,20.6200008392334,9.4
00-0035891,2025,9,WR,Cody White,SEA,xgb,1.9630000591278076,0.0,10.062000274658203,13.0
00-0036176,2025,9,WR,Mason Kinsey,TEN,xgb,1.1039999723434448,0.0,9.20300006866455,0.0
00-0036182,2025,9,WR,Nick Westbrook-Ikhine,MIA,xgb,3.2190001010894775,0.0,11.317999839782715,4.2
00-0036252,2025,9,WR,Michael Pittman,IND,xgb,10.741999626159668,4.135000228881836,18.84000015258789,20.5
00-0036259,2025,9,WR,Jauan Jennings,SF,xgb,6.517000198364258,0.0,14.616000175476074,14.100000000000001
00-0036309,2025,9,WR,Darnell Mooney,ATL,xgb,8.220000267028809,1.6130000352859497,16.31800079345703,2.5
00-0036322,2025,9,WR,Justin Jefferson,MIN,xgb,18.618000030517578,12.01099967956543,26.715999603271484,16.7
00-0036331,2025,9,WR,Devin Duvernay,CHI,xgb,2.4089999198913574,0.0,10.508000373840332,0.0
00-0036358,2025,9,WR,CeeDee Lamb,DAL,xgb,15.536999702453613,8.930000305175781,23.63599967956543,15.5
00-0036410,2025,9,WR,Tee Higgins,CIN,xgb,7.988999843597412,1.3819999694824219,16.08799934387207,33.1
00-0036415,2025,9,WR,Van Jefferson,TEN,xgb,6.354000091552734,0.0,14.45300006866455,3.1
00-0036497,2025,9,WR,Tim Jones,JAX,xgb,1.1019999980926514,0.0,9.199999809265137,2.5
00-0036550,2025,9,WR,Rashod Bateman,BAL,xgb,6.159999847412109,0.0,14.258999824523926,9.3
00-0036554,2025,9,WR,Nico Collins,HOU,xgb,13.73799991607666,7.13100004196167,21.836000442504883,14.5
00-0036613,2025,9,WR,Jaylen Waddle,MIA,xgb,12.557999610900879,5.951000213623047,20.6560001373291,14.200000000000001
00-0036620,2025,9,WR,Dee Eskridge,MIA,xgb,1.375,0.0,9.472999572753906,0.0
00-0036626,2025,9,WR,Dyami Brown,JAX,xgb,7.931000232696533,1.3240000009536743,16.02899932861328,5.9
00-0036630,2025,9,WR,Tylan Wallace,BAL,xgb,3.177000045776367,0.0,11.276000022888184,0.0
00-0036646,2025,9,WR,Simi Fehoko,ARI,xgb,1.0169999599456787,0.0,9.116000175476074,0.0
00-0036841,2025,9,WR,Austin Trammell,JAX,xgb,2.5840001106262207,0.0,10.682999610900879,0.0
00-0036862,2025,9,WR,Ben Skowronek,PIT,xgb,1.906000018119812,0.0,10.003999710083008,0.0
00-0036900,2025,9,WR,Ja'Marr Chase,CIN,xgb,12.970000267028809,6.36299991607666,21.06800079345703,17.1
00-0036959,2025,9,WR,Michael Bandy,DEN,xgb,1.1019999980926514,0.0,9.199999809265137,2.6
00-0036963,2025,9,WR,Amon-Ra St. Brown,DET,xgb,15.14799976348877,8.541000366210938,23.246999740600586,18.700000000000003
00-0036980,2025,9,WR,Elijah Moore,BUF,xgb,3.4119999408721924,0.0,11.510000228881836,3.8000000000000003
00-0037238,2025,9,WR,Drake London,ATL,xgb,14.329999923706055,7.7230000495910645,22.42799949645996,38.8
00-0037239,2025,9,WR,Chris Olave,NO,xgb,15.59000015258789,8.982999801635742,23.68899917602539,8.7
00-0037240,2025,9,WR,Jameson Williams,DET,xgb,8.906000137329102,2.2990000247955322,17.0049991607666,16.6
00-0037247,2025,9,WR,George Pickens,DAL,xgb,11.817999839782715,5.210999965667725,19.91699981689453,13.9
00-0037261,2025,9,WR,Khalil Shakir,BUF,xgb,13.019000053405762,6.4120001792907715,21.117000579833984,11.3
00-0037291,2025,9,WR,Jalen Nailor,MIN,xgb,4.696000099182129,0.0,12.793999671936035,2.6
00-0037545,2025,9,WR,Rashid Shaheed,NO,xgb,13.659000396728516,7.052000045776367,21.757999420166016,11.8
00-0037664,2025,9,WR,Alec Pierce,IND,xgb,6.388000011444092,0.0,14.487000465393066,17.5
00-0037742,2025,9,WR,Treylon Burks,WAS,xgb,2.497999906539917,0.0,10.595999717712402,2.4000000000000004
00-0037801,2025,9,WR,KaVontae Turpin,DAL,xgb,5.447999954223633,0.0,13.545999526977539,3.3
00-0037816,2025,9,WR,Romeo Doubs,GB,xgb,10.282999992370605,3.6760001182556152,18.381000518798828,16.1
00-0037837,2025,9,WR,Calvin Austin III,PIT,xgb,7.306000232696533,0.6990000009536743,15.404999732971191,10.600000000000001
00-0038090,2025,9,WR,Skyy Moore,SF,xgb,2.371000051498413,0.0,10.468999862670898,3.1
00-0038104,2025,9,WR,Tyquan Thornton,KC,xgb,6.97599983215332,0.36899998784065247,15.074999809265137,0.0
00-0038117,2025,9,WR,Wan'Dale Robinson,NYG,xgb,11.649999618530273,5.043000221252441,19.74799919128418,13.600000000000001
00-0038124,2025,9,WR,Christian Watson,GB,xgb,6.691999912261963,0.08500000089406967,14.789999961853027,7.800000000000001
00-0038359,2025,9,WR,Xavier Smith,LA,xgb,2.6429998874664307,0.0,10.741000175476074,3.2
00-0038465,2025,9,WR,Malik Heath,GB,xgb,3.0239999294281006,0.0,11.123000144958496,2.1
00-0038519,2025,9,WR,Nikko Remigio,KC,xgb,1.0700000524520874,0.0,9.168999671936035,0.0
00-0038543,2025,9,WR,Jaxon Smith-Njigba,SEA,xgb,13.378000259399414,6.770999908447266,21.47599983215332,22.0
00-0038544,2025,9,WR,Quentin Johnston,LAC,xgb,15.324999809265137,8.718999862670898,23.423999786376953,15.3
00-0038559,2025,9,WR,Michael Wilson,ARI,xgb,6.001999855041504,0.0,14.100000381469727,9.100000000000001
00-0038563,2025,9,WR,Tre Tucker,LV,xgb,12.104999542236328,5.498000144958496,20.20400047302246,6.800000000000001
00-0038573,2025,9,WR,Derius Davis,LAC,xgb,1.0169999599456787,0.0,9.116000175476074,0.0
00-0038576,2025,9,WR,Charlie Jones,CIN,xgb,1.0700000524520874,0.0,9.168999671936035,6.0
00-0038606,2025,9,WR,Parker Washington,JAX,xgb,9.685999870300293,3.0789999961853027,17.784000396728516,17.0
00-0038608,2025,9,WR,Kayshon Boutte,NE,xgb,9.564000129699707,2.9570000171661377,17.66200065612793,0.0
00-0038618,2025,9,WR,Xavier Hutchinson,HOU,xgb,5.7179999351501465,0.0,13.817000389099121,6.0
00-0038619,2025,9,WR,Andrei Iosivas,CIN,xgb,4.882999897003174,0.0,12.980999946594238,18.0
00-0038621,2025,9,WR,DeMario Douglas,NE,xgb,7.333000183105469,0.7260000109672546,15.430999755859375,20.0
00-0038679,2025,9,WR,Tyrell Shavers,BUF,xgb,4.36299991607666,0.0,12.461000442504883,1.7000000000000002
00-0038839,2025,9,WR,Mitchell Tinsley,CIN,xgb,3.9070000648498535,0.0,12.005999565124512,3.7
00-0038840,2025,9,WR,Brycen Tremayne,CAR,xgb,2.634999990463257,0.0,10.732999801635742,1.8
00-0038938,2025,9,WR,Jalin Hyatt,NYG,xgb,2.5759999752044678,0.0,10.673999786376953,0.0
00-0038994,2025,9,WR,Jordan Addison,MIN,xgb,16.097000122070312,9.489999771118164,24.195999145507812,8.4
00-0038997,2025,9,WR,Josh Downs,IND,xgb,9.680999755859375,3.0739998817443848,17.77899932861328,17.7
00-0039064,2025,9,WR,Zay Flowers,BAL,xgb,12.569000244140625,5.961999893188477,20.667999267578125,11.4
00-0039067,2025,9,WR,Rashee Rice,KC,xgb,10.645000457763672,4.038000106811523,18.743000030517578,18.6
00-0039075,2025,9,WR,Puka Nacua,LA,xgb,19.729000091552734,13.121999740600586,27.82699966430664,22.8
00-0039342,2025,9,WR,Xavier Legette,CAR,xgb,8.11400032043457,1.5069999694824219,16.211999893188477,3.2
00-0039355,2025,9,WR,Luke McCaffrey,WAS,xgb,5.443999767303467,0.0,13.541999816894531,0.0
00-0039410,2025,9,WR,Ryan Flournoy,DAL,xgb,5.379000186920166,0.0,13.47700023651123,9.2
00-0039491,2025,9,WR,Jalen Coker,CAR,xgb,4.729000091552734,0.0,12.82800006866455,1.9
00-0039739,2025,9,WR,Roman Wilson,PIT,xgb,5.745999813079834,0.0,13.843999862670898,-0.6000000000000001
00-0039849,2025,9,WR,Marvin Harrison Jr.,ARI,xgb,8.291000366210938,1.684000015258789,16.388999938964844,22.6
00-0039868,2025,9,WR,Troy Franklin,DEN,xgb,10.12600040435791,3.5190000534057617,18.224000930786133,8.3
00-0039880,2025,9,WR,Malik Washington,MIA,xgb,7.692999839782715,1.0859999656677246,15.791999816894531,7.1000000000000005
00-0039890,2025,9,WR,Adonai Mitchell,IND,xgb,3.7679998874664307,0.0,11.866000175476074,1.7000000000000002
00-0039893,2025,9,WR,Brian Thomas Jr.,JAX,xgb,14.088000297546387,7.480999946594238,22.187000274658203,8.5
00-0039894,2025,9,WR,Xavier Worthy,KC,xgb,8.371000289916992,1.7640000581741333,16.4689998626709,6.0
00-0039901,2025,9,WR,Keon Coleman,BUF,xgb,7.868000030517578,1.2610000371932983,15.967000007629395,3.7
00-0039915,2025,9,WR,Ladd McConkey,LAC,xgb,15.015000343322754,8.407999992370605,23.113000869750977,9.600000000000001
00-0039919,2025,9,WR,Rome Odunze,CHI,xgb,13.600000381469727,6.993000030517578,21.697999954223633,0.0
00-0040009,2025,9,WR,Savion Williams,GB,xgb,3.059000015258789,0.0,11.156999588012695,1.2000000000000002
00-0040075,2025,9,WR,LaJohntay Wester,BAL,xgb,1.0169999599456787,0.0,9.116000175476074,0.0
00-0040124,2025,9,WR,Tetairoa McMillan,CAR,xgb,15.762999534606934,9.156000137329102,23.861000061035156,8.600000000000001
00-0040130,2025,9,WR,Jayden Higgins,HOU,xgb,8.093000411987305,1.4869999885559082,16.191999435424805,1.4
00-0040131,2025,9,WR,Kyle Williams,NE,xgb,2.924999952316284,0.0,11.02400016784668,0.0
00-0040134,2025,9,WR,Pat Bryant,DEN,xgb,4.453999996185303,0.0,12.552000045776367,4.0
00-0040138,2025,9,WR,Jaylin Noel,HOU,xgb,5.6479997634887695,0.0,13.746999740600586,-0.30000000000000004
00-0040154,2025,9,WR,Tai Felton,MIN,xgb,1.0169999599456787,0.0,9.116000175476074,0.0
00-0040164,2025,9,WR,Jaylin Lane,WAS,xgb,4.736999988555908,0.0,12.836000442504883,5.9
00-0040170,2025,9,WR,Elic Ayomanor,TEN,xgb,9.309000015258789,2.7019999027252197,17.406999588012695,7.6000000000000005
00-0040172,2025,9,WR,Jordan Watkins,SF,xgb,3.0969998836517334,0.0,11.194999694824219,2.9000000000000004
00-0040184,2025,9,WR,KeAndre Lambert-Smith,LAC,xgb,2.368000030517578,0.0,10.467000007629395,0.0
00-0040218,2025,9,WR,Jimmy Horn Jr.,CAR,xgb,3.8959999084472656,0.0,11.994000434875488,1.8
00-0040277,2025,9,WR,Jahdae Walker,CHI,xgb,1.1039999723434448,0.0,9.20300006866455,0.0
00-0040506,2025,9,WR,Myles Price,MIN,xgb,1.0700000524520874,0.0,9.168999671936035,0.0
00-0040534,2025,9,WR,Ke'Shawn Williams,PIT,xgb,1.121000051498413,0.0,9.220000267028809,0.0
00-0040563,2025,9,WR,Efton Chism III,NE,xgb,1.1039999723434448,0.0,9.20300006866455,0.0
00-0040648,2025,9,WR,Tory Horton,SEA,xgb,5.831999778747559,0.0,13.930000305175781,20.8
00-0040667,2025,9,WR,Matthew Golden,GB,xgb,8.104999542236328,1.4980000257492065,16.202999114990234,2.9
00-0040705,2025,9,WR,Chimere Dike,TEN,xgb,8.050999641418457,1.444000005722046,16.14900016784668,7.5
00-0040727,2025,9,WR,Tre Harris,LAC,xgb,4.936999797821045,0.0,13.03600025177002,3.8
00-0040729,2025,9,WR,Jack Bech,LV,xgb,3.430000066757202,0.0,11.527999877929688,0.0
00-0030035,2025,10,WR,Adam Thielen,MIN,xgb,3.055000066757202,0.0,11.152999877929688,3.6
00-0030279,2025,10,WR,Keenan Allen,LAC,xgb,13.782999992370605,7.176000118255615,21.881999969482422,3.9000000000000004
00-0030564,2025,10,WR,DeAndre Hopkins,BAL,xgb,3.8940000534057617,0.0,11.991999626159668,3.6
00-0031381,2025,10,WR,Davante Adams,LA,xgb,15.413000106811523,8.805999755859375,23.51099967956543,19.7
00-0031588,2025,10,WR,Stefon Diggs,NE,xgb,11.605999946594238,4.999000072479248,19.70400047302246,15.600000000000001
00-0032211,2025,10,WR,Tyler Lockett,LV,xgb,3.505000114440918,0.0,11.602999687194824,9.4
00-0032385,2025,10,WR,Sterling Shepard,TB,xgb,6.98199987411499,0.375,15.079999923706055,6.1
00-0032398,2025,10,WR,Chris Moore,WAS,xgb,5.013000011444092,0.0,13.112000465393066,0.0
00-0032464,2025,10,WR,Kalif Raymond,DET,xgb,3.3980000019073486,0.0,11.496000289916992,9.9
00-0032688,2025,10,WR,Robbie Chosen,WAS,xgb,4.296999931335449,0.0,12.395999908447266,2.7
00-0032775,2025,10,WR,Demarcus Robinson,SF,xgb,3.9119999408721924,0.0,12.01099967956543,6.4
00-0032951,2025,10,WR,Laquon Treadwell,IND,xgb,1.402999997138977,0.0,9.50100040435791,0.0
00-0033282,2025,10,WR,Curtis Samuel,BUF,xgb,3.4860000610351562,0.0,11.583999633789062,3.1
00-0033307,2025,10,WR,Kendrick Bourne,SF,xgb,9.111000061035156,2.503999948501587,17.208999633789062,2.9000000000000004
00-0033555,2025,10,WR,Mack Hollins,NE,xgb,8.206000328063965,1.5989999771118164,16.304000854492188,16.6
00-0033572,2025,10,WR,Jamal Agnew,ATL,xgb,0.8740000128746033,0.0,8.972999572753906,0.0
00-0033891,2025,10,WR,Zay Jones,ARI,xgb,5.829999923706055,0.0,13.928999900817871,0.0
00-0033908,2025,10,WR,Cooper Kupp,SEA,xgb,7.072000026702881,0.4650000035762787,15.170000076293945,9.4
00-0034348,2025,10,WR,Courtland Sutton,DEN,xgb,12.460000038146973,5.853000164031982,20.558000564575195,5.4
00-0034407,2025,10,WR,Ray-Ray McCloud,NYG,xgb,3.5350000858306885,0.0,11.633000373840332,0.0
00-0034419,2025,10,WR,Braxton Berrios,HOU,xgb,3.3919999599456787,0.0,11.491000175476074,0.0
00-0034775,2025,10,WR,Christian Kirk,HOU,xgb,9.265000343322754,2.6579999923706055,17.36400032043457,1.3
00-0034827,2025,10,WR,DJ Moore,CHI,xgb,12.083000183105469,5.47599983215332,20.18199920654297,0.0
00-0034854,2025,10,WR,KhaDarel Hodge,ATL,xgb,1.4500000476837158,0.0,9.548999786376953,0.0
00-0034860,2025,10,WR,Dante Pettis,NO,xgb,3.6570000648498535,0.0,11.755999565124512,0.0
00-0034960,2025,10,WR,Jakobi Meyers,JAX,xgb,9.543000221252441,2.936000108718872,17.641000747680664,7.1000000000000005
00-0035021,2025,10,WR,Ashton Dulin,IND,xgb,1.687000036239624,0.0,9.78499984741211,2.2
00-0035208,2025,10,WR,Olamide Zaccheaus,CHI,xgb,8.468000411987305,1.8609999418258667,16.56599998474121,1.5
00-0035359,2025,10,WR,David Sills,ATL,xgb,3.2070000171661377,0.0,11.305000305175781,0.0
00-0035500,2025,10,WR,Greg Dortch,ARI,xgb,3.562999963760376,0.0,11.661999702453613,6.2
00-0035535,2025,10,WR,Darius Slayton,NYG,xgb,8.37399959564209,1.7669999599456787,16.472000122070312,12.9
00-0035602,2025,10,WR,Alex Bachman,LV,xgb,0.8629999756813049,0.0,8.961000442504883,0.0
00-0035640,2025,10,WR,DK Metcalf,PIT,xgb,11.293999671936035,4.686999797821045,19.392000198364258,6.5
00-0035645,2025,10,WR,Gunner Olszewski,NYG,xgb,4.427000045776367,0.0,12.526000022888184,0.0
00-0035676,2025,10,WR,A.J. Brown,PHI,xgb,12.571000099182129,5.964000225067139,20.670000076293945,3.3
00-0035719,2025,10,WR,Deebo Samuel Sr.,WAS,xgb,15.006999969482422,8.399999618530273,23.104999542236328,12.9
00-0035891,2025,10,WR,Cody White,SEA,xgb,5.184999942779541,0.0,13.282999992370605,0.0
00-0036182,2025,10,WR,Nick Westbrook-Ikhine,MIA,xgb,3.760999917984009,0.0,11.859999656677246,1.7000000000000002
00-0036252,2025,10,WR,Michael Pittman,IND,xgb,11.232000350952148,4.625,19.33099937438965,3.9000000000000004
00-0036259,2025,10,WR,Jauan Jennings,SF,xgb,9.376999855041504,2.7699999809265137,17.475000381469727,17.1
00-0036309,2025,10,WR,Darnell Mooney,ATL,xgb,6.296999931335449,0.0,14.395000457763672,2.7
00-0036322,2025,10,WR,Justin Jefferson,MIN,xgb,14.711000442504883,8.104000091552734,22.80900001525879,7.7
00-0036331,2025,10,WR,Devin Duvernay,CHI,xgb,1.2740000486373901,0.0,9.371999740600586,0.0
00-0036407,2025,10,WR,Jerry Jeudy,CLE,xgb,7.765999794006348,1.159000039100647,15.864999771118164,19.8
00-0036427,2025,10,WR,Tyler Johnson,NYJ,xgb,7.066999912261963,0.46000000834465027,15.164999961853027,0.0
00-0036497,2025,10,WR,Tim Jones,JAX,xgb,2.7909998893737793,0.0,10.888999938964844,0.0
00-0036550,2025,10,WR,Rashod Bateman,BAL,xgb,5.366000175476074,0.0,13.46500015258789,4.0
00-0036554,2025,10,WR,Nico Collins,HOU,xgb,11.482999801635742,4.875999927520752,19.58099937438965,22.6
00-0036613,2025,10,WR,Jaylen Waddle,MIA,xgb,17.35099983215332,10.744000434875488,25.448999404907227,19.4
00-0036626,2025,10,WR,Dyami Brown,JAX,xgb,6.125999927520752,0.0,14.223999977111816,0.0
00-0036630,2025,10,WR,Tylan Wallace,BAL,xgb,1.2009999752044678,0.0,9.300000190734863,0.0
00-0036646,2025,10,WR,Simi Fehoko,ARI,xgb,0.8740000128746033,0.0,8.972999572753906,0.0
00-0036841,2025,10,WR,Austin Trammell,JAX,xgb,2.296999931335449,0.0,10.395000457763672,5.300000000000001
00-0036862,2025,10,WR,Ben Skowronek,PIT,xgb,1.0230000019073486,0.0,9.121000289916992,0.0
00-0036912,2025,10,WR,DeVonta Smith,PHI,xgb,13.932000160217285,7.324999809265137,22.0310001373291,16.9
00-0036959,2025,10,WR,Michael Bandy,DEN,xgb,2.7249999046325684,0.0,10.822999954223633,0.0
00-0036963,2025,10,WR,Amon-Ra St. Brown,DET,xgb,12.562999725341797,5.955999851226807,20.660999298095703,16.8
00-0036980,2025,10,WR,Elijah Moore,BUF,xgb,3.3989999294281006,0.0,11.496999740600586,2.8
00-0037091,2025,10,WR,Bo Melton,GB,xgb,0.8629999756813049,0.0,8.961000442504883,4.800000000000001
00-0037238,2025,10,WR,Drake London,ATL,xgb,19.562000274658203,12.954999923706055,27.660999298095703,24.4
00-0037239,2025,10,WR,Chris Olave,NO,xgb,14.942999839782715,8.336000442504883,23.041000366210938,21.4
00-0037240,2025,10,WR,Jameson Williams,DET,xgb,11.194999694824219,4.5879998207092285,19.29400062561035,23.9
00-0037261,2025,10,WR,Khalil Shakir,BUF,xgb,12.20300006866455,5.5970001220703125,20.302000045776367,12.8
00-0037291,2025,10,WR,Jalen Nailor,MIN,xgb,5.706999778747559,0.0,13.805000305175781,23.4
00-0037545,2025,10,WR,Rashid Shaheed,SEA,xgb,13.984000205993652,7.376999855041504,22.082000732421875,3.3000000000000003
00-0037614,2025,10,WR,John Metchie III,NYJ,xgb,3.130000114440918,0.0,11.227999687194824,0.6
00-0037664,2025,10,WR,Alec Pierce,IND,xgb,17.96500015258789,11.357999801635742,26.062999725341797,18.4
00-0037740,2025,10,WR,Garrett Wilson,NYJ,xgb,13.819000244140625,7.2129998207092285,21.917999267578125,0.0
00-0037741,2025,10,WR,Jahan Dotson,PHI,xgb,4.326000213623047,0.0,12.425000190734863,0.0
00-0037742,2025,10,WR,Treylon Burks,WAS,xgb,2.7239999771118164,0.0,10.822999954223633,8.8
00-0037816,2025,10,WR,Romeo Doubs,GB,xgb,12.015999794006348,5.408999919891357,20.114999771118164,1.5
00-0037837,2025,10,WR,Calvin Austin III,PIT,xgb,8.848999977111816,2.242000102996826,16.94700050354004,3.4000000000000004
00-0038090,2025,10,WR,Skyy Moore,SF,xgb,3.1630001068115234,0.0,11.26200008392334,2.8
00-0038117,2025,10,WR,Wan'Dale Robinson,NYG,xgb,12.074999809265137,5.4679999351501465,20.17300033569336,12.2
00-0038124,2025,10,WR,Christian Watson,GB,xgb,5.118000030517578,0.0,13.217000007629395,6.5
00-0038359,2025,10,WR,Xavier Smith,LA,xgb,3.0439999103546143,0.0,11.142999649047852,2.4000000000000004
00-0038393,2025,10,WR,Dontayvion Wicks,GB,xgb,4.559000015258789,0.0,12.656999588012695,7.800000000000001
00-0038496,2025,10,WR,Xavier Gipson,PHI,xgb,2.3299999237060547,0.0,10.428999900817871,0.0
00-0038543,2025,10,WR,Jaxon Smith-Njigba,SEA,xgb,12.277000427246094,5.670000076293945,20.375,20.3
00-0038544,2025,10,WR,Quentin Johnston,LAC,xgb,16.475000381469727,9.868000030517578,24.572999954223633,9.2
00-0038559,2025,10,WR,Michael Wilson,ARI,xgb,7.293000221252441,0.6869999766349792,15.392000198364258,7.4
00-0038563,2025,10,WR,Tre Tucker,LV,xgb,10.309000015258789,3.7019999027252197,18.406999588012695,5.5
00-0038573,2025,10,WR,Derius Davis,LAC,xgb,0.8740000128746033,0.0,8.972999572753906,1.3
00-0038606,2025,10,WR,Parker Washington,JAX,xgb,9.692000389099121,3.0850000381469727,17.790000915527344,17.9
00-0038621,2025,10,WR,DeMario Douglas,NE,xgb,6.5229997634887695,0.0,14.621000289916992,5.4
00-0038679,2025,10,WR,Tyrell Shavers,BUF,xgb,3.1549999713897705,0.0,11.253000259399414,3.4000000000000004
00-0038824,2025,10,WR,Ryan Miller,TB,xgb,2.6649999618530273,0.0,10.762999534606934,0.0
00-0038979,2025,10,WR,Cedric Tillman,CLE,xgb,7.324999809265137,0.7179999947547913,15.42300033569336,3.1
00-0038994,2025,10,WR,Jordan Addison,MIN,xgb,16.58099937438965,9.973999977111816,24.679000854492188,6.5
00-0038997,2025,10,WR,Josh Downs,IND,xgb,10.22700023651123,3.619999885559082,18.325000762939453,1.3
00-0039064,2025,10,WR,Zay Flowers,BAL,xgb,12.836999893188477,6.230000019073486,20.93600082397461,12.1
00-0039075,2025,10,WR,Puka Nacua,LA,xgb,26.582000732421875,19.975000381469727,34.68000030517578,17.4
00-0039342,2025,10,WR,Xavier Legette,CAR,xgb,8.932000160217285,2.325000047683716,17.030000686645508,0.0
00-0039379,2025,10,WR,Jamari Thrash,CLE,xgb,4.506999969482422,0.0,12.604999542236328,0.0
00-0039424,2025,10,WR,Devaughn Vele,NO,xgb,4.339000225067139,0.0,12.437000274658203,2.5
00-0039451,2025,10,WR,Isaiah Williams,NYJ,xgb,2.881999969482422,0.0,10.980999946594238,7.4
00-0039491,2025,10,WR,Jalen Coker,CAR,xgb,3.7980000972747803,0.0,11.895999908447266,5.1
00-0039589,2025,10,WR,Kameron Johnson,TB,xgb,1.8799999952316284,0.0,9.977999687194824,1.1
00-0039739,2025,10,WR,Roman Wilson,PIT,xgb,4.248000144958496,0.0,12.345999717712402,11.5
00-0039849,2025,10,WR,Marvin Harrison Jr.,ARI,xgb,12.303999900817871,5.697000026702881,20.402999877929688,14.3
00-0039868,2025,10,WR,Troy Franklin,DEN,xgb,13.822999954223633,7.216000080108643,21.92099952697754,15.0
00-0039880,2025,10,WR,Malik Washington,MIA,xgb,7.742000102996826,1.1349999904632568,15.84000015258789,9.3
00-0039901,2025,10,WR,Keon Coleman,BUF,xgb,6.993000030517578,0.38600000739097595,15.090999603271484,13.600000000000001
00-0039915,2025,10,WR,Ladd McConkey,LAC,xgb,12.154000282287598,5.546999931335449,20.25200080871582,20.700000000000003
00-0039919,2025,10,WR,Rome Odunze,CHI,xgb,11.371000289916992,4.763999938964844,19.4689998626709,20.6
00-0039920,2025,10,WR,Malachi Corley,CLE,xgb,1.8179999589920044,0.0,9.916999816894531,3.2
00-0040009,2025,10,WR,Savion Williams,GB,xgb,3.253000020980835,0.0,11.35099983215332,2.2
00-0040075,2025,10,WR,LaJohntay Wester,BAL,xgb,0.8740000128746033,0.0,8.972999572753906,0.0
00-0040124,2025,10,WR,Tetairoa McMillan,CAR,xgb,11.54699993133545,4.940000057220459,19.645000457763672,11.0
00-0040129,2025,10,WR,Emeka Egbuka,TB,xgb,14.692000389099121,8.085000038146973,22.790000915527344,23.5
00-0040130,2025,10,WR,Jayden Higgins,HOU,xgb,5.02400016784668,0.0,13.123000144958496,15.2
00-0040131,2025,10,WR,Kyle Williams,NE,xgb,2.4130001068115234,0.0,10.51200008392334,14.2
00-0040134,2025,10,WR,Pat Bryant,DEN,xgb,4.519999980926514,0.0,12.618000030517578,5.3
00-0040138,2025,10,WR,Jaylin Noel,HOU,xgb,6.709000110626221,0.10199999809265137,14.807000160217285,7.5
00-0040164,2025,10,WR,Jaylin Lane,WAS,xgb,6.019999980926514,0.0,14.118000030517578,5.1000000000000005
00-0040237,2025,10,WR,Tez Johnson,TB,xgb,7.620999813079834,1.0140000581741333,15.720000267028809,20.2
00-0040241,2025,10,WR,Dominic Lovett,DET,xgb,0.949999988079071,0.0,9.04800033569336,0.0
00-0040259,2025,10,WR,Gage Larvadain,CLE,xgb,1.590000033378601,0.0,9.687999725341797,0.0
00-0040506,2025,10,WR,Myles Price,MIN,xgb,0.9330000281333923,0.0,9.031000137329102,0.0
00-0040534,2025,10,WR,Ke'Shawn Williams,PIT,xgb,0.8629999756813049,0.0,8.961000442504883,0.0
00-0040563,2025,10,WR,Efton Chism III,NE,xgb,0.9670000076293945,0.0,9.0649995803833,0.0
00-0040581,2025,10,WR,Dont'e Thornton Jr.,LV,xgb,3.4679999351501465,0.0,11.565999984741211,1.4
00-0040582,2025,10,WR,Arian Smith,NYJ,xgb,3.7309999465942383,0.0,11.829999923706055,1.3
00-0040590,2025,10,WR,Konata Mumpfield,LA,xgb,3.3980000019073486,0.0,11.496000289916992,0.0
00-0040669,2025,10,WR,Isaac TeSlaa,DET,xgb,3.750999927520752,0.0,11.848999977111816,2.1
00-0040727,2025,10,WR,Tre Harris,LAC,xgb,4.8460001945495605,0.0,12.944000244140625,2.4
00-0040729,2025,10,WR,Jack Bech,LV,xgb,2.7300000190734863,0.0,10.829000473022461,0.0
00-0040735,2025,10,WR,Luther Burden III,CHI,xgb,4.951000213623047,0.0,13.048999786376953,8.100000000000001
00-0030035,2025,11,WR,Adam Thielen,MIN,xgb,3.75,0.0,11.847999572753906,1.6
00-0030279,2025,11,WR,Keenan Allen,LAC,xgb,12.149999618530273,5.543000221252441,20.249000549316406,9.3
00-0030564,2025,11,WR,DeAndre Hopkins,BAL,xgb,4.921000003814697,0.0,13.020000457763672,2.1
00-0031381,2025,11,WR,Davante Adams,LA,xgb,14.46500015258789,7.857999801635742,22.562999725341797,7.1
00-0031588,2025,11,WR,Stefon Diggs,NE,xgb,11.708000183105469,5.10099983215332,19.805999755859375,19.5
00-0032211,2025,11,WR,Tyler Lockett,LV,xgb,3.01200008392334,0.0,11.109999656677246,6.300000000000001
00-0032385,2025,11,WR,Sterling Shepard,TB,xgb,7.363999843597412,0.7570000290870667,15.461999893188477,10.100000000000001
00-0032398,2025,11,WR,Chris Moore,WAS,xgb,2.7079999446868896,0.0,10.805999755859375,4.800000000000001
00-0032464,2025,11,WR,Kalif Raymond,DET,xgb,3.549999952316284,0.0,11.64900016784668,0.0
00-0032688,2025,11,WR,Robbie Chosen,WAS,xgb,5.084000110626221,0.0,13.182999610900879,0.0
00-0032775,2025,11,WR,Demarcus Robinson,SF,xgb,5.370999813079834,0.0,13.470000267028809,2.3
00-0033282,2025,11,WR,Curtis Samuel,BUF,xgb,4.394999980926514,0.0,12.493000030517578,3.9000000000000004
00-0033375,2025,11,WR,Tim Patrick,JAX,xgb,3.1089999675750732,0.0,11.206999778747559,11.0
00-0033555,2025,11,WR,Mack Hollins,NE,xgb,9.039999961853027,2.433000087738037,17.13800048828125,10.4
00-0033572,2025,11,WR,Jamal Agnew,ATL,xgb,0.9330000281333923,0.0,9.031000137329102,0.0
00-0033857,2025,11,WR,JuJu Smith-Schuster,KC,xgb,5.644000053405762,0.0,13.741999626159668,0.0
00-0033908,2025,11,WR,Cooper Kupp,SEA,xgb,7.796000003814697,1.1890000104904175,15.895000457763672,5.300000000000001
00-0034348,2025,11,WR,Courtland Sutton,DEN,xgb,11.638999938964844,5.0320000648498535,19.738000869750977,9.9
00-0034775,2025,11,WR,Christian Kirk,HOU,xgb,6.0980000495910645,0.0,14.196000099182129,1.6
00-0034827,2025,11,WR,DJ Moore,CHI,xgb,8.946000099182129,2.3389999866485596,17.04400062561035,3.1
00-0034837,2025,11,WR,Calvin Ridley,TEN,xgb,9.788000106811523,3.180999994277954,17.88599967956543,2.3
00-0034854,2025,11,WR,KhaDarel Hodge,ATL,xgb,1.6440000534057617,0.0,9.741999626159668,0.0
00-0034960,2025,11,WR,Jakobi Meyers,JAX,xgb,10.241000175476074,3.634000062942505,18.34000015258789,11.4
00-0035140,2025,11,WR,Mecole Hardman,BUF,xgb,1.8140000104904175,0.0,9.911999702453613,0.0
00-0035359,2025,11,WR,David Sills,ATL,xgb,2.7170000076293945,0.0,10.815999984741211,2.1
00-0035500,2025,11,WR,Greg Dortch,ARI,xgb,3.8289999961853027,0.0,11.928000450134277,18.6
00-0035640,2025,11,WR,DK Metcalf,PIT,xgb,8.107999801635742,1.5010000467300415,16.20599937438965,9.9
00-0035645,2025,11,WR,Gunner Olszewski,NYG,xgb,2.572999954223633,0.0,10.67199993133545,0.0
00-0035662,2025,11,WR,Marquise Brown,KC,xgb,8.928000450134277,2.321000099182129,17.025999069213867,8.0
00-0035676,2025,11,WR,A.J. Brown,PHI,xgb,12.001999855041504,5.394999980926514,20.10099983215332,11.9
00-0035719,2025,11,WR,Deebo Samuel Sr.,WAS,xgb,14.513999938964844,7.9070000648498535,22.61199951171875,20.7
00-0035876,2025,11,WR,Andre Baccellia,ARI,xgb,1.9129999876022339,0.0,10.01200008392334,1.5
00-0035891,2025,11,WR,Cody White,SEA,xgb,2.4049999713897705,0.0,10.503999710083008,0.0
00-0036165,2025,11,WR,Isaiah Hodgins,NYG,xgb,2.566999912261963,0.0,10.664999961853027,10.7
00-0036176,2025,11,WR,Mason Kinsey,TEN,xgb,0.949999988079071,0.0,9.04800033569336,2.4000000000000004
00-0036196,2025,11,WR,Gabe Davis,BUF,xgb,2.4779999256134033,0.0,10.576000213623047,7.0
00-0036259,2025,11,WR,Jauan Jennings,SF,xgb,9.288999557495117,2.681999921798706,17.38800048828125,9.4
00-0036309,2025,11,WR,Darnell Mooney,ATL,xgb,4.796000003814697,0.0,12.894000053405762,6.4
00-0036322,2025,11,WR,Justin Jefferson,MIN,xgb,18.2450008392334,11.637999534606934,26.3439998626709,11.100000000000001
00-0036331,2025,11,WR,Devin Duvernay,CHI,xgb,1.225000023841858,0.0,9.324000358581543,0.0
00-0036358,2025,11,WR,CeeDee Lamb,DAL,xgb,17.881999969482422,11.274999618530273,25.981000900268555,17.6
00-0036407,2025,11,WR,Jerry Jeudy,CLE,xgb,10.734999656677246,4.127999782562256,18.83300018310547,5.1
00-0036410,2025,11,WR,Tee Higgins,CIN,xgb,12.788000106811523,6.181000232696533,20.886999130249023,15.3
00-0036415,2025,11,WR,Van Jefferson,TEN,xgb,6.685999870300293,0.07900000363588333,14.78499984741211,11.2
00-0036554,2025,11,WR,Nico Collins,HOU,xgb,14.038999557495117,7.432000160217285,22.13800048828125,24.200000000000003
00-0036613,2025,11,WR,Jaylen Waddle,MIA,xgb,15.406999588012695,8.800000190734863,23.506000518798828,8.2
00-0036626,2025,11,WR,Dyami Brown,JAX,xgb,7.058000087738037,0.45100000500679016,15.156999588012695,0.0
00-0036630,2025,11,WR,Tylan Wallace,BAL,xgb,1.215000033378601,0.0,9.312999725341797,0.0
00-0036841,2025,11,WR,Austin Trammell,JAX,xgb,3.9240000247955322,0.0,12.022000312805176,2.3
00-0036862,2025,11,WR,Ben Skowronek,PIT,xgb,0.9419999718666077,0.0,9.039999961853027,0.0
00-0036900,2025,11,WR,Ja'Marr Chase,CIN,xgb,15.972000122070312,9.364999771118164,24.06999969482422,6.0
00-0036912,2025,11,WR,DeVonta Smith,PHI,xgb,13.701000213623047,7.093999862670898,21.799999237060547,1.8
00-0036963,2025,11,WR,Amon-Ra St. Brown,DET,xgb,13.961000442504883,7.354000091552734,22.05900001525879,6.2
00-0036988,2025,11,WR,Josh Palmer,BUF,xgb,5.239999771118164,0.0,13.338000297546387,3.7
00-0037091,2025,11,WR,Bo Melton,GB,xgb,3.8299999237060547,0.0,11.928999900817871,1.7000000000000002
00-0037238,2025,11,WR,Drake London,ATL,xgb,19.871999740600586,13.265000343322754,27.969999313354492,18.9
00-0037240,2025,11,WR,Jameson Williams,DET,xgb,9.501999855041504,2.8959999084472656,17.60099983215332,19.700000000000003
00-0037247,2025,11,WR,George Pickens,DAL,xgb,14.694000244140625,8.086999893188477,22.792999267578125,29.4
00-0037261,2025,11,WR,Khalil Shakir,BUF,xgb,10.873000144958496,4.265999794006348,18.972000122070312,0.7
00-0037291,2025,11,WR,Jalen Nailor,MIN,xgb,8.37399959564209,1.7680000066757202,16.472999572753906,2.6
00-0037545,2025,11,WR,Rashid Shaheed,SEA,xgb,13.031000137329102,6.425000190734863,21.1299991607666,4.9
00-0037614,2025,11,WR,John Metchie III,NYJ,xgb,2.7039999961853027,0.0,10.802000045776367,13.5
00-0037666,2025,11,WR,Jalen Tolbert,DAL,xgb,5.959000110626221,0.0,14.057000160217285,0.0
00-0037741,2025,11,WR,Jahan Dotson,PHI,xgb,3.86299991607666,0.0,11.961000442504883,6.3
00-0037801,2025,11,WR,KaVontae Turpin,DAL,xgb,5.7729997634887695,0.0,13.871999740600586,1.0
00-0037816,2025,11,WR,Romeo Doubs,GB,xgb,9.609000205993652,3.003000020980835,17.70800018310547,9.3
00-0037837,2025,11,WR,Calvin Austin III,PIT,xgb,7.482999801635742,0.8759999871253967,15.581000328063965,1.5
00-0038090,2025,11,WR,Skyy Moore,SF,xgb,2.875,0.0,10.972999572753906,0.0
00-0038104,2025,11,WR,Tyquan Thornton,KC,xgb,8.53600025177002,1.9290000200271606,16.634000778198242,7.1000000000000005
00-0038117,2025,11,WR,Wan'Dale Robinson,NYG,xgb,11.444000244140625,4.836999893188477,19.54199981689453,7.6
00-0038124,2025,11,WR,Christian Watson,GB,xgb,6.380000114440918,0.0,14.477999687194824,20.6
00-0038359,2025,11,WR,Xavier Smith,LA,xgb,2.681999921798706,0.0,10.779999732971191,1.8
00-0038393,2025,11,WR,Dontayvion Wicks,GB,xgb,6.1479997634887695,0.0,14.246999740600586,1.9
00-0038496,2025,11,WR,Xavier Gipson,PHI,xgb,1.2860000133514404,0.0,9.383999824523926,0.0
00-0038519,2025,11,WR,Nikko Remigio,KC,xgb,0.8840000033378601,0.0,8.982999801635742,0.0
00-0038543,2025,11,WR,Jaxon Smith-Njigba,SEA,xgb,19.304000854492188,12.697999954223633,27.402999877929688,20.6
00-0038544,2025,11,WR,Quentin Johnston,LAC,xgb,13.39900016784668,6.791999816894531,21.49799919128418,0.0
00-0038559,2025,11,WR,Michael Wilson,ARI,xgb,8.03600025177002,1.4290000200271606,16.134000778198242,33.5
00-0038563,2025,11,WR,Tre Tucker,LV,xgb,8.71500015258789,2.1080000400543213,16.812999725341797,14.7
00-0038573,2025,11,WR,Derius Davis,LAC,xgb,1.871000051498413,0.0,9.968999862670898,0.0
00-0038576,2025,11,WR,Charlie Jones,CIN,xgb,1.1469999551773071,0.0,9.246000289916992,0.0
00-0038606,2025,11,WR,Parker Washington,JAX,xgb,10.437000274658203,3.8299999237060547,18.53499984741211,4.0
00-0038618,2025,11,WR,Xavier Hutchinson,HOU,xgb,7.572000026702881,0.9649999737739563,15.670999526977539,7.2
00-0038619,2025,11,WR,Andrei Iosivas,CIN,xgb,8.206999778747559,1.600000023841858,16.305999755859375,5.0
00-0038621,2025,11,WR,DeMario Douglas,NE,xgb,9.527000427246094,2.9200000762939453,17.625,6.1
00-0038679,2025,11,WR,Tyrell Shavers,BUF,xgb,3.434000015258789,0.0,11.531999588012695,19.0
00-0038824,2025,11,WR,Ryan Miller,TB,xgb,1.1080000400543213,0.0,9.206000328063965,0.0
00-0038840,2025,11,WR,Brycen Tremayne,CAR,xgb,3.1429998874664307,0.0,11.241000175476074,3.7
00-0038938,2025,11,WR,Jalin Hyatt,NYG,xgb,4.0289998054504395,0.0,12.128000259399414,3.8
00-0038976,2025,11,WR,Marvin Mims Jr.,DEN,xgb,6.525000095367432,0.0,14.623000144958496,0.2
00-0038979,2025,11,WR,Cedric Tillman,CLE,xgb,6.349999904632568,0.0,14.449000358581543,8.2
00-0038994,2025,11,WR,Jordan Addison,MIN,xgb,11.312000274658203,4.704999923706055,19.410999298095703,10.0
00-0039064,2025,11,WR,Zay Flowers,BAL,xgb,13.230999946594238,6.624000072479248,21.32900047302246,11.3
00-0039067,2025,11,WR,Rashee Rice,KC,xgb,9.888999938964844,3.2820000648498535,17.98699951171875,9.8
00-0039075,2025,11,WR,Puka Nacua,LA,xgb,17.683000564575195,11.076000213623047,25.7810001373291,14.3
00-0039342,2025,11,WR,Xavier Legette,CAR,xgb,5.934000015258789,0.0,14.032999992370605,18.3
00-0039410,2025,11,WR,Ryan Flournoy,DAL,xgb,5.172999858856201,0.0,13.270999908447266,7.2
00-0039451,2025,11,WR,Isaiah Williams,NYJ,xgb,3.1679999828338623,0.0,11.265999794006348,1.6
00-0039491,2025,11,WR,Jalen Coker,CAR,xgb,4.75600004196167,0.0,12.854000091552734,11.2
00-0039521,2025,11,WR,Xavier Weaver,ARI,xgb,1.187999963760376,0.0,9.28600025177002,3.5
00-0039589,2025,11,WR,Kameron Johnson,TB,xgb,2.9089999198913574,0.0,11.006999969482422,0.0
00-0039739,2025,11,WR,Roman Wilson,PIT,xgb,7.158999919891357,0.5519999861717224,15.258000373840332,2.7
00-0039751,2025,11,WR,Jordan Whittington,LA,xgb,4.639999866485596,0.0,12.73799991607666,1.9
00-0039868,2025,11,WR,Troy Franklin,DEN,xgb,11.505999565124512,4.89900016784668,19.604000091552734,12.4
00-0039880,2025,11,WR,Malik Washington,MIA,xgb,6.724999904632568,0.11800000071525574,14.822999954223633,7.2
00-0039890,2025,11,WR,Adonai Mitchell,NYJ,xgb,3.703000068664551,0.0,11.800999641418457,2.0
00-0039894,2025,11,WR,Xavier Worthy,KC,xgb,8.178999900817871,1.5720000267028809,16.277000427246094,5.5
00-0039915,2025,11,WR,Ladd McConkey,LAC,xgb,14.279000282287598,7.671999931335449,22.37700080871582,4.3
00-0039916,2025,11,WR,Ricky Pearsall,SF,xgb,13.906000137329102,7.298999786376953,22.003999710083008,1.0
00-0039919,2025,11,WR,Rome Odunze,CHI,xgb,13.109000205993652,6.501999855041504,21.20800018310547,6.1000000000000005
00-0039920,2025,11,WR,Malachi Corley,CLE,xgb,2.625,0.0,10.722999572753906,2.9
00-0040009,2025,11,WR,Savion Williams,GB,xgb,3.1110000610351562,0.0,11.210000038146973,4.300000000000001
00-0040075,2025,11,WR,LaJohntay Wester,BAL,xgb,0.9330000281333923,0.0,9.031000137329102,0.0
00-0040124,2025,11,WR,Tetairoa McMillan,CAR,xgb,10.878999710083008,4.271999835968018,18.97800064086914,33.0
00-0040129,2025,11,WR,Emeka Egbuka,TB,xgb,15.97599983215332,9.369000434875488,24.073999404907227,9.0
00-0040130,2025,11,WR,Jayden Higgins,HOU,xgb,8.100000381469727,1.4930000305175781,16.197999954223633,9.5
00-0040131,2025,11,WR,Kyle Williams,NE,xgb,4.908999919891357,0.0,13.008000373840332,0.0
00-0040134,2025,11,WR,Pat Bryant,DEN,xgb,4.775000095367432,0.0,12.873000144958496,13.200000000000001
00-0040138,2025,11,WR,Jaylin Noel,HOU,xgb,5.458000183105469,0.0,13.557000160217285,2.2
00-0040154,2025,11,WR,Tai Felton,MIN,xgb,0.8740000128746033,0.0,8.972999572753906,0.0
00-0040164,2025,11,WR,Jaylin Lane,WAS,xgb,5.423999786376953,0.0,13.522000312805176,2.3
00-0040170,2025,11,WR,Elic Ayomanor,TEN,xgb,8.817999839782715,2.2109999656677246,16.916000366210938,3.1
00-0040237,2025,11,WR,Tez Johnson,TB,xgb,11.831999778747559,5.224999904632568,19.93000030517578,1.6
00-0040259,2025,11,WR,Gage Larvadain,CLE,xgb,1.2389999628067017,0.0,9.336999893188477,0.0
00-0040506,2025,11,WR,Myles Price,MIN,xgb,0.8840000033378601,0.0,8.982999801635742,0.0
00-0040534,2025,11,WR,Ke'Shawn Williams,PIT,xgb,0.8629999756813049,0.0,8.961000442504883,0.0
00-0040563,2025,11,WR,Efton Chism III,NE,xgb,0.8629999756813049,0.0,8.961000442504883,0.0
00-0040667,2025,11,WR,Matthew Golden,GB,xgb,7.133999824523926,0.5270000100135803,15.232000350952148,3.4000000000000004
00-0040669,2025,11,WR,Isaac TeSlaa,DET,xgb,3.819000005722046,0.0,11.916999816894531,0.0
00-0040705,2025,11,WR,Chimere Dike,TEN,xgb,7.0929999351501465,0.4860000014305115,15.190999984741211,3.4000000000000004
00-0040727,2025,11,WR,Tre Harris,LAC,xgb,4.9070000648498535,0.0,13.005000114440918,2.2
00-0040729,2025,11,WR,Jack Bech,LV,xgb,4.25,0.0,12.347999572753906,2.9000000000000004
00-0040735,2025,11,WR,Luther Burden III,CHI,xgb,4.8979997634887695,0.0,12.996000289916992,5.7
00-0040782,2025,11,WR,Isaiah Bond,CLE,xgb,4.704999923706055,0.0,12.803000450134277,0.8
00-0030035,2025,12,WR,Adam Thielen,MIN,xgb,3.3480000495910645,0.0,11.446000099182129,0.0
00-0030564,2025,12,WR,DeAndre Hopkins,BAL,xgb,4.208000183105469,0.0,12.307000160217285,3.3
00-0031381,2025,12,WR,Davante Adams,LA,xgb,13.069999694824219,6.4629998207092285,21.167999267578125,23.2
00-0031588,2025,12,WR,Stefon Diggs,NE,xgb,15.32699966430664,8.720000267028809,23.424999237060547,4.0
00-0032211,2025,12,WR,Tyler Lockett,LV,xgb,5.24399995803833,0.0,13.342000007629395,10.2
00-0032385,2025,12,WR,Sterling Shepard,TB,xgb,7.0879998207092285,0.48100000619888306,15.187000274658203,4.2
00-0032464,2025,12,WR,Kalif Raymond,DET,xgb,2.6040000915527344,0.0,10.70300006866455,5.7
00-0032775,2025,12,WR,Demarcus Robinson,SF,xgb,4.589000225067139,0.0,12.687999725341797,1.8
00-0032951,2025,12,WR,Laquon Treadwell,IND,xgb,1.1089999675750732,0.0,9.208000183105469,0.0
00-0033375,2025,12,WR,Tim Patrick,JAX,xgb,3.7360000610351562,0.0,11.833999633789062,0.0
00-0033555,2025,12,WR,Mack Hollins,NE,xgb,7.839000225067139,1.2319999933242798,15.937000274658203,5.0
00-0033572,2025,12,WR,Jamal Agnew,ATL,xgb,0.9330000281333923,0.0,9.031000137329102,0.0
00-0033857,2025,12,WR,JuJu Smith-Schuster,KC,xgb,5.860000133514404,0.0,13.958000183105469,1.8
00-0033908,2025,12,WR,Cooper Kupp,SEA,xgb,7.948999881744385,1.3420000076293945,16.04800033569336,4.4
00-0033921,2025,12,WR,Chris Godwin Jr.,TB,xgb,12.25100040435791,5.644000053405762,20.349000930786133,2.9
00-0034521,2025,12,WR,Allen Lazard,NYJ,xgb,4.695000171661377,0.0,12.793999671936035,1.9
00-0034775,2025,12,WR,Christian Kirk,HOU,xgb,6.063000202178955,0.0,14.16100025177002,16.4
00-0034827,2025,12,WR,DJ Moore,CHI,xgb,7.5279998779296875,0.9210000038146973,15.62600040435791,23.4
00-0034860,2025,12,WR,Dante Pettis,NO,xgb,2.9539999961853027,0.0,11.052000045776367,2.4000000000000004
00-0034960,2025,12,WR,Jakobi Meyers,JAX,xgb,8.071999549865723,1.465000033378601,16.170000076293945,15.0
00-0035021,2025,12,WR,Ashton Dulin,IND,xgb,1.9910000562667847,0.0,10.09000015258789,5.800000000000001
00-0035208,2025,12,WR,Olamide Zaccheaus,CHI,xgb,6.447999954223633,0.0,14.545999526977539,1.6
00-0035359,2025,12,WR,David Sills,ATL,xgb,3.1649999618530273,0.0,11.262999534606934,9.6
00-0035500,2025,12,WR,Greg Dortch,ARI,xgb,4.927999973297119,0.0,13.026000022888184,16.8
00-0035535,2025,12,WR,Darius Slayton,NYG,xgb,9.98900032043457,3.381999969482422,18.08799934387207,3.3000000000000003
00-0035602,2025,12,WR,Alex Bachman,LV,xgb,0.8740000128746033,0.0,8.972999572753906,0.0
00-0035640,2025,12,WR,DK Metcalf,PIT,xgb,10.461999893188477,3.8550000190734863,18.559999465942383,14.4
00-0035645,2025,12,WR,Gunner Olszewski,NYG,xgb,1.75,0.0,9.848999977111816,5.32
00-0035662,2025,12,WR,Marquise Brown,KC,xgb,7.609000205993652,1.0019999742507935,15.708000183105469,2.0
00-0035676,2025,12,WR,A.J. Brown,PHI,xgb,13.802000045776367,7.195000171661377,21.899999618530273,25.0
00-0035891,2025,12,WR,Cody White,SEA,xgb,1.6360000371932983,0.0,9.734999656677246,0.0
00-0036133,2025,12,WR,James Proche,TEN,xgb,0.949999988079071,0.0,9.04800033569336,7.2
00-0036165,2025,12,WR,Isaiah Hodgins,NYG,xgb,7.765999794006348,1.159000039100647,15.864999771118164,12.2
00-0036176,2025,12,WR,Mason Kinsey,TEN,xgb,2.3949999809265137,0.0,10.493000030517578,0.0
00-0036196,2025,12,WR,Gabe Davis,BUF,xgb,5.156000137329102,0.0,13.255000114440918,3.2
00-0036252,2025,12,WR,Michael Pittman,IND,xgb,13.553999900817871,6.947000026702881,21.652000427246094,13.7
00-0036259,2025,12,WR,Jauan Jennings,SF,xgb,9.987000465393066,3.380000114440918,18.086000442504883,15.100000000000001
00-0036309,2025,12,WR,Darnell Mooney,ATL,xgb,6.117000102996826,0.0,14.21500015258789,16.4
00-0036322,2025,12,WR,Justin Jefferson,MIN,xgb,11.802000045776367,5.195000171661377,19.899999618530273,8.8
00-0036331,2025,12,WR,Devin Duvernay,CHI,xgb,0.8840000033378601,0.0,8.982999801635742,0.0
00-0036358,2025,12,WR,CeeDee Lamb,DAL,xgb,10.892000198364258,4.284999847412109,18.989999771118164,11.5
00-0036407,2025,12,WR,Jerry Jeudy,CLE,xgb,10.079000473022461,3.4719998836517334,18.177000045776367,2.9000000000000004
00-0036410,2025,12,WR,Tee Higgins,CIN,xgb,12.6899995803833,6.083000183105469,20.788000106811523,8.1
00-0036415,2025,12,WR,Van Jefferson,TEN,xgb,6.994999885559082,0.3880000114440918,15.093000411987305,2.1
00-0036554,2025,12,WR,Nico Collins,HOU,xgb,16.367000579833984,9.760000228881836,24.46500015258789,8.5
00-0036630,2025,12,WR,Tylan Wallace,BAL,xgb,3.2839999198913574,0.0,11.381999969482422,0.0
00-0036841,2025,12,WR,Austin Trammell,JAX,xgb,3.5320000648498535,0.0,11.630999565124512,0.0
00-0036862,2025,12,WR,Ben Skowronek,PIT,xgb,0.9440000057220459,0.0,9.041999816894531,3.1
00-0036912,2025,12,WR,DeVonta Smith,PHI,xgb,17.059999465942383,10.45300006866455,25.159000396728516,14.9
00-0036963,2025,12,WR,Amon-Ra St. Brown,DET,xgb,14.27400016784668,7.666999816894531,22.371999740600586,29.9
00-0036980,2025,12,WR,Elijah Moore,BUF,xgb,4.216000080108643,0.0,12.314000129699707,0.7
00-0036988,2025,12,WR,Josh Palmer,BUF,xgb,5.735000133514404,0.0,13.833999633789062,4.1
00-0037239,2025,12,WR,Chris Olave,NO,xgb,13.67300033569336,7.065999984741211,21.770999908447266,16.0
00-0037240,2025,12,WR,Jameson Williams,DET,xgb,11.116000175476074,4.508999824523926,19.214000701904297,0.0
00-0037247,2025,12,WR,George Pickens,DAL,xgb,14.324000358581543,7.7170000076293945,22.422000885009766,29.6
00-0037261,2025,12,WR,Khalil Shakir,BUF,xgb,11.034000396728516,4.427000045776367,19.131999969482422,17.0
00-0037291,2025,12,WR,Jalen Nailor,MIN,xgb,7.880000114440918,1.2730000019073486,15.977999687194824,0.0
00-0037545,2025,12,WR,Rashid Shaheed,SEA,xgb,11.494000434875488,4.88700008392334,19.591999053955078,0.5
00-0037614,2025,12,WR,John Metchie III,NYJ,xgb,3.621000051498413,0.0,11.720000267028809,18.5
00-0037664,2025,12,WR,Alec Pierce,IND,xgb,14.604999542236328,7.998000144958496,22.702999114990234,3.6
00-0037741,2025,12,WR,Jahan Dotson,PHI,xgb,4.294000148773193,0.0,12.392000198364258,0.0
00-0037801,2025,12,WR,KaVontae Turpin,DAL,xgb,4.255000114440918,0.0,12.352999687194824,4.2
00-0037816,2025,12,WR,Romeo Doubs,GB,xgb,12.526000022888184,5.919000148773193,20.624000549316406,4.300000000000001
00-0037837,2025,12,WR,Calvin Austin III,PIT,xgb,6.484000205993652,0.0,14.583000183105469,7.6
00-0038090,2025,12,WR,Skyy Moore,SF,xgb,1.2259999513626099,0.0,9.324000358581543,0.0
00-0038104,2025,12,WR,Tyquan Thornton,KC,xgb,6.890999794006348,0.2840000092983246,14.98900032043457,0.0
00-0038117,2025,12,WR,Wan'Dale Robinson,NYG,xgb,10.47599983215332,3.86899995803833,18.575000762939453,30.6
00-0038124,2025,12,WR,Christian Watson,GB,xgb,4.789000034332275,0.0,12.887999534606934,9.9
00-0038393,2025,12,WR,Dontayvion Wicks,GB,xgb,4.697000026702881,0.0,12.795000076293945,5.2
00-0038496,2025,12,WR,Xavier Gipson,PHI,xgb,1.2860000133514404,0.0,9.383999824523926,1.3
00-0038519,2025,12,WR,Nikko Remigio,KC,xgb,0.8840000033378601,0.0,8.982999801635742,0.0
00-0038543,2025,12,WR,Jaxon Smith-Njigba,SEA,xgb,20.20400047302246,13.597000122070312,28.302000045776367,37.1
00-0038559,2025,12,WR,Michael Wilson,ARI,xgb,11.095000267028809,4.48799991607666,19.194000244140625,21.8
00-0038563,2025,12,WR,Tre Tucker,LV,xgb,9.484999656677246,2.878000020980835,17.58300018310547,5.800000000000001
00-0038576,2025,12,WR,Charlie Jones,CIN,xgb,0.9440000057220459,0.0,9.041999816894531,0.0
00-0038606,2025,12,WR,Parker Washington,JAX,xgb,8.968999862670898,2.361999988555908,17.066999435424805,18.1
00-0038608,2025,12,WR,Kayshon Boutte,NE,xgb,10.505000114440918,3.8980000019073486,18.60300064086914,3.5
00-0038618,2025,12,WR,Xavier Hutchinson,HOU,xgb,8.657999992370605,2.0510001182556152,16.756000518798828,0.9
00-0038619,2025,12,WR,Andrei Iosivas,CIN,xgb,6.815999984741211,0.20900000631809235,14.914999961853027,10.600000000000001
00-0038621,2025,12,WR,DeMario Douglas,NE,xgb,7.7779998779296875,1.1710000038146973,15.87600040435791,6.1000000000000005
00-0038752,2025,12,WR,Jake Bobo,SEA,xgb,2.48799991607666,0.0,10.586999893188477,0.0
00-0038839,2025,12,WR,Mitchell Tinsley,CIN,xgb,3.809000015258789,0.0,11.907999992370605,10.9
00-0038840,2025,12,WR,Brycen Tremayne,CAR,xgb,3.630000114440918,0.0,11.727999687194824,0.0
00-0038979,2025,12,WR,Cedric Tillman,CLE,xgb,6.761000156402588,0.15399999916553497,14.859000205993652,1.5
00-0038994,2025,12,WR,Jordan Addison,MIN,xgb,10.60099983215332,3.99399995803833,18.698999404907227,0.0
00-0038997,2025,12,WR,Josh Downs,IND,xgb,7.942999839782715,1.3359999656677246,16.041000366210938,3.0
00-0039064,2025,12,WR,Zay Flowers,BAL,xgb,14.13700008392334,7.53000020980835,22.236000061035156,11.9
00-0039067,2025,12,WR,Rashee Rice,KC,xgb,13.35200023651123,6.744999885559082,21.450000762939453,24.1
00-0039075,2025,12,WR,Puka Nacua,LA,xgb,17.238000869750977,10.630999565124512,25.336000442504883,16.700000000000003
00-0039342,2025,12,WR,Xavier Legette,CAR,xgb,9.536999702453613,2.930000066757202,17.635000228881836,5.2
00-0039410,2025,12,WR,Ryan Flournoy,DAL,xgb,5.144999980926514,0.0,13.243000030517578,0.0
00-0039424,2025,12,WR,Devaughn Vele,NO,xgb,5.613999843597412,0.0,13.711999893188477,6.7
00-0039451,2025,12,WR,Isaiah Williams,NYJ,xgb,2.7690000534057617,0.0,10.868000030517578,0.0
00-0039491,2025,12,WR,Jalen Coker,CAR,xgb,4.304999828338623,0.0,12.402999877929688,6.2
00-0039521,2025,12,WR,Xavier Weaver,ARI,xgb,2.8589999675750732,0.0,10.956999778747559,1.9
00-0039589,2025,12,WR,Kameron Johnson,TB,xgb,1.9320000410079956,0.0,10.031000137329102,0.0
00-0039623,2025,12,WR,Mason Tipton,NO,xgb,2.572000026702881,0.0,10.670000076293945,6.300000000000001
00-0039739,2025,12,WR,Roman Wilson,PIT,xgb,5.681000232696533,0.0,13.779999732971191,0.0
00-0039751,2025,12,WR,Jordan Whittington,LA,xgb,4.426000118255615,0.0,12.52400016784668,4.7
00-0039792,2025,12,WR,Devontez Walker,BAL,xgb,2.188999891281128,0.0,10.286999702453613,4.0
00-0039816,2025,12,WR,Anthony Gould,IND,xgb,0.9309999942779541,0.0,9.029000282287598,0.0
00-0039890,2025,12,WR,Adonai Mitchell,NYJ,xgb,3.4089999198913574,0.0,11.508000373840332,6.2
00-0039894,2025,12,WR,Xavier Worthy,KC,xgb,8.413000106811523,1.805999994277954,16.51099967956543,9.9
00-0039916,2025,12,WR,Ricky Pearsall,SF,xgb,8.0,1.3930000066757202,16.099000930786133,2.8
00-0039919,2025,12,WR,Rome Odunze,CHI,xgb,11.788000106811523,5.181000232696533,19.88599967956543,8.3
00-0039920,2025,12,WR,Malachi Corley,CLE,xgb,3.2780001163482666,0.0,11.376999855041504,1.2
00-0040009,2025,12,WR,Savion Williams,GB,xgb,3.6659998893737793,0.0,11.763999938964844,0.0
00-0040024,2025,12,WR,Darius Cooper,PHI,xgb,0.949999988079071,0.0,9.04800033569336,2.7
00-0040075,2025,12,WR,LaJohntay Wester,BAL,xgb,0.9330000281333923,0.0,9.031000137329102,0.0
00-0040124,2025,12,WR,Tetairoa McMillan,CAR,xgb,15.944999694824219,9.338000297546387,24.04400062561035,11.5
00-0040129,2025,12,WR,Emeka Egbuka,TB,xgb,9.989999771118164,3.382999897003174,18.08799934387207,6.2
00-0040130,2025,12,WR,Jayden Higgins,HOU,xgb,7.114999771118164,0.5080000162124634,15.213000297546387,13.8
00-0040131,2025,12,WR,Kyle Williams,NE,xgb,3.240000009536743,0.0,11.338000297546387,2.8
00-0040138,2025,12,WR,Jaylin Noel,HOU,xgb,5.557000160217285,0.0,13.654999732971191,1.9
00-0040154,2025,12,WR,Tai Felton,MIN,xgb,0.9330000281333923,0.0,9.031000137329102,0.0
00-0040218,2025,12,WR,Jimmy Horn Jr.,CAR,xgb,3.861999988555908,0.0,11.961000442504883,2.1
00-0040237,2025,12,WR,Tez Johnson,TB,xgb,6.083000183105469,0.0,14.180999755859375,12.3
00-0040259,2025,12,WR,Gage Larvadain,CLE,xgb,3.678999900817871,0.0,11.777000427246094,0.0
00-0040506,2025,12,WR,Myles Price,MIN,xgb,0.8840000033378601,0.0,8.982999801635742,0.0
00-0040534,2025,12,WR,Ke'Shawn Williams,PIT,xgb,0.8740000128746033,0.0,8.972999572753906,0.0
00-0040581,2025,12,WR,Dont'e Thornton Jr.,LV,xgb,3.180000066757202,0.0,11.277999877929688,2.4000000000000004
00-0040582,2025,12,WR,Arian Smith,NYJ,xgb,1.5490000247955322,0.0,9.647000312805176,0.8
00-0040590,2025,12,WR,Konata Mumpfield,LA,xgb,3.549999952316284,0.0,11.64799976348877,4.5
00-0040669,2025,12,WR,Isaac TeSlaa,DET,xgb,4.51800012588501,0.0,12.616000175476074,0.0
00-0040705,2025,12,WR,Chimere Dike,TEN,xgb,7.098999977111816,0.492000013589859,15.196999549865723,21.4
00-0040735,2025,12,WR,Luther Burden III,CHI,xgb,6.107999801635742,0.0,14.206999778747559,9.100000000000001
00-0040782,2025,12,WR,Isaiah Bond,CLE,xgb,4.999000072479248,0.0,13.097999572753906,7.800000000000001
00-0030279,2025,13,WR,Keenan Allen,LAC,xgb,12.416000366210938,5.809000015258789,20.514999389648438,7.0
00-0030564,2025,13,WR,DeAndre Hopkins,BAL,xgb,4.8460001945495605,0.0,12.944999694824219,4.5
00-0031236,2025,13,WR,Brandin Cooks,BUF,xgb,4.9039998054504395,0.0,13.003000259399414,2.3
00-0031381,2025,13,WR,Davante Adams,LA,xgb,12.246999740600586,5.639999866485596,20.344999313354492,21.8
00-0031588,2025,13,WR,Stefon Diggs,NE,xgb,9.765999794006348,3.1589999198913574,17.86400032043457,5.6
00-0032211,2025,13,WR,Tyler Lockett,LV,xgb,6.828999996185303,0.22200000286102295,14.928000450134277,2.1
00-0032385,2025,13,WR,Sterling Shepard,TB,xgb,6.617000102996826,0.009999999776482582,14.71500015258789,1.5
00-0032775,2025,13,WR,Demarcus Robinson,SF,xgb,4.065999984741211,0.0,12.163999557495117,0.6000000000000001
00-0032951,2025,13,WR,Laquon Treadwell,IND,xgb,0.9670000076293945,0.0,9.0649995803833,0.0
00-0033307,2025,13,WR,Kendrick Bourne,SF,xgb,4.330999851226807,0.0,12.428999900817871,0.0
00-0033375,2025,13,WR,Tim Patrick,JAX,xgb,3.9839999675750732,0.0,12.083000183105469,2.1
00-0033555,2025,13,WR,Mack Hollins,NE,xgb,7.915999889373779,1.309000015258789,16.014999389648438,5.300000000000001
00-0033572,2025,13,WR,Jamal Agnew,ATL,xgb,0.8840000033378601,0.0,8.982999801635742,0.0
00-0033857,2025,13,WR,JuJu Smith-Schuster,KC,xgb,4.864999771118164,0.0,12.96399974822998,0.0
00-0033908,2025,13,WR,Cooper Kupp,SEA,xgb,7.38100004196167,0.7739999890327454,15.479000091552734,5.4
00-0033921,2025,13,WR,Chris Godwin Jr.,TB,xgb,10.567000389099121,3.9600000381469727,18.665000915527344,10.8
00-0034348,2025,13,WR,Courtland Sutton,DEN,xgb,12.618000030517578,6.01200008392334,20.716999053955078,17.2
00-0034418,2025,13,WR,Cedrick Wilson Jr.,MIA,xgb,3.1630001068115234,0.0,11.26099967956543,2.6
00-0034521,2025,13,WR,Allen Lazard,NYJ,xgb,3.568000078201294,0.0,11.666000366210938,2.0
00-0034827,2025,13,WR,DJ Moore,CHI,xgb,6.925000190734863,0.3179999887943268,15.02299976348877,4.7
00-0034860,2025,13,WR,Dante Pettis,NO,xgb,2.6670000553131104,0.0,10.765000343322754,0.0
00-0034960,2025,13,WR,Jakobi Meyers,JAX,xgb,11.116000175476074,4.508999824523926,19.214000701904297,21.3
00-0035208,2025,13,WR,Olamide Zaccheaus,CHI,xgb,6.669000148773193,0.06199999898672104,14.767000198364258,3.9000000000000004
00-0035359,2025,13,WR,David Sills,ATL,xgb,3.9820001125335693,0.0,12.081000328063965,9.5
00-0035406,2025,13,WR,Lil'Jordan Humphrey,DEN,xgb,4.550000190734863,0.0,12.64900016784668,0.0
00-0035500,2025,13,WR,Greg Dortch,ARI,xgb,7.066999912261963,0.46000000834465027,15.164999961853027,3.4000000000000004
00-0035535,2025,13,WR,Darius Slayton,NYG,xgb,8.699999809265137,2.0929999351501465,16.79800033569336,14.100000000000001
00-0035544,2025,13,WR,Tom Kennedy,DET,xgb,1.1579999923706055,0.0,9.256999969482422,7.6
00-0035602,2025,13,WR,Alex Bachman,LV,xgb,0.9330000281333923,0.0,9.031000137329102,0.0
00-0035640,2025,13,WR,DK Metcalf,PIT,xgb,11.055000305175781,4.447999954223633,19.152999877929688,6.2
00-0035645,2025,13,WR,Gunner Olszewski,NYG,xgb,2.2950000762939453,0.0,10.394000053405762,0.0
00-0035659,2025,13,WR,Terry McLaurin,WAS,xgb,10.444999694824219,3.8380000591278076,18.542999267578125,22.6
00-0035662,2025,13,WR,Marquise Brown,KC,xgb,8.192999839782715,1.5859999656677246,16.291000366210938,10.0
00-0035676,2025,13,WR,A.J. Brown,PHI,xgb,13.718999862670898,7.111999988555908,21.816999435424805,35.2
00-0035719,2025,13,WR,Deebo Samuel Sr.,WAS,xgb,13.486000061035156,6.879000186920166,21.584999084472656,11.100000000000001
00-0035876,2025,13,WR,Andre Baccellia,ARI,xgb,2.7850000858306885,0.0,10.883999824523926,0.0
00-0035891,2025,13,WR,Cody White,SEA,xgb,1.6540000438690186,0.0,9.751999855041504,3.1
00-0036133,2025,13,WR,James Proche,TEN,xgb,3.2230000495910645,0.0,11.321000099182129,2.3
00-0036165,2025,13,WR,Isaiah Hodgins,NYG,xgb,6.72599983215332,0.11900000274181366,14.824000358581543,1.4
00-0036182,2025,13,WR,Nick Westbrook-Ikhine,MIA,xgb,3.0320000648498535,0.0,11.130000114440918,0.0
00-0036196,2025,13,WR,Gabe Davis,BUF,xgb,4.860000133514404,0.0,12.958000183105469,1.5
00-0036252,2025,13,WR,Michael Pittman,IND,xgb,14.46500015258789,7.857999801635742,22.562999725341797,2.3
00-0036259,2025,13,WR,Jauan Jennings,SF,xgb,10.508999824523926,3.9019999504089355,18.60700035095215,13.9
00-0036309,2025,13,WR,Darnell Mooney,ATL,xgb,8.637999534606934,2.0309998989105225,16.736000061035156,4.5
00-0036322,2025,13,WR,Justin Jefferson,MIN,xgb,10.319999694824219,3.7130000591278076,18.417999267578125,2.4
00-0036331,2025,13,WR,Devin Duvernay,CHI,xgb,0.8500000238418579,0.0,8.947999954223633,0.0
00-0036358,2025,13,WR,CeeDee Lamb,DAL,xgb,10.10200023651123,3.494999885559082,18.201000213623047,24.200000000000003
00-0036407,2025,13,WR,Jerry Jeudy,CLE,xgb,8.567999839782715,1.9609999656677246,16.666000366210938,5.6
00-0036415,2025,13,WR,Van Jefferson,TEN,xgb,6.285999774932861,0.0,14.385000228881836,5.0
00-0036550,2025,13,WR,Rashod Bateman,BAL,xgb,5.828999996185303,0.0,13.928000450134277,0.0
00-0036554,2025,13,WR,Nico Collins,HOU,xgb,15.866999626159668,9.260000228881836,23.965999603271484,21.5
00-0036613,2025,13,WR,Jaylen Waddle,MIA,xgb,13.026000022888184,6.419000148773193,21.124000549316406,7.0
00-0036841,2025,13,WR,Austin Trammell,JAX,xgb,3.196000099182129,0.0,11.295000076293945,0.0
00-0036862,2025,13,WR,Ben Skowronek,PIT,xgb,4.235000133514404,0.0,12.333999633789062,0.0
00-0036900,2025,13,WR,Ja'Marr Chase,CIN,xgb,18.819000244140625,12.211999893188477,26.91699981689453,18.0
00-0036912,2025,13,WR,DeVonta Smith,PHI,xgb,12.864999771118164,6.257999897003174,20.964000701904297,9.8
00-0036963,2025,13,WR,Amon-Ra St. Brown,DET,xgb,15.88700008392334,9.279999732971191,23.986000061035156,0.0
00-0037091,2025,13,WR,Bo Melton,GB,xgb,1.3650000095367432,0.0,9.463000297546387,1.5
00-0037132,2025,13,WR,Britain Covey,PHI,xgb,2.634000062942505,0.0,10.732999801635742,0.0
00-0037239,2025,13,WR,Chris Olave,NO,xgb,13.270000457763672,6.663000106811523,21.368999481201172,14.7
00-0037240,2025,13,WR,Jameson Williams,DET,xgb,9.09000015258789,2.4830000400543213,17.187999725341797,26.9
00-0037247,2025,13,WR,George Pickens,DAL,xgb,15.01200008392334,8.404999732971191,23.110000610351562,16.8
00-0037261,2025,13,WR,Khalil Shakir,BUF,xgb,13.836000442504883,7.229000091552734,21.93400001525879,1.5
00-0037291,2025,13,WR,Jalen Nailor,MIN,xgb,5.50600004196167,0.0,13.604000091552734,0.0
00-0037487,2025,13,WR,Deven Thompkins,ATL,xgb,1.2719999551773071,0.0,9.371000289916992,4.800000000000001
00-0037545,2025,13,WR,Rashid Shaheed,SEA,xgb,8.541000366210938,1.934000015258789,16.638999938964844,2.6
00-0037614,2025,13,WR,John Metchie III,NYJ,xgb,7.258999824523926,0.6520000100135803,15.357999801635742,5.7
00-0037664,2025,13,WR,Alec Pierce,IND,xgb,11.484000205993652,4.876999855041504,19.58300018310547,17.8
00-0037666,2025,13,WR,Jalen Tolbert,DAL,xgb,3.878999948501587,0.0,11.97700023651123,0.0
00-0037741,2025,13,WR,Jahan Dotson,PHI,xgb,3.7209999561309814,0.0,11.819000244140625,2.2
00-0037742,2025,13,WR,Treylon Burks,WAS,xgb,3.989000082015991,0.0,12.088000297546387,7.5
00-0037801,2025,13,WR,KaVontae Turpin,DAL,xgb,4.6529998779296875,0.0,12.75100040435791,8.100000000000001
00-0037816,2025,13,WR,Romeo Doubs,GB,xgb,9.640999794006348,3.0339999198913574,17.73900032043457,12.0
00-0037837,2025,13,WR,Calvin Austin III,PIT,xgb,6.923999786376953,0.31700000166893005,15.022000312805176,0.0
00-0038090,2025,13,WR,Skyy Moore,SF,xgb,0.8989999890327454,0.0,8.998000144958496,0.0
00-0038104,2025,13,WR,Tyquan Thornton,KC,xgb,5.7789998054504395,0.0,13.876999855041504,0.0
00-0038117,2025,13,WR,Wan'Dale Robinson,NYG,xgb,16.336999893188477,9.729999542236328,24.434999465942383,10.4
00-0038124,2025,13,WR,Christian Watson,GB,xgb,9.737000465393066,3.130000114440918,17.834999084472656,18.3
00-0038359,2025,13,WR,Xavier Smith,LA,xgb,3.069000005722046,0.0,11.166999816894531,11.200000000000001
00-0038393,2025,13,WR,Dontayvion Wicks,GB,xgb,5.017000198364258,0.0,13.114999771118164,28.0
00-0038465,2025,13,WR,Malik Heath,GB,xgb,2.9230000972747803,0.0,11.020999908447266,0.0
00-0038519,2025,13,WR,Nikko Remigio,KC,xgb,0.8500000238418579,0.0,8.947999954223633,0.0
00-0038543,2025,13,WR,Jaxon Smith-Njigba,SEA,xgb,15.730999946594238,9.12399959564209,23.82900047302246,4.300000000000001
00-0038544,2025,13,WR,Quentin Johnston,LAC,xgb,13.555000305175781,6.948999881744385,21.65399932861328,11.3
00-0038559,2025,13,WR,Michael Wilson,ARI,xgb,17.266000747680664,10.659000396728516,25.36400032043457,6.6
00-0038563,2025,13,WR,Tre Tucker,LV,xgb,8.512999534606934,1.906000018119812,16.61199951171875,5.0
00-0038573,2025,13,WR,Derius Davis,LAC,xgb,2.134999990463257,0.0,10.234000205993652,0.0
00-0038576,2025,13,WR,Charlie Jones,CIN,xgb,2.0239999294281006,0.0,10.123000144958496,0.0
00-0038606,2025,13,WR,Parker Washington,JAX,xgb,10.809000015258789,4.202000141143799,18.908000946044922,3.6
00-0038608,2025,13,WR,Kayshon Boutte,NE,xgb,7.138999938964844,0.5320000052452087,15.23799991607666,13.5
00-0038618,2025,13,WR,Xavier Hutchinson,HOU,xgb,6.002999782562256,0.0,14.10099983215332,5.9
00-0038619,2025,13,WR,Andrei Iosivas,CIN,xgb,7.132999897003174,0.5260000228881836,15.230999946594238,9.9
00-0038621,2025,13,WR,DeMario Douglas,NE,xgb,7.701000213623047,1.093999981880188,15.798999786376953,6.300000000000001
00-0038824,2025,13,WR,Ryan Miller,TB,xgb,1.0230000019073486,0.0,9.121000289916992,0.0
00-0038839,2025,13,WR,Mitchell Tinsley,CIN,xgb,5.256999969482422,0.0,13.354999542236328,4.2
00-0038840,2025,13,WR,Brycen Tremayne,CAR,xgb,1.9670000076293945,0.0,10.0649995803833,0.0
00-0038953,2025,13,WR,Dylan Drummond,ATL,xgb,4.118000030517578,0.0,12.217000007629395,1.3
00-0038976,2025,13,WR,Marvin Mims Jr.,DEN,xgb,5.940000057220459,0.0,14.038999557495117,3.7
00-0038979,2025,13,WR,Cedric Tillman,CLE,xgb,6.965000152587891,0.3580000102519989,15.062999725341797,0.0
00-0038994,2025,13,WR,Jordan Addison,MIN,xgb,8.901000022888184,2.2939999103546143,16.999000549316406,8.6
00-0038997,2025,13,WR,Josh Downs,IND,xgb,8.397000312805176,1.7899999618530273,16.4950008392334,6.4
00-0039064,2025,13,WR,Zay Flowers,BAL,xgb,13.461000442504883,6.854000091552734,21.55900001525879,0.6000000000000001
00-0039067,2025,13,WR,Rashee Rice,KC,xgb,9.699000358581543,3.0920000076293945,17.797000885009766,29.4
00-0039075,2025,13,WR,Puka Nacua,LA,xgb,18.54199981689453,11.9350004196167,26.641000747680664,13.2
00-0039342,2025,13,WR,Xavier Legette,CAR,xgb,8.234000205993652,1.6269999742507935,16.332000732421875,1.1
00-0039410,2025,13,WR,Ryan Flournoy,DAL,xgb,4.480000019073486,0.0,12.57800006866455,6.4
00-0039424,2025,13,WR,Devaughn Vele,NO,xgb,5.598999977111816,0.0,13.696999549865723,23.3
00-0039451,2025,13,WR,Isaiah Williams,NYJ,xgb,2.0999999046325684,0.0,10.199000358581543,0.0
00-0039491,2025,13,WR,Jalen Coker,CAR,xgb,5.611999988555908,0.0,13.710000038146973,17.4
00-0039521,2025,13,WR,Xavier Weaver,ARI,xgb,3.0969998836517334,0.0,11.196000099182129,0.0
00-0039589,2025,13,WR,Kameron Johnson,TB,xgb,0.9089999794960022,0.0,9.008000373840332,0.0
00-0039623,2025,13,WR,Mason Tipton,NO,xgb,2.634000062942505,0.0,10.732999801635742,4.9
00-0039739,2025,13,WR,Roman Wilson,PIT,xgb,7.080999851226807,0.4740000069141388,15.178999900817871,0.0
00-0039751,2025,13,WR,Jordan Whittington,LA,xgb,4.696000099182129,0.0,12.795000076293945,0.0
00-0039792,2025,13,WR,Devontez Walker,BAL,xgb,4.072000026702881,0.0,12.170000076293945,0.0
00-0039816,2025,13,WR,Anthony Gould,IND,xgb,0.8820000290870667,0.0,8.979999542236328,0.0
00-0039849,2025,13,WR,Marvin Harrison Jr.,ARI,xgb,13.072999954223633,6.466000080108643,21.17099952697754,12.9
00-0039868,2025,13,WR,Troy Franklin,DEN,xgb,16.225000381469727,9.618000030517578,24.323999404907227,4.1
00-0039880,2025,13,WR,Malik Washington,MIA,xgb,8.253999710083008,1.6469999551773071,16.351999282836914,7.0
00-0039890,2025,13,WR,Adonai Mitchell,NYJ,xgb,3.986999988555908,0.0,12.086000442504883,24.200000000000003
00-0039893,2025,13,WR,Brian Thomas Jr.,JAX,xgb,13.442000389099121,6.835000038146973,21.540000915527344,4.800000000000001
00-0039894,2025,13,WR,Xavier Worthy,KC,xgb,7.932000160217285,1.3250000476837158,16.0310001373291,11.4
00-0039901,2025,13,WR,Keon Coleman,BUF,xgb,9.38700008392334,2.7799999713897705,17.486000061035156,8.9
00-0039915,2025,13,WR,Ladd McConkey,LAC,xgb,13.076000213623047,6.468999862670898,21.174999237060547,13.9
00-0039916,2025,13,WR,Ricky Pearsall,SF,xgb,8.87399959564209,2.2669999599456787,16.972000122070312,3.4000000000000004
00-0039919,2025,13,WR,Rome Odunze,CHI,xgb,10.583999633789062,3.9769999980926514,18.683000564575195,2.8
00-0039920,2025,13,WR,Malachi Corley,CLE,xgb,3.1600000858306885,0.0,11.258999824523926,0.9
00-0040124,2025,13,WR,Tetairoa McMillan,CAR,xgb,12.805999755859375,6.198999881744385,20.90399932861328,11.3
00-0040129,2025,13,WR,Emeka Egbuka,TB,xgb,14.270000457763672,7.664000034332275,22.368999481201172,8.2
00-0040130,2025,13,WR,Jayden Higgins,HOU,xgb,8.914999961853027,2.308000087738037,17.013999938964844,11.5
00-0040131,2025,13,WR,Kyle Williams,NE,xgb,3.4179999828338623,0.0,11.515999794006348,10.3
00-0040134,2025,13,WR,Pat Bryant,DEN,xgb,7.39300012588501,0.7860000133514404,15.491000175476074,7.2
00-0040138,2025,13,WR,Jaylin Noel,HOU,xgb,5.324999809265137,0.0,13.423999786376953,0.0
00-0040154,2025,13,WR,Tai Felton,MIN,xgb,0.9330000281333923,0.0,9.031000137329102,0.0
00-0040164,2025,13,WR,Jaylin Lane,WAS,xgb,5.767000198364258,0.0,13.864999771118164,0.0
00-0040170,2025,13,WR,Elic Ayomanor,TEN,xgb,7.914999961853027,1.3079999685287476,16.01300048828125,1.5
00-0040237,2025,13,WR,Tez Johnson,TB,xgb,6.0269999504089355,0.0,14.125,1.5
00-0040259,2025,13,WR,Gage Larvadain,CLE,xgb,1.0750000476837158,0.0,9.17300033569336,4.300000000000001
00-0040506,2025,13,WR,Myles Price,MIN,xgb,0.8500000238418579,0.0,8.947999954223633,0.0
00-0040522,2025,13,WR,Xavier Restrepo,TEN,xgb,6.454999923706055,0.0,14.553000450134277,2.5
00-0040534,2025,13,WR,Ke'Shawn Williams,PIT,xgb,0.9330000281333923,0.0,9.031000137329102,0.0
00-0040563,2025,13,WR,Efton Chism III,NE,xgb,0.8629999756813049,0.0,8.961000442504883,0.0
00-0040581,2025,13,WR,Dont'e Thornton Jr.,LV,xgb,3.302999973297119,0.0,11.402000427246094,2.1
00-0040590,2025,13,WR,Konata Mumpfield,LA,xgb,3.9820001125335693,0.0,12.079999923706055,0.0
00-0040669,2025,13,WR,Isaac TeSlaa,DET,xgb,3.5769999027252197,0.0,11.675000190734863,11.5
00-0040705,2025,13,WR,Chimere Dike,TEN,xgb,9.399999618530273,2.7929999828338623,17.49799919128418,1.9
00-0040727,2025,13,WR,Tre Harris,LAC,xgb,4.613999843597412,0.0,12.713000297546387,6.0
00-0040729,2025,13,WR,Jack Bech,LV,xgb,3.638000011444092,0.0,11.737000465393066,4.2
00-0040735,2025,13,WR,Luther Burden III,CHI,xgb,7.557000160217285,0.949999988079071,15.654999732971191,7.6
00-0040782,2025,13,WR,Isaiah Bond,CLE,xgb,5.2230000495910645,0.0,13.321000099182129,3.7
00-0030035,2025,14,WR,Adam Thielen,PIT,xgb,2.9749999046325684,0.0,11.074000358581543,1.4
00-0030279,2025,14,WR,Keenan Allen,LAC,xgb,14.081999778747559,7.474999904632568,22.18000030517578,5.2
00-0030564,2025,14,WR,DeAndre Hopkins,BAL,xgb,5.224999904632568,0.0,13.324000358581543,0.0
00-0031381,2025,14,WR,Davante Adams,LA,xgb,15.12399959564209,8.517000198364258,23.222000122070312,6.9
00-0032211,2025,14,WR,Tyler Lockett,LV,xgb,5.992000102996826,0.0,14.090999603271484,7.1000000000000005
00-0032385,2025,14,WR,Sterling Shepard,TB,xgb,6.5879998207092285,0.0,14.687000274658203,1.5
00-0032951,2025,14,WR,Laquon Treadwell,IND,xgb,0.8629999756813049,0.0,8.961000442504883,0.0
00-0033375,2025,14,WR,Tim Patrick,JAX,xgb,3.8299999237060547,0.0,11.928999900817871,18.8
00-0033572,2025,14,WR,Jamal Agnew,ATL,xgb,0.8840000033378601,0.0,8.982999801635742,0.0
00-0033591,2025,14,WR,Noah Brown,WAS,xgb,5.5980000495910645,0.0,13.696999549865723,2.9000000000000004
00-0033857,2025,14,WR,JuJu Smith-Schuster,KC,xgb,4.357999801635742,0.0,12.456999778747559,1.5
00-0033908,2025,14,WR,Cooper Kupp,SEA,xgb,7.190000057220459,0.5830000042915344,15.288999557495117,11.5
00-0033921,2025,14,WR,Chris Godwin Jr.,TB,xgb,8.116999626159668,1.5099999904632568,16.215999603271484,10.5
00-0034272,2025,14,WR,Marquez Valdes-Scantling,PIT,xgb,4.381999969482422,0.0,12.479999542236328,0.0
00-0034348,2025,14,WR,Courtland Sutton,DEN,xgb,13.545999526977539,6.939000129699707,21.643999099731445,12.2
00-0034487,2025,14,WR,Trent Sherfield,ARI,xgb,2.693000078201294,0.0,10.791000366210938,0.0
00-0034521,2025,14,WR,Allen Lazard,NYJ,xgb,3.5769999027252197,0.0,11.675000190734863,0.0
00-0034775,2025,14,WR,Christian Kirk,HOU,xgb,10.564000129699707,3.9570000171661377,18.66200065612793,1.6
00-0034827,2025,14,WR,DJ Moore,CHI,xgb,9.395000457763672,2.7880001068115234,17.493999481201172,0.6
00-0034860,2025,14,WR,Dante Pettis,NO,xgb,1.7970000505447388,0.0,9.895000457763672,0.0
00-0034960,2025,14,WR,Jakobi Meyers,JAX,xgb,9.699000358581543,3.0920000076293945,17.79800033569336,14.8
00-0035208,2025,14,WR,Olamide Zaccheaus,CHI,xgb,7.059000015258789,0.4519999921321869,15.156999588012695,8.7
00-0035359,2025,14,WR,David Sills,ATL,xgb,3.9030001163482666,0.0,12.00100040435791,0.0
00-0035406,2025,14,WR,Lil'Jordan Humphrey,DEN,xgb,3.6740000247955322,0.0,11.772000312805176,5.7
00-0035544,2025,14,WR,Tom Kennedy,DET,xgb,3.174999952316284,0.0,11.27299976348877,0.0
00-0035640,2025,14,WR,DK Metcalf,PIT,xgb,9.805000305175781,3.197999954223633,17.90399932861328,21.8
00-0035659,2025,14,WR,Terry McLaurin,WAS,xgb,16.325000762939453,9.718000411987305,24.42300033569336,7.1000000000000005
00-0035662,2025,14,WR,Marquise Brown,KC,xgb,7.964000225067139,1.3569999933242798,16.062999725341797,4.5
00-0035676,2025,14,WR,A.J. Brown,PHI,xgb,14.98900032043457,8.381999969482422,23.086999893188477,16.0
00-0035719,2025,14,WR,Deebo Samuel Sr.,WAS,xgb,11.576000213623047,4.968999862670898,19.673999786376953,6.7
00-0035876,2025,14,WR,Andre Baccellia,ARI,xgb,0.9020000100135803,0.0,9.00100040435791,1.3
00-0035891,2025,14,WR,Cody White,SEA,xgb,2.510999917984009,0.0,10.609999656677246,1.9
00-0036133,2025,14,WR,James Proche,TEN,xgb,4.168000221252441,0.0,12.267000198364258,0.0
00-0036182,2025,14,WR,Nick Westbrook-Ikhine,MIA,xgb,2.385999917984009,0.0,10.484000205993652,0.0
00-0036196,2025,14,WR,Gabe Davis,BUF,xgb,4.017000198364258,0.0,12.114999771118164,4.1
00-0036252,2025,14,WR,Michael Pittman,IND,xgb,13.11400032043457,6.506999969482422,21.211999893188477,16.9
00-0036309,2025,14,WR,Darnell Mooney,ATL,xgb,9.07800006866455,2.4709999561309814,17.176000595092773,1.6
00-0036322,2025,14,WR,Justin Jefferson,MIN,xgb,11.368000030517578,4.761000156402588,19.465999603271484,3.1
00-0036331,2025,14,WR,Devin Duvernay,CHI,xgb,0.8420000076293945,0.0,8.9399995803833,3.4000000000000004
00-0036358,2025,14,WR,CeeDee Lamb,DAL,xgb,13.694999694824219,7.0879998207092285,21.79400062561035,18.1
00-0036407,2025,14,WR,Jerry Jeudy,CLE,xgb,9.230999946594238,2.624000072479248,17.32900047302246,16.6
00-0036410,2025,14,WR,Tee Higgins,CIN,xgb,11.541000366210938,4.934000015258789,19.638999938964844,27.200000000000003
00-0036415,2025,14,WR,Van Jefferson,TEN,xgb,6.620999813079834,0.014000000432133675,14.718999862670898,3.7
00-0036527,2025,14,WR,DJ Turner,LV,xgb,2.7909998893737793,0.0,10.888999938964844,0.0
00-0036550,2025,14,WR,Rashod Bateman,BAL,xgb,4.308000087738037,0.0,12.406999588012695,4.300000000000001
00-0036554,2025,14,WR,Nico Collins,HOU,xgb,17.650999069213867,11.043999671936035,25.749000549316406,16.1
00-0036613,2025,14,WR,Jaylen Waddle,MIA,xgb,12.513999938964844,5.9070000648498535,20.61199951171875,18.1
00-0036620,2025,14,WR,Dee Eskridge,MIA,xgb,2.367000102996826,0.0,10.465999603271484,0.0
00-0036841,2025,14,WR,Austin Trammell,JAX,xgb,3.885999917984009,0.0,11.984999656677246,0.0
00-0036862,2025,14,WR,Ben Skowronek,PIT,xgb,1.9670000076293945,0.0,10.065999984741211,2.3
00-0036900,2025,14,WR,Ja'Marr Chase,CIN,xgb,17.417999267578125,10.810999870300293,25.516000747680664,10.2
00-0036912,2025,14,WR,DeVonta Smith,PHI,xgb,9.37600040435791,2.7690000534057617,17.474000930786133,7.7
00-0036963,2025,14,WR,Amon-Ra St. Brown,DET,xgb,14.710000038146973,8.102999687194824,22.808000564575195,15.200000000000001
00-0037091,2025,14,WR,Bo Melton,GB,xgb,2.572999954223633,0.0,10.67199993133545,11.5
00-0037132,2025,14,WR,Britain Covey,PHI,xgb,1.777999997138977,0.0,9.87600040435791,0.0
00-0037239,2025,14,WR,Chris Olave,NO,xgb,13.279999732971191,6.672999858856201,21.378999710083008,6.0
00-0037240,2025,14,WR,Jameson Williams,DET,xgb,11.543999671936035,4.936999797821045,19.642000198364258,17.3
00-0037247,2025,14,WR,George Pickens,DAL,xgb,21.423999786376953,14.817000389099121,29.52199935913086,8.7
00-0037261,2025,14,WR,Khalil Shakir,BUF,xgb,13.199999809265137,6.593999862670898,21.298999786376953,9.6
00-0037291,2025,14,WR,Jalen Nailor,MIN,xgb,6.031000137329102,0.0,14.128999710083008,6.0
00-0037487,2025,14,WR,Deven Thompkins,ATL,xgb,3.3570001125335693,0.0,11.456000328063965,1.4
00-0037545,2025,14,WR,Rashid Shaheed,SEA,xgb,7.117000102996826,0.5099999904632568,15.21500015258789,16.7
00-0037614,2025,14,WR,John Metchie III,NYJ,xgb,6.058000087738037,0.0,14.156000137329102,7.4
00-0037664,2025,14,WR,Alec Pierce,IND,xgb,9.24899959564209,2.6419999599456787,17.347000122070312,13.0
00-0037741,2025,14,WR,Jahan Dotson,PHI,xgb,3.73799991607666,0.0,11.836999893188477,1.3
00-0037742,2025,14,WR,Treylon Burks,WAS,xgb,5.809999942779541,0.0,13.907999992370605,0.0
00-0037745,2025,14,WR,Velus Jones Jr.,SEA,xgb,0.8629999756813049,0.0,8.961000442504883,3.2
00-0037801,2025,14,WR,KaVontae Turpin,DAL,xgb,4.802000045776367,0.0,12.899999618530273,5.0
00-0037816,2025,14,WR,Romeo Doubs,GB,xgb,9.156000137329102,2.5490000247955322,17.2549991607666,0.0
00-0037837,2025,14,WR,Calvin Austin III,PIT,xgb,7.093999862670898,0.4869999885559082,15.192000389099121,4.1
00-0038104,2025,14,WR,Tyquan Thornton,KC,xgb,5.480999946594238,0.0,13.579999923706055,3.9000000000000004
00-0038124,2025,14,WR,Christian Watson,GB,xgb,10.01099967956543,3.4040000438690186,18.108999252319336,24.9
00-0038359,2025,14,WR,Xavier Smith,LA,xgb,4.835999965667725,0.0,12.934000015258789,1.6
00-0038543,2025,14,WR,Jaxon Smith-Njigba,SEA,xgb,18.81800079345703,12.211000442504883,26.916000366210938,28.1
00-0038544,2025,14,WR,Quentin Johnston,LAC,xgb,12.369000434875488,5.76200008392334,20.466999053955078,2.8
00-0038559,2025,14,WR,Michael Wilson,ARI,xgb,17.82200050354004,11.21500015258789,25.920000076293945,37.2
00-0038563,2025,14,WR,Tre Tucker,LV,xgb,8.758999824523926,2.1519999504089355,16.857999801635742,4.4
00-0038573,2025,14,WR,Derius Davis,LAC,xgb,0.8619999885559082,0.0,8.961000442504883,0.0
00-0038576,2025,14,WR,Charlie Jones,CIN,xgb,1.0240000486373901,0.0,9.121999740600586,0.0
00-0038618,2025,14,WR,Xavier Hutchinson,HOU,xgb,7.23799991607666,0.6309999823570251,15.336000442504883,0.0
00-0038619,2025,14,WR,Andrei Iosivas,CIN,xgb,8.236000061035156,1.628999948501587,16.334999084472656,3.7
00-0038640,2025,14,WR,Jalen Brooks,ARI,xgb,1.7710000276565552,0.0,9.869999885559082,5.2
00-0038679,2025,14,WR,Tyrell Shavers,BUF,xgb,6.953999996185303,0.34700000286102295,15.053000450134277,2.6
00-0038824,2025,14,WR,Ryan Miller,TB,xgb,1.024999976158142,0.0,9.12399959564209,0.0
00-0038891,2025,14,WR,Shedrick Jackson,LV,xgb,2.3929998874664307,0.0,10.491999626159668,9.5
00-0038911,2025,14,WR,Malik Cunningham,DET,xgb,0.949999988079071,0.0,9.04800033569336,0.1
00-0038953,2025,14,WR,Dylan Drummond,ATL,xgb,3.6649999618530273,0.0,11.762999534606934,5.1
00-0038976,2025,14,WR,Marvin Mims Jr.,DEN,xgb,6.464000225067139,0.0,14.562000274658203,7.7
00-0038979,2025,14,WR,Cedric Tillman,CLE,xgb,4.380000114440918,0.0,12.479000091552734,3.3000000000000003
00-0038994,2025,14,WR,Jordan Addison,MIN,xgb,8.458999633789062,1.8519999980926514,16.558000564575195,10.2
00-0038997,2025,14,WR,Josh Downs,IND,xgb,8.954000473022461,2.3480000495910645,17.05299949645996,6.300000000000001
00-0039062,2025,14,WR,Jonathan Mingo,DAL,xgb,2.740999937057495,0.0,10.84000015258789,0.0
00-0039064,2025,14,WR,Zay Flowers,BAL,xgb,10.951000213623047,4.34499979019165,19.049999237060547,20.6
00-0039067,2025,14,WR,Rashee Rice,KC,xgb,15.416999816894531,8.8100004196167,23.514999389648438,7.4
00-0039075,2025,14,WR,Puka Nacua,LA,xgb,17.631999969482422,11.024999618530273,25.731000900268555,35.7
00-0039146,2025,14,WR,Jayden Reed,GB,xgb,8.574999809265137,1.968000054359436,16.673999786376953,9.3
00-0039410,2025,14,WR,Ryan Flournoy,DAL,xgb,5.361000061035156,0.0,13.460000038146973,26.5
00-0039424,2025,14,WR,Devaughn Vele,NO,xgb,6.808000087738037,0.20100000500679016,14.906000137329102,7.0
00-0039451,2025,14,WR,Isaiah Williams,NYJ,xgb,4.111000061035156,0.0,12.208999633789062,10.4
00-0039589,2025,14,WR,Kameron Johnson,TB,xgb,0.9020000100135803,0.0,9.0,0.0
00-0039623,2025,14,WR,Mason Tipton,NO,xgb,3.00600004196167,0.0,11.104999542236328,0.0
00-0039751,2025,14,WR,Jordan Whittington,LA,xgb,3.556999921798706,0.0,11.656000137329102,1.5
00-0039816,2025,14,WR,Anthony Gould,IND,xgb,0.8840000033378601,0.0,8.982999801635742,1.3
00-0039868,2025,14,WR,Troy Franklin,DEN,xgb,10.930000305175781,4.322999954223633,19.027999877929688,4.1
00-0039880,2025,14,WR,Malik Washington,MIA,xgb,6.855999946594238,0.24899999797344208,14.954000473022461,4.0
00-0039890,2025,14,WR,Adonai Mitchell,NYJ,xgb,11.449000358581543,4.8420000076293945,19.547000885009766,3.4000000000000004
00-0039893,2025,14,WR,Brian Thomas Jr.,JAX,xgb,10.74899959564209,4.142000198364258,18.847000122070312,11.700000000000001
00-0039894,2025,14,WR,Xavier Worthy,KC,xgb,7.6570000648498535,1.0499999523162842,15.755000114440918,8.5
00-0039901,2025,14,WR,Keon Coleman,BUF,xgb,8.258999824523926,1.6519999504089355,16.35700035095215,3.6
00-0039915,2025,14,WR,Ladd McConkey,LAC,xgb,13.807999610900879,7.202000141143799,21.906999588012695,2.2
00-0039920,2025,14,WR,Malachi Corley,CLE,xgb,1.8619999885559082,0.0,9.960000038146973,0.2
00-0040024,2025,14,WR,Darius Cooper,PHI,xgb,2.825000047683716,0.0,10.92300033569336,2.9000000000000004
00-0040075,2025,14,WR,LaJohntay Wester,BAL,xgb,0.8840000033378601,0.0,8.982999801635742,0.0
00-0040129,2025,14,WR,Emeka Egbuka,TB,xgb,14.423999786376953,7.816999912261963,22.52199935913086,3.5
00-0040130,2025,14,WR,Jayden Higgins,HOU,xgb,9.87600040435791,3.2690000534057617,17.974000930786133,6.4
00-0040134,2025,14,WR,Pat Bryant,DEN,xgb,7.486999988555908,0.8799999952316284,15.585000038146973,7.2
00-0040138,2025,14,WR,Jaylin Noel,HOU,xgb,3.48799991607666,0.0,11.586000442504883,3.3
00-0040154,2025,14,WR,Tai Felton,MIN,xgb,0.8840000033378601,0.0,8.982999801635742,2.0
00-0040164,2025,14,WR,Jaylin Lane,WAS,xgb,4.051000118255615,0.0,12.14900016784668,0.0
00-0040170,2025,14,WR,Elic Ayomanor,TEN,xgb,7.0320000648498535,0.4259999990463257,15.130999565124512,8.4
00-0040259,2025,14,WR,Gage Larvadain,CLE,xgb,3.3529999256134033,0.0,11.45199966430664,3.8
00-0040506,2025,14,WR,Myles Price,MIN,xgb,0.8420000076293945,0.0,8.9399995803833,0.0
00-0040590,2025,14,WR,Konata Mumpfield,LA,xgb,2.388000011444092,0.0,10.487000465393066,1.5
00-0040667,2025,14,WR,Matthew Golden,GB,xgb,6.513000011444092,0.0,14.612000465393066,0.0
00-0040669,2025,14,WR,Isaac TeSlaa,DET,xgb,4.354000091552734,0.0,12.45199966430664,10.0
00-0040705,2025,14,WR,Chimere Dike,TEN,xgb,6.711999893188477,0.10499999672174454,14.810999870300293,13.4
00-0040727,2025,14,WR,Tre Harris,LAC,xgb,4.618000030517578,0.0,12.715999603271484,3.1
00-0040729,2025,14,WR,Jack Bech,LV,xgb,3.0169999599456787,0.0,11.114999771118164,11.0
00-0040735,2025,14,WR,Luther Burden III,CHI,xgb,7.208000183105469,0.6010000109672546,15.307000160217285,11.0
00-0040782,2025,14,WR,Isaiah Bond,CLE,xgb,5.046999931335449,0.0,13.145000457763672,0.0
00-0030035,2025,15,WR,Adam Thielen,PIT,xgb,2.9210000038146973,0.0,11.020000457763672,1.7000000000000002
00-0030279,2025,15,WR,Keenan Allen,LAC,xgb,10.262999534606934,3.6559998989105225,18.361000061035156,8.6
00-0030564,2025,15,WR,DeAndre Hopkins,BAL,xgb,3.4140000343322754,0.0,11.512999534606934,4.2
00-0031236,2025,15,WR,Brandin Cooks,BUF,xgb,4.142000198364258,0.0,12.239999771118164,0.0
00-0031381,2025,15,WR,Davante Adams,LA,xgb,15.208000183105469,8.60099983215332,23.305999755859375,11.100000000000001
00-0031408,2025,15,WR,Mike Evans,TB,xgb,4.796000003814697,0.0,12.894000053405762,19.200000000000003
00-0031588,2025,15,WR,Stefon Diggs,NE,xgb,10.508000373840332,3.9010000228881836,18.606000900268555,5.6
00-0032211,2025,15,WR,Tyler Lockett,LV,xgb,6.752999782562256,0.1459999978542328,14.85099983215332,3.0
00-0032464,2025,15,WR,Kalif Raymond,DET,xgb,3.3559999465942383,0.0,11.454000473022461,3.0
00-0032775,2025,15,WR,Demarcus Robinson,SF,xgb,3.5320000648498535,0.0,11.630000114440918,5.6
00-0033307,2025,15,WR,Kendrick Bourne,SF,xgb,6.8520002365112305,0.24500000476837158,14.949999809265137,3.7
00-0033555,2025,15,WR,Mack Hollins,NE,xgb,9.822999954223633,3.2160000801086426,17.922000885009766,8.100000000000001
00-0033591,2025,15,WR,Noah Brown,WAS,xgb,5.271999835968018,0.0,13.369999885559082,3.8000000000000003
00-0033857,2025,15,WR,JuJu Smith-Schuster,KC,xgb,4.824999809265137,0.0,12.923999786376953,0.0
00-0033908,2025,15,WR,Cooper Kupp,SEA,xgb,6.998000144958496,0.39100000262260437,15.095999717712402,9.600000000000001
00-0033921,2025,15,WR,Chris Godwin Jr.,TB,xgb,8.458999633789062,1.8519999980926514,16.55699920654297,14.0
00-0034272,2025,15,WR,Marquez Valdes-Scantling,PIT,xgb,2.5920000076293945,0.0,10.690999984741211,8.9
00-0034348,2025,15,WR,Courtland Sutton,DEN,xgb,13.189000129699707,6.581999778747559,21.28700065612793,24.3
00-0034521,2025,15,WR,Allen Lazard,NYJ,xgb,3.305000066757202,0.0,11.402999877929688,1.6
00-0034827,2025,15,WR,DJ Moore,CHI,xgb,5.931000232696533,0.0,14.029999732971191,22.9
00-0034854,2025,15,WR,KhaDarel Hodge,ATL,xgb,2.999000072479248,0.0,11.097999572753906,0.0
00-0034860,2025,15,WR,Dante Pettis,NO,xgb,1.225000023841858,0.0,9.322999954223633,0.0
00-0034960,2025,15,WR,Jakobi Meyers,JAX,xgb,13.071999549865723,6.465000152587891,21.170000076293945,12.100000000000001
00-0035208,2025,15,WR,Olamide Zaccheaus,CHI,xgb,6.269000053405762,0.0,14.366999626159668,0.0
00-0035359,2025,15,WR,David Sills,ATL,xgb,3.265000104904175,0.0,11.36400032043457,13.8
00-0035406,2025,15,WR,Lil'Jordan Humphrey,DEN,xgb,5.281000137329102,0.0,13.378999710083008,13.2
00-0035535,2025,15,WR,Darius Slayton,NYG,xgb,8.62600040435791,2.0190000534057617,16.725000381469727,9.3
00-0035544,2025,15,WR,Tom Kennedy,DET,xgb,3.558000087738037,0.0,11.656999588012695,0.0
00-0035640,2025,15,WR,DK Metcalf,PIT,xgb,11.532999992370605,4.926000118255615,19.631000518798828,14.5
00-0035659,2025,15,WR,Terry McLaurin,WAS,xgb,9.946999549865723,3.3399999141693115,18.045000076293945,15.9
00-0035676,2025,15,WR,A.J. Brown,PHI,xgb,17.20800018310547,10.60200023651123,25.30699920654297,12.100000000000001
00-0035719,2025,15,WR,Deebo Samuel Sr.,WAS,xgb,13.217000007629395,6.610000133514404,21.315000534057617,7.3
00-0035876,2025,15,WR,Andre Baccellia,ARI,xgb,3.9700000286102295,0.0,12.067999839782715,0.0
00-0036133,2025,15,WR,James Proche,TEN,xgb,3.134999990463257,0.0,11.232999801635742,0.0
00-0036165,2025,15,WR,Isaiah Hodgins,NYG,xgb,6.801000118255615,0.1940000057220459,14.89900016784668,1.4
00-0036182,2025,15,WR,Nick Westbrook-Ikhine,MIA,xgb,2.0429999828338623,0.0,10.142000198364258,0.0
00-0036252,2025,15,WR,Michael Pittman,IND,xgb,13.564000129699707,6.956999778747559,21.66200065612793,5.6
00-0036259,2025,15,WR,Jauan Jennings,SF,xgb,11.654000282287598,5.046999931335449,19.75200080871582,18.7
00-0036309,2025,15,WR,Darnell Mooney,ATL,xgb,8.008999824523926,1.4019999504089355,16.107999801635742,6.5
00-0036322,2025,15,WR,Justin Jefferson,MIN,xgb,10.467000007629395,3.8610000610351562,18.56599998474121,4.2
00-0036331,2025,15,WR,Devin Duvernay,CHI,xgb,4.315999984741211,0.0,12.413999557495117,0.0
00-0036358,2025,15,WR,CeeDee Lamb,DAL,xgb,9.545000076293945,2.937999963760376,17.64299964904785,17.1
00-0036407,2025,15,WR,Jerry Jeudy,CLE,xgb,11.262999534606934,4.656000137329102,19.361000061035156,4.2
00-0036415,2025,15,WR,Van Jefferson,TEN,xgb,5.579999923706055,0.0,13.678999900817871,5.3
00-0036554,2025,15,WR,Nico Collins,HOU,xgb,14.640999794006348,8.034000396728516,22.73900032043457,23.5
00-0036613,2025,15,WR,Jaylen Waddle,MIA,xgb,13.600000381469727,6.993000030517578,21.698999404907227,4.6
00-0036620,2025,15,WR,Dee Eskridge,MIA,xgb,1.4559999704360962,0.0,9.553999900817871,0.0
00-0036626,2025,15,WR,Dyami Brown,JAX,xgb,4.52400016784668,0.0,12.621999740600586,-1.6
00-0036630,2025,15,WR,Tylan Wallace,BAL,xgb,2.1710000038146973,0.0,10.269000053405762,0.0
00-0036849,2025,15,WR,Tutu Atwell,LA,xgb,4.446000099182129,0.0,12.543999671936035,1.9
00-0036862,2025,15,WR,Ben Skowronek,PIT,xgb,1.9279999732971191,0.0,10.026000022888184,0.0
00-0036900,2025,15,WR,Ja'Marr Chase,CIN,xgb,18.45599937438965,11.848999977111816,26.554000854492188,23.200000000000003
00-0036912,2025,15,WR,DeVonta Smith,PHI,xgb,12.142999649047852,5.535999774932861,20.242000579833984,7.0
00-0036959,2025,15,WR,Michael Bandy,DEN,xgb,0.9279999732971191,0.0,9.026000022888184,9.0
00-0036963,2025,15,WR,Amon-Ra St. Brown,DET,xgb,13.524999618530273,6.918000221252441,21.62299919128418,41.400000000000006
00-0036988,2025,15,WR,Josh Palmer,BUF,xgb,5.949999809265137,0.0,14.04800033569336,2.6
00-0037091,2025,15,WR,Bo Melton,GB,xgb,3.99399995803833,0.0,12.093000411987305,0.0
00-0037132,2025,15,WR,Britain Covey,PHI,xgb,0.9449999928474426,0.0,9.043999671936035,0.0
00-0037231,2025,15,WR,Kevin Austin Jr.,NO,xgb,2.809000015258789,0.0,10.907999992370605,6.300000000000001
00-0037239,2025,15,WR,Chris Olave,NO,xgb,15.48900032043457,8.881999969482422,23.58799934387207,20.5
00-0037240,2025,15,WR,Jameson Williams,DET,xgb,10.390999794006348,3.7839999198913574,18.48900032043457,26.4
00-0037247,2025,15,WR,George Pickens,DAL,xgb,14.145999908447266,7.539000034332275,22.2450008392334,6.300000000000001
00-0037261,2025,15,WR,Khalil Shakir,BUF,xgb,11.041000366210938,4.434000015258789,19.138999938964844,11.5
00-0037291,2025,15,WR,Jalen Nailor,MIN,xgb,7.284999847412109,0.6790000200271606,15.383999824523926,19.5
00-0037487,2025,15,WR,Deven Thompkins,ATL,xgb,2.6050000190734863,0.0,10.704000473022461,0.0
00-0037545,2025,15,WR,Rashid Shaheed,SEA,xgb,7.908999919891357,1.3020000457763672,16.007999420166016,12.100000000000001
00-0037614,2025,15,WR,John Metchie III,NYJ,xgb,7.626999855041504,1.0199999809265137,15.72599983215332,6.9
00-0037664,2025,15,WR,Alec Pierce,IND,xgb,11.0649995803833,4.458000183105469,19.163000106811523,2.6
00-0037742,2025,15,WR,Treylon Burks,WAS,xgb,3.5490000247955322,0.0,11.647000312805176,0.0
00-0037801,2025,15,WR,KaVontae Turpin,DAL,xgb,5.3379998207092285,0.0,13.437000274658203,3.2
00-0037816,2025,15,WR,Romeo Doubs,GB,xgb,6.908999919891357,0.3019999861717224,15.006999969482422,5.6
00-0037837,2025,15,WR,Calvin Austin III,PIT,xgb,6.7829999923706055,0.17599999904632568,14.881999969482422,0.0
00-0038090,2025,15,WR,Skyy Moore,SF,xgb,0.7639999985694885,0.0,8.862000465393066,0.0
00-0038104,2025,15,WR,Tyquan Thornton,KC,xgb,4.942999839782715,0.0,13.041000366210938,6.7
00-0038117,2025,15,WR,Wan'Dale Robinson,NYG,xgb,16.04800033569336,9.440999984741211,24.145999908447266,16.4
00-0038124,2025,15,WR,Christian Watson,GB,xgb,12.651000022888184,6.044000148773193,20.75,5.9
00-0038359,2025,15,WR,Xavier Smith,LA,xgb,3.3480000495910645,0.0,11.446999549865723,0.0
00-0038393,2025,15,WR,Dontayvion Wicks,GB,xgb,7.306000232696533,0.6990000009536743,15.404000282287598,1.6
00-0038519,2025,15,WR,Nikko Remigio,KC,xgb,0.7789999842643738,0.0,8.876999855041504,0.0
00-0038543,2025,15,WR,Jaxon Smith-Njigba,SEA,xgb,14.623000144958496,8.017000198364258,22.722000122070312,18.3
00-0038559,2025,15,WR,Michael Wilson,ARI,xgb,12.065999984741211,5.459000110626221,20.163999557495117,16.4
00-0038563,2025,15,WR,Tre Tucker,LV,xgb,8.479999542236328,1.8730000257492065,16.577999114990234,0.0
00-0038576,2025,15,WR,Charlie Jones,CIN,xgb,0.9599999785423279,0.0,9.059000015258789,0.0
00-0038606,2025,15,WR,Parker Washington,JAX,xgb,8.694000244140625,2.0869998931884766,16.79199981689453,8.3
00-0038608,2025,15,WR,Kayshon Boutte,NE,xgb,7.315999984741211,0.7089999914169312,15.413999557495117,4.0
00-0038618,2025,15,WR,Xavier Hutchinson,HOU,xgb,5.113999843597412,0.0,13.213000297546387,2.6
00-0038619,2025,15,WR,Andrei Iosivas,CIN,xgb,7.691999912261963,1.0850000381469727,15.791000366210938,0.0
00-0038621,2025,15,WR,DeMario Douglas,NE,xgb,7.857999801635742,1.2510000467300415,15.956000328063965,0.5
00-0038640,2025,15,WR,Jalen Brooks,ARI,xgb,3.430000066757202,0.0,11.529000282287598,2.9000000000000004
00-0038839,2025,15,WR,Mitchell Tinsley,CIN,xgb,3.763000011444092,0.0,11.861000061035156,2.6
00-0038840,2025,15,WR,Brycen Tremayne,CAR,xgb,1.7139999866485596,0.0,9.812000274658203,0.0
00-0038938,2025,15,WR,Jalin Hyatt,NYG,xgb,3.7160000801086426,0.0,11.8149995803833,0.0
00-0038953,2025,15,WR,Dylan Drummond,ATL,xgb,4.922999858856201,0.0,13.020999908447266,0.0
00-0038976,2025,15,WR,Marvin Mims Jr.,DEN,xgb,5.7170000076293945,0.0,13.8149995803833,7.7
00-0038994,2025,15,WR,Jordan Addison,MIN,xgb,9.451000213623047,2.8440001010894775,17.548999786376953,8.600000000000001
00-0038997,2025,15,WR,Josh Downs,IND,xgb,8.286999702453613,1.6799999475479126,16.385000228881836,10.3
00-0039062,2025,15,WR,Jonathan Mingo,DAL,xgb,2.921999931335449,0.0,11.020000457763672,3.5
00-0039064,2025,15,WR,Zay Flowers,BAL,xgb,16.381999969482422,9.774999618530273,24.479999542236328,15.8
00-0039067,2025,15,WR,Rashee Rice,KC,xgb,12.1899995803833,5.583000183105469,20.288000106811523,12.100000000000001
00-0039075,2025,15,WR,Puka Nacua,LA,xgb,12.812999725341797,6.205999851226807,20.91200065612793,27.900000000000002
00-0039146,2025,15,WR,Jayden Reed,GB,xgb,6.510000228881836,0.0,14.609000205993652,10.5
00-0039342,2025,15,WR,Xavier Legette,CAR,xgb,7.288000106811523,0.6809999942779541,15.38700008392334,5.9
00-0039410,2025,15,WR,Ryan Flournoy,DAL,xgb,7.014999866485596,0.40799999237060547,15.11400032043457,8.0
00-0039424,2025,15,WR,Devaughn Vele,NO,xgb,9.282999992370605,2.6760001182556152,17.381999969482422,11.9
00-0039451,2025,15,WR,Isaiah Williams,NYJ,xgb,3.799999952316284,0.0,11.89799976348877,11.3
00-0039491,2025,15,WR,Jalen Coker,CAR,xgb,7.573999881744385,0.9679999947547913,15.67300033569336,14.0
00-0039589,2025,15,WR,Kameron Johnson,TB,xgb,2.1689999103546143,0.0,10.267000198364258,0.0
00-0039623,2025,15,WR,Mason Tipton,NO,xgb,2.1730000972747803,0.0,10.272000312805176,1.1
00-0039751,2025,15,WR,Jordan Whittington,LA,xgb,3.236999988555908,0.0,11.335000038146973,0.0
00-0039855,2025,15,WR,Jalen McMillan,TB,xgb,11.211000442504883,4.604000091552734,19.30900001525879,5.800000000000001
00-0039868,2025,15,WR,Troy Franklin,DEN,xgb,10.848999977111816,4.242000102996826,18.94700050354004,20.8
00-0039880,2025,15,WR,Malik Washington,MIA,xgb,6.954999923706055,0.3490000069141388,15.053999900817871,2.0
00-0039890,2025,15,WR,Adonai Mitchell,NYJ,xgb,7.28000020980835,0.6729999780654907,15.378999710083008,17.4
00-0039893,2025,15,WR,Brian Thomas Jr.,JAX,xgb,11.463000297546387,4.855999946594238,19.562000274658203,17.1
00-0039894,2025,15,WR,Xavier Worthy,KC,xgb,8.67199993133545,2.065000057220459,16.770999908447266,5.5
00-0039915,2025,15,WR,Ladd McConkey,LAC,xgb,11.508999824523926,4.9019999504089355,19.60700035095215,4.0
00-0039916,2025,15,WR,Ricky Pearsall,SF,xgb,5.660999774932861,0.0,13.758999824523926,15.600000000000001
00-0039920,2025,15,WR,Malachi Corley,CLE,xgb,1.0959999561309814,0.0,9.194999694824219,2.0
00-0040024,2025,15,WR,Darius Cooper,PHI,xgb,2.986999988555908,0.0,11.086000442504883,4.9
00-0040075,2025,15,WR,LaJohntay Wester,BAL,xgb,0.8209999799728394,0.0,8.918999671936035,0.0
00-0040124,2025,15,WR,Tetairoa McMillan,CAR,xgb,14.868000030517578,8.26099967956543,22.966999053955078,4.5
00-0040129,2025,15,WR,Emeka Egbuka,TB,xgb,13.329999923706055,6.7230000495910645,21.42799949645996,10.4
00-0040130,2025,15,WR,Jayden Higgins,HOU,xgb,9.088000297546387,2.4809999465942383,17.18600082397461,1.4
00-0040131,2025,15,WR,Kyle Williams,NE,xgb,5.158999919891357,0.0,13.256999969482422,0.0
00-0040138,2025,15,WR,Jaylin Noel,HOU,xgb,4.836999893188477,0.0,12.935999870300293,0.0
00-0040164,2025,15,WR,Jaylin Lane,WAS,xgb,3.365000009536743,0.0,11.46399974822998,6.0
00-0040170,2025,15,WR,Elic Ayomanor,TEN,xgb,7.578000068664551,0.9710000157356262,15.675999641418457,2.7
00-0040184,2025,15,WR,KeAndre Lambert-Smith,LAC,xgb,2.2980000972747803,0.0,10.395999908447266,8.6
00-0040218,2025,15,WR,Jimmy Horn Jr.,CAR,xgb,3.2269999980926514,0.0,11.324999809265137,1.7000000000000002
00-0040237,2025,15,WR,Tez Johnson,TB,xgb,5.947000026702881,0.0,14.045000076293945,0.0
00-0040259,2025,15,WR,Gage Larvadain,CLE,xgb,2.49399995803833,0.0,10.592000007629395,1.8
00-0040431,2025,15,WR,Dalen Cambre,NYG,xgb,0.9449999928474426,0.0,9.043999671936035,0.0
00-0040506,2025,15,WR,Myles Price,MIN,xgb,0.7789999842643738,0.0,8.876999855041504,0.0
00-0040582,2025,15,WR,Arian Smith,NYJ,xgb,1.2549999952316284,0.0,9.354000091552734,0.0
00-0040590,2025,15,WR,Konata Mumpfield,LA,xgb,3.1050000190734863,0.0,11.204000473022461,0.0
00-0040667,2025,15,WR,Matthew Golden,GB,xgb,4.047999858856201,0.0,12.147000312805176,8.5
00-0040669,2025,15,WR,Isaac TeSlaa,DET,xgb,4.145999908447266,0.0,12.244000434875488,0.0
00-0040705,2025,15,WR,Chimere Dike,TEN,xgb,8.079000473022461,1.4730000495910645,16.17799949645996,5.0
00-0040727,2025,15,WR,Tre Harris,LAC,xgb,4.86899995803833,0.0,12.967000007629395,7.9
00-0040729,2025,15,WR,Jack Bech,LV,xgb,4.190000057220459,0.0,12.288999557495117,3.7
00-0040735,2025,15,WR,Luther Burden III,CHI,xgb,7.817999839782715,1.2109999656677246,15.916000366210938,14.4
00-0040782,2025,15,WR,Isaiah Bond,CLE,xgb,4.4629998207092285,0.0,12.560999870300293,10.9
00-0030035,2025,16,WR,Adam Thielen,PIT,xgb,2.811000108718872,0.0,10.90999984741211,8.9
00-0030279,2025,16,WR,Keenan Allen,LAC,xgb,12.211000442504883,5.604000091552734,20.30900001525879,9.4
00-0030564,2025,16,WR,DeAndre Hopkins,BAL,xgb,4.394000053405762,0.0,12.491999626159668,8.100000000000001
00-0031236,2025,16,WR,Brandin Cooks,BUF,xgb,5.6479997634887695,0.0,13.746000289916992,0.0
00-0031408,2025,16,WR,Mike Evans,TB,xgb,9.163000106811523,2.555999994277954,17.26099967956543,14.1
00-0031588,2025,16,WR,Stefon Diggs,NE,xgb,12.022000312805176,5.414999961853027,20.1200008392334,22.8
00-0032211,2025,16,WR,Tyler Lockett,LV,xgb,7.999000072479248,1.3930000066757202,16.097999572753906,1.6
00-0032398,2025,16,WR,Chris Moore,WAS,xgb,5.366000175476074,0.0,13.46500015258789,0.0
00-0032464,2025,16,WR,Kalif Raymond,DET,xgb,3.871999979019165,0.0,11.970000267028809,16.2
00-0032775,2025,16,WR,Demarcus Robinson,SF,xgb,4.416999816894531,0.0,12.515000343322754,10.3
00-0033307,2025,16,WR,Kendrick Bourne,SF,xgb,7.238999843597412,0.6320000290870667,15.338000297546387,5.7
00-0033375,2025,16,WR,Tim Patrick,JAX,xgb,6.144000053405762,0.0,14.241999626159668,2.1
00-0033555,2025,16,WR,Mack Hollins,NE,xgb,8.281999588012695,1.6749999523162842,16.3799991607666,13.9
00-0033857,2025,16,WR,JuJu Smith-Schuster,KC,xgb,4.079999923706055,0.0,12.178000450134277,2.2
00-0033908,2025,16,WR,Cooper Kupp,SEA,xgb,7.328000068664551,0.7210000157356262,15.427000045776367,6.9
00-0033921,2025,16,WR,Chris Godwin Jr.,TB,xgb,8.593999862670898,1.9869999885559082,16.69300079345703,8.0
00-0034272,2025,16,WR,Marquez Valdes-Scantling,PIT,xgb,3.566999912261963,0.0,11.664999961853027,1.6
00-0034348,2025,16,WR,Courtland Sutton,DEN,xgb,14.095999717712402,7.488999843597412,22.194000244140625,20.6
00-0034418,2025,16,WR,Cedrick Wilson Jr.,MIA,xgb,3.0190000534057617,0.0,11.116999626159668,2.1
00-0034775,2025,16,WR,Christian Kirk,HOU,xgb,6.686999797821045,0.07999999821186066,14.78499984741211,6.7
00-0034827,2025,16,WR,DJ Moore,CHI,xgb,8.543000221252441,1.9359999895095825,16.641000747680664,21.9
00-0034860,2025,16,WR,Dante Pettis,NO,xgb,0.8579999804496765,0.0,8.956999778747559,0.0
00-0034928,2025,16,WR,Steven Sims,ARI,xgb,0.9449999928474426,0.0,9.043999671936035,0.0
00-0034960,2025,16,WR,Jakobi Meyers,JAX,xgb,14.4399995803833,7.833000183105469,22.538000106811523,8.600000000000001
00-0035140,2025,16,WR,Mecole Hardman,BUF,xgb,2.684999942779541,0.0,10.784000396728516,0.0
00-0035208,2025,16,WR,Olamide Zaccheaus,CHI,xgb,5.6539998054504395,0.0,13.751999855041504,5.300000000000001
00-0035298,2025,16,WR,Scott Miller,PIT,xgb,2.503000020980835,0.0,10.60099983215332,4.9
00-0035359,2025,16,WR,David Sills,ATL,xgb,6.4629998207092285,0.0,14.562000274658203,0.0
00-0035406,2025,16,WR,Lil'Jordan Humphrey,DEN,xgb,7.256999969482422,0.6499999761581421,15.354999542236328,1.9
00-0035535,2025,16,WR,Darius Slayton,NYG,xgb,9.906000137329102,3.2990000247955322,18.003999710083008,1.8
00-0035544,2025,16,WR,Tom Kennedy,DET,xgb,2.0,0.0,10.098999977111816,0.0
00-0035602,2025,16,WR,Alex Bachman,LV,xgb,0.8700000047683716,0.0,8.968000411987305,1.3
00-0035640,2025,16,WR,DK Metcalf,PIT,xgb,11.02299976348877,4.415999889373779,19.121000289916992,8.2
00-0035645,2025,16,WR,Gunner Olszewski,NYG,xgb,1.0420000553131104,0.0,9.140000343322754,0.0
00-0035659,2025,16,WR,Terry McLaurin,WAS,xgb,9.572999954223633,2.9660000801086426,17.672000885009766,8.3
00-0035662,2025,16,WR,Marquise Brown,KC,xgb,8.416000366210938,1.809000015258789,16.513999938964844,5.2
00-0035676,2025,16,WR,A.J. Brown,PHI,xgb,12.95300006866455,6.3470001220703125,21.052000045776367,18.5
00-0035719,2025,16,WR,Deebo Samuel Sr.,WAS,xgb,13.826000213623047,7.218999862670898,21.924999237060547,6.5
00-0035891,2025,16,WR,Cody White,SEA,xgb,2.4519999027252197,0.0,10.550999641418457,0.0
00-0036252,2025,16,WR,Michael Pittman,IND,xgb,13.378000259399414,6.770999908447266,21.47599983215332,7.2
00-0036259,2025,16,WR,Jauan Jennings,SF,xgb,13.057000160217285,6.449999809265137,21.155000686645508,18.1
00-0036309,2025,16,WR,Darnell Mooney,ATL,xgb,7.2870001792907715,0.6800000071525574,15.38599967956543,4.4
00-0036322,2025,16,WR,Justin Jefferson,MIN,xgb,13.022000312805176,6.414999961853027,21.121000289916992,14.5
00-0036331,2025,16,WR,Devin Duvernay,CHI,xgb,0.8119999766349792,0.0,8.91100025177002,0.0
00-0036358,2025,16,WR,CeeDee Lamb,DAL,xgb,13.538000106811523,6.931000232696533,21.63599967956543,11.100000000000001
00-0036407,2025,16,WR,Jerry Jeudy,CLE,xgb,8.701000213623047,2.0940001010894775,16.798999786376953,4.2
00-0036410,2025,16,WR,Tee Higgins,CIN,xgb,15.534000396728516,8.928000450134277,23.632999420166016,14.3
00-0036415,2025,16,WR,Van Jefferson,TEN,xgb,6.334000110626221,0.0,14.432000160217285,4.4
00-0036427,2025,16,WR,Tyler Johnson,NYJ,xgb,4.968999862670898,0.0,13.067000389099121,1.7000000000000002
00-0036550,2025,16,WR,Rashod Bateman,BAL,xgb,5.421000003814697,0.0,13.520000457763672,0.0
00-0036554,2025,16,WR,Nico Collins,HOU,xgb,10.612000465393066,4.005000114440918,18.709999084472656,9.9
00-0036613,2025,16,WR,Jaylen Waddle,MIA,xgb,13.149999618530273,6.543000221252441,21.24799919128418,12.2
00-0036620,2025,16,WR,Dee Eskridge,MIA,xgb,1.3899999856948853,0.0,9.48799991607666,0.0
00-0036862,2025,16,WR,Ben Skowronek,PIT,xgb,0.7419999837875366,0.0,8.84000015258789,0.0
00-0036900,2025,16,WR,Ja'Marr Chase,CIN,xgb,22.54199981689453,15.9350004196167,30.639999389648438,19.9
00-0036912,2025,16,WR,DeVonta Smith,PHI,xgb,13.223999977111816,6.617000102996826,21.32200050354004,16.2
00-0036963,2025,16,WR,Amon-Ra St. Brown,DET,xgb,19.636999130249023,13.029999732971191,27.736000061035156,9.4
00-0036988,2025,16,WR,Josh Palmer,BUF,xgb,5.745999813079834,0.0,13.845000267028809,1.2
00-0037091,2025,16,WR,Bo Melton,GB,xgb,2.628999948501587,0.0,10.72700023651123,0.0
00-0037093,2025,16,WR,Dareke Young,SEA,xgb,0.7599999904632568,0.0,8.859000205993652,0.0
00-0037132,2025,16,WR,Britain Covey,PHI,xgb,0.9620000123977661,0.0,9.060999870300293,0.0
00-0037231,2025,16,WR,Kevin Austin Jr.,NO,xgb,4.552999973297119,0.0,12.652000427246094,3.8
00-0037238,2025,16,WR,Drake London,ATL,xgb,19.148000717163086,12.541999816894531,27.246999740600586,5.7
00-0037239,2025,16,WR,Chris Olave,NO,xgb,12.33899974822998,5.732999801635742,20.437999725341797,36.8
00-0037240,2025,16,WR,Jameson Williams,DET,xgb,13.439000129699707,6.831999778747559,21.53700065612793,12.0
00-0037247,2025,16,WR,George Pickens,DAL,xgb,13.366999626159668,6.760000228881836,21.46500015258789,26.0
00-0037261,2025,16,WR,Khalil Shakir,BUF,xgb,10.25,3.6429998874664307,18.347999572753906,7.4
00-0037291,2025,16,WR,Jalen Nailor,MIN,xgb,5.089000225067139,0.0,13.187000274658203,0.0
00-0037487,2025,16,WR,Deven Thompkins,ATL,xgb,1.3760000467300415,0.0,9.475000381469727,0.0
00-0037545,2025,16,WR,Rashid Shaheed,SEA,xgb,9.368000030517578,2.76200008392334,17.466999053955078,9.1
00-0037614,2025,16,WR,John Metchie III,NYJ,xgb,8.37600040435791,1.7690000534057617,16.474000930786133,1.4
00-0037664,2025,16,WR,Alec Pierce,IND,xgb,10.4399995803833,3.8329999446868896,18.538000106811523,24.6
00-0037741,2025,16,WR,Jahan Dotson,PHI,xgb,3.2049999237060547,0.0,11.303000450134277,4.3
00-0037742,2025,16,WR,Treylon Burks,WAS,xgb,3.2890000343322754,0.0,11.38700008392334,5.0
00-0037801,2025,16,WR,KaVontae Turpin,DAL,xgb,5.835000038146973,0.0,13.932999610900879,4.7
00-0037816,2025,16,WR,Romeo Doubs,GB,xgb,6.697999954223633,0.09099999815225601,14.795999526977539,19.4
00-0037837,2025,16,WR,Calvin Austin III,PIT,xgb,5.1519999504089355,0.0,13.25100040435791,1.8
00-0038090,2025,16,WR,Skyy Moore,SF,xgb,0.7639999985694885,0.0,8.862000465393066,3.3000000000000003
00-0038117,2025,16,WR,Wan'Dale Robinson,NYG,xgb,16.554000854492188,9.946999549865723,24.652000427246094,5.2
00-0038124,2025,16,WR,Christian Watson,GB,xgb,13.37399959564209,6.767000198364258,21.472000122070312,3.7
00-0038359,2025,16,WR,Xavier Smith,LA,xgb,2.2130000591278076,0.0,10.310999870300293,7.7
00-0038393,2025,16,WR,Dontayvion Wicks,GB,xgb,8.085000038146973,1.4780000448226929,16.183000564575195,3.2
00-0038519,2025,16,WR,Nikko Remigio,KC,xgb,0.7789999842643738,0.0,8.876999855041504,0.0
00-0038543,2025,16,WR,Jaxon Smith-Njigba,SEA,xgb,17.02199935913086,10.414999961853027,25.1200008392334,23.6
00-0038544,2025,16,WR,Quentin Johnston,LAC,xgb,9.623000144958496,3.0160000324249268,17.72100067138672,20.4
00-0038559,2025,16,WR,Michael Wilson,ARI,xgb,12.86400032043457,6.256999969482422,20.96299934387207,13.2
00-0038563,2025,16,WR,Tre Tucker,LV,xgb,9.317000389099121,2.7100000381469727,17.415000915527344,9.4
00-0038606,2025,16,WR,Parker Washington,JAX,xgb,8.881999969482422,2.2750000953674316,16.981000900268555,26.5
00-0038608,2025,16,WR,Kayshon Boutte,NE,xgb,6.49399995803833,0.0,14.592000007629395,2.6
00-0038618,2025,16,WR,Xavier Hutchinson,HOU,xgb,6.951000213623047,0.3440000116825104,15.050000190734863,1.4
00-0038619,2025,16,WR,Andrei Iosivas,CIN,xgb,5.4120001792907715,0.0,13.510000228881836,3.1
00-0038621,2025,16,WR,DeMario Douglas,NE,xgb,6.5929999351501465,0.0,14.692000389099121,1.6
00-0038640,2025,16,WR,Jalen Brooks,ARI,xgb,4.3420000076293945,0.0,12.4399995803833,0.0
00-0038679,2025,16,WR,Tyrell Shavers,BUF,xgb,5.732999801635742,0.0,13.831000328063965,3.1
00-0038839,2025,16,WR,Mitchell Tinsley,CIN,xgb,4.0970001220703125,0.0,12.196000099182129,0.0
00-0038840,2025,16,WR,Brycen Tremayne,CAR,xgb,1.11899995803833,0.0,9.218000411987305,0.0
00-0038976,2025,16,WR,Marvin Mims Jr.,DEN,xgb,5.290999889373779,0.0,13.390000343322754,5.9
00-0038979,2025,16,WR,Cedric Tillman,CLE,xgb,4.758999824523926,0.0,12.857000350952148,1.8
00-0038994,2025,16,WR,Jordan Addison,MIN,xgb,8.333999633789062,1.7269999980926514,16.43199920654297,4.6
00-0038997,2025,16,WR,Josh Downs,IND,xgb,7.485000133514404,0.878000020980835,15.583000183105469,11.8
00-0039062,2025,16,WR,Jonathan Mingo,DAL,xgb,3.055000066757202,0.0,11.152999877929688,0.0
00-0039064,2025,16,WR,Zay Flowers,BAL,xgb,15.878999710083008,9.272000312805176,23.97800064086914,21.200000000000003
00-0039075,2025,16,WR,Puka Nacua,LA,xgb,14.616000175476074,8.008999824523926,22.71500015258789,46.5
00-0039146,2025,16,WR,Jayden Reed,GB,xgb,8.895000457763672,2.2880001068115234,16.993000030517578,7.1000000000000005
00-0039342,2025,16,WR,Xavier Legette,CAR,xgb,7.197999954223633,0.5910000205039978,15.295999526977539,2.2
00-0039410,2025,16,WR,Ryan Flournoy,DAL,xgb,8.015999794006348,1.409000039100647,16.114999771118164,9.8
00-0039451,2025,16,WR,Isaiah Williams,NYJ,xgb,5.085999965667725,0.0,13.1850004196167,6.5
00-0039491,2025,16,WR,Jalen Coker,CAR,xgb,8.218999862670898,1.6119999885559082,16.316999435424805,7.7
00-0039521,2025,16,WR,Xavier Weaver,ARI,xgb,3.1700000762939453,0.0,11.269000053405762,3.9000000000000004
00-0039589,2025,16,WR,Kameron Johnson,TB,xgb,0.7639999985694885,0.0,8.862000465393066,0.0
00-0039623,2025,16,WR,Mason Tipton,NO,xgb,2.9030001163482666,0.0,11.00100040435791,8.100000000000001
00-0039751,2025,16,WR,Jordan Whittington,LA,xgb,2.819999933242798,0.0,10.918999671936035,2.9000000000000004
00-0039792,2025,16,WR,Devontez Walker,BAL,xgb,2.9240000247955322,0.0,11.022000312805176,0.0
00-0039849,2025,16,WR,Marvin Harrison Jr.,ARI,xgb,13.069000244140625,6.461999893188477,21.16699981689453,2.4000000000000004
00-0039855,2025,16,WR,Jalen McMillan,TB,xgb,9.145000457763672,2.5380001068115234,17.243999481201172,3.6
00-0039868,2025,16,WR,Troy Franklin,DEN,xgb,13.494000434875488,6.888000011444092,21.593000411987305,10.600000000000001
00-0039880,2025,16,WR,Malik Washington,MIA,xgb,7.002999782562256,0.3959999978542328,15.10200023651123,10.2
00-0039890,2025,16,WR,Adonai Mitchell,NYJ,xgb,11.177000045776367,4.570000171661377,19.274999618530273,7.3
00-0039893,2025,16,WR,Brian Thomas Jr.,JAX,xgb,10.090999603271484,3.484999895095825,18.190000534057617,3.8
00-0039894,2025,16,WR,Xavier Worthy,KC,xgb,8.406999588012695,1.7999999523162842,16.5049991607666,6.1000000000000005
00-0039915,2025,16,WR,Ladd McConkey,LAC,xgb,11.22700023651123,4.620999813079834,19.326000213623047,14.3
00-0039920,2025,16,WR,Malachi Corley,CLE,xgb,1.843999981880188,0.0,9.942000389099121,6.1000000000000005
00-0040009,2025,16,WR,Savion Williams,GB,xgb,1.965999960899353,0.0,10.064000129699707,0.9
00-0040075,2025,16,WR,LaJohntay Wester,BAL,xgb,0.7860000133514404,0.0,8.885000228881836,0.0
00-0040124,2025,16,WR,Tetairoa McMillan,CAR,xgb,13.574000358581543,6.9679999351501465,21.67300033569336,19.3
00-0040129,2025,16,WR,Emeka Egbuka,TB,xgb,13.574000358581543,6.9670000076293945,21.672000885009766,5.0
00-0040130,2025,16,WR,Jayden Higgins,HOU,xgb,5.968999862670898,0.0,14.067000389099121,2.7
00-0040131,2025,16,WR,Kyle Williams,NE,xgb,1.8350000381469727,0.0,9.934000015258789,12.600000000000001
00-0040134,2025,16,WR,Pat Bryant,DEN,xgb,7.535999774932861,0.9290000200271606,15.635000228881836,9.2
00-0040138,2025,16,WR,Jaylin Noel,HOU,xgb,2.809999942779541,0.0,10.909000396728516,0.0
00-0040154,2025,16,WR,Tai Felton,MIN,xgb,1.4630000591278076,0.0,9.560999870300293,1.6
00-0040164,2025,16,WR,Jaylin Lane,WAS,xgb,3.931999921798706,0.0,12.029999732971191,0.0
00-0040170,2025,16,WR,Elic Ayomanor,TEN,xgb,8.00100040435791,1.3940000534057617,16.099000930786133,8.8
00-0040184,2025,16,WR,KeAndre Lambert-Smith,LAC,xgb,3.815000057220459,0.0,11.913999557495117,2.0
00-0040218,2025,16,WR,Jimmy Horn Jr.,CAR,xgb,2.933000087738037,0.0,11.031000137329102,2.5
00-0040237,2025,16,WR,Tez Johnson,TB,xgb,4.9019999504089355,0.0,13.0,0.9
00-0040259,2025,16,WR,Gage Larvadain,CLE,xgb,2.177999973297119,0.0,10.277000427246094,0.0
00-0040277,2025,16,WR,Jahdae Walker,CHI,xgb,0.9620000123977661,0.0,9.060999870300293,10.1
00-0040352,2025,16,WR,Coleman Owen,IND,xgb,0.9449999928474426,0.0,9.043999671936035,0.0
00-0040506,2025,16,WR,Myles Price,MIN,xgb,0.7789999842643738,0.0,8.876999855041504,0.0
00-0040534,2025,16,WR,Ke'Shawn Williams,CIN,xgb,0.8700000047683716,0.0,8.968000411987305,0.1
00-0040582,2025,16,WR,Arian Smith,NYJ,xgb,3.9000000953674316,0.0,11.998000144958496,0.0
00-0040590,2025,16,WR,Konata Mumpfield,LA,xgb,2.8970000743865967,0.0,10.994999885559082,7.0
00-0040667,2025,16,WR,Matthew Golden,GB,xgb,6.664000034332275,0.05700000002980232,14.76200008392334,0.4
00-0040669,2025,16,WR,Isaac TeSlaa,DET,xgb,3.6080000400543213,0.0,11.706000328063965,15.2
00-0040705,2025,16,WR,Chimere Dike,TEN,xgb,8.960000038146973,2.3540000915527344,17.05900001525879,13.0
00-0040727,2025,16,WR,Tre Harris,LAC,xgb,4.658999919891357,0.0,12.756999969482422,9.4
00-0040729,2025,16,WR,Jack Bech,LV,xgb,4.827000141143799,0.0,12.925000190734863,6.3
00-0040782,2025,16,WR,Isaiah Bond,CLE,xgb,4.4629998207092285,0.0,12.560999870300293,2.0
00-0030035,2025,17,WR,Adam Thielen,PIT,xgb,3.8259999752044678,0.0,11.923999786376953,3.4000000000000004
00-0030279,2025,17,WR,Keenan Allen,LAC,xgb,10.657999992370605,4.051000118255615,18.756000518798828,2.7
00-0030564,2025,17,WR,DeAndre Hopkins,BAL,xgb,4.439000129699707,0.0,12.536999702453613,0.0
00-0031236,2025,17,WR,Brandin Cooks,BUF,xgb,4.75600004196167,0.0,12.854000091552734,14.100000000000001
00-0031408,2025,17,WR,Mike Evans,TB,xgb,12.032999992370605,5.426000118255615,20.131999969482422,12.1
00-0031588,2025,17,WR,Stefon Diggs,NE,xgb,14.272000312805176,7.664999961853027,22.371000289916992,22.1
00-0032211,2025,17,WR,Tyler Lockett,LV,xgb,5.658999919891357,0.0,13.756999969482422,8.9
00-0032398,2025,17,WR,Chris Moore,WAS,xgb,2.684000015258789,0.0,10.781999588012695,2.5
00-0032464,2025,17,WR,Kalif Raymond,DET,xgb,7.336999893188477,0.7300000190734863,15.4350004196167,1.5
00-0032775,2025,17,WR,Demarcus Robinson,SF,xgb,4.718999862670898,0.0,12.817999839782715,5.0
00-0032951,2025,17,WR,Laquon Treadwell,IND,xgb,0.8579999804496765,0.0,8.956999778747559,0.0
00-0033307,2025,17,WR,Kendrick Bourne,SF,xgb,6.8480000495910645,0.2409999966621399,14.946000099182129,3.5
00-0033375,2025,17,WR,Tim Patrick,JAX,xgb,4.179999828338623,0.0,12.277999877929688,0.0
00-0033857,2025,17,WR,JuJu Smith-Schuster,KC,xgb,5.49399995803833,0.0,13.592000007629395,4.6
00-0033908,2025,17,WR,Cooper Kupp,SEA,xgb,7.756999969482422,1.149999976158142,15.854999542236328,1.6
00-0033921,2025,17,WR,Chris Godwin Jr.,TB,xgb,6.804999828338623,0.1979999989271164,14.902999877929688,23.8
00-0034054,2025,17,WR,River Cracraft,WAS,xgb,2.1659998893737793,0.0,10.265000343322754,0.0
00-0034272,2025,17,WR,Marquez Valdes-Scantling,PIT,xgb,5.433000087738037,0.0,13.531999588012695,5.1
00-0034348,2025,17,WR,Courtland Sutton,DEN,xgb,15.723999977111816,9.118000030517578,23.822999954223633,8.0
00-0034418,2025,17,WR,Cedrick Wilson Jr.,MIA,xgb,2.7230000495910645,0.0,10.821000099182129,1.8
00-0034775,2025,17,WR,Christian Kirk,HOU,xgb,6.125999927520752,0.0,14.223999977111816,2.1
00-0034827,2025,17,WR,DJ Moore,CHI,xgb,11.810999870300293,5.203999996185303,19.90999984741211,1.7000000000000002
00-0034860,2025,17,WR,Dante Pettis,NO,xgb,3.0179998874664307,0.0,11.116000175476074,6.300000000000001
00-0034928,2025,17,WR,Steven Sims,ARI,xgb,2.8410000801086426,0.0,10.939000129699707,0.0
00-0034960,2025,17,WR,Jakobi Meyers,JAX,xgb,12.536999702453613,5.929999828338623,20.635000228881836,7.9
00-0035021,2025,17,WR,Ashton Dulin,IND,xgb,3.1010000705718994,0.0,11.199000358581543,0.0
00-0035298,2025,17,WR,Scott Miller,PIT,xgb,3.2909998893737793,0.0,11.388999938964844,5.5
00-0035359,2025,17,WR,David Sills,ATL,xgb,4.867000102996826,0.0,12.96500015258789,6.7
00-0035406,2025,17,WR,Lil'Jordan Humphrey,DEN,xgb,5.0879998207092285,0.0,13.185999870300293,4.300000000000001
00-0035535,2025,17,WR,Darius Slayton,NYG,xgb,6.263000011444092,0.0,14.362000465393066,5.6
00-0035544,2025,17,WR,Tom Kennedy,DET,xgb,2.888000011444092,0.0,10.986000061035156,0.0
00-0035602,2025,17,WR,Alex Bachman,LV,xgb,1.906000018119812,0.0,10.005000114440918,0.0
00-0035645,2025,17,WR,Gunner Olszewski,NYG,xgb,0.7639999985694885,0.0,8.862000465393066,2.9000000000000004
00-0035659,2025,17,WR,Terry McLaurin,WAS,xgb,9.125,2.5179998874664307,17.224000930786133,11.3
00-0035662,2025,17,WR,Marquise Brown,KC,xgb,8.234000205993652,1.6269999742507935,16.332000732421875,1.7000000000000002
00-0035676,2025,17,WR,A.J. Brown,PHI,xgb,14.42199993133545,7.815000057220459,22.520000457763672,11.8
00-0035719,2025,17,WR,Deebo Samuel Sr.,WAS,xgb,14.586000442504883,7.979000091552734,22.684999465942383,11.3
00-0036133,2025,17,WR,James Proche,TEN,xgb,3.0880000591278076,0.0,11.185999870300293,1.5
00-0036165,2025,17,WR,Isaiah Hodgins,NYG,xgb,5.008999824523926,0.0,13.107000350952148,1.8
00-0036176,2025,17,WR,Mason Kinsey,TEN,xgb,1.274999976158142,0.0,9.373000144958496,4.4
00-0036196,2025,17,WR,Gabe Davis,BUF,xgb,4.921999931335449,0.0,13.020000457763672,0.0
00-0036252,2025,17,WR,Michael Pittman,IND,xgb,17.510000228881836,10.902999877929688,25.607999801635742,3.6
00-0036259,2025,17,WR,Jauan Jennings,SF,xgb,13.27299976348877,6.665999889373779,21.371000289916992,12.2
00-0036309,2025,17,WR,Darnell Mooney,ATL,xgb,6.867000102996826,0.25999999046325684,14.96500015258789,5.5
00-0036322,2025,17,WR,Justin Jefferson,MIN,xgb,13.152999877929688,6.546000003814697,21.250999450683594,7.0
00-0036331,2025,17,WR,Devin Duvernay,CHI,xgb,0.8119999766349792,0.0,8.91100025177002,0.0
00-0036358,2025,17,WR,CeeDee Lamb,DAL,xgb,13.593000411987305,6.986000061035156,21.69099998474121,9.600000000000001
00-0036407,2025,17,WR,Jerry Jeudy,CLE,xgb,7.702000141143799,1.0950000286102295,15.800999641418457,10.4
00-0036410,2025,17,WR,Tee Higgins,CIN,xgb,16.98200035095215,10.375,25.08099937438965,9.9
00-0036415,2025,17,WR,Van Jefferson,TEN,xgb,5.210999965667725,0.0,13.3100004196167,7.6000000000000005
00-0036427,2025,17,WR,Tyler Johnson,NYJ,xgb,3.9579999446868896,0.0,12.055999755859375,1.3
00-0036463,2025,17,WR,Chris Blair,ATL,xgb,2.48799991607666,0.0,10.586000442504883,0.0
00-0036550,2025,17,WR,Rashod Bateman,BAL,xgb,4.531000137329102,0.0,12.628999710083008,1.7000000000000002
00-0036554,2025,17,WR,Nico Collins,HOU,xgb,15.930999755859375,9.324000358581543,24.02899932861328,8.7
00-0036613,2025,17,WR,Jaylen Waddle,MIA,xgb,16.260000228881836,9.652999877929688,24.357999801635742,0.7000000000000001
00-0036849,2025,17,WR,Tutu Atwell,LA,xgb,3.937000036239624,0.0,12.03499984741211,0.0
00-0036900,2025,17,WR,Ja'Marr Chase,CIN,xgb,25.834999084472656,19.22800064086914,33.93299865722656,25.0
00-0036912,2025,17,WR,DeVonta Smith,PHI,xgb,15.123000144958496,8.515999794006348,23.22100067138672,4.5
00-0036959,2025,17,WR,Michael Bandy,DEN,xgb,3.9230000972747803,0.0,12.022000312805176,3.4000000000000004
00-0036963,2025,17,WR,Amon-Ra St. Brown,DET,xgb,14.777999877929688,8.170999526977539,22.875999450683594,14.8
00-0036988,2025,17,WR,Josh Palmer,BUF,xgb,4.672999858856201,0.0,12.770999908447266,2.2
00-0037091,2025,17,WR,Bo Melton,GB,xgb,1.0829999446868896,0.0,9.180999755859375,4.4
00-0037093,2025,17,WR,Dareke Young,SEA,xgb,0.8550000190734863,0.0,8.95300006866455,0.0
00-0037132,2025,17,WR,Britain Covey,PHI,xgb,0.8579999804496765,0.0,8.956999778747559,0.0
00-0037231,2025,17,WR,Kevin Austin Jr.,NO,xgb,5.2230000495910645,0.0,13.321000099182129,15.2
00-0037238,2025,17,WR,Drake London,ATL,xgb,14.406999588012695,7.800000190734863,22.5049991607666,1.4
00-0037239,2025,17,WR,Chris Olave,NO,xgb,12.444999694824219,5.8379998207092285,20.542999267578125,25.9
00-0037240,2025,17,WR,Jameson Williams,DET,xgb,11.35200023651123,4.744999885559082,19.451000213623047,5.7
00-0037247,2025,17,WR,George Pickens,DAL,xgb,13.73900032043457,7.131999969482422,21.836999893188477,11.8
00-0037261,2025,17,WR,Khalil Shakir,BUF,xgb,9.883999824523926,3.2769999504089355,17.982999801635742,9.5
00-0037291,2025,17,WR,Jalen Nailor,MIN,xgb,4.748000144958496,0.0,12.847000122070312,0.0
00-0037487,2025,17,WR,Deven Thompkins,ATL,xgb,1.0190000534057617,0.0,9.116999626159668,0.0
00-0037545,2025,17,WR,Rashid Shaheed,SEA,xgb,8.270999908447266,1.6640000343322754,16.368999481201172,1.8
00-0037614,2025,17,WR,John Metchie III,NYJ,xgb,5.9710001945495605,0.0,14.069999694824219,7.1000000000000005
00-0037664,2025,17,WR,Alec Pierce,IND,xgb,6.260000228881836,0.0,14.357999801635742,0.0
00-0037666,2025,17,WR,Jalen Tolbert,DAL,xgb,2.7049999237060547,0.0,10.803999900817871,7.1
00-0037741,2025,17,WR,Jahan Dotson,PHI,xgb,4.328000068664551,0.0,12.425999641418457,0.0
00-0037742,2025,17,WR,Treylon Burks,WAS,xgb,4.867000102996826,0.0,12.96500015258789,2.1
00-0037801,2025,17,WR,KaVontae Turpin,DAL,xgb,5.223999977111816,0.0,13.321999549865723,15.6
00-0037816,2025,17,WR,Romeo Doubs,GB,xgb,8.083000183105469,1.4769999980926514,16.18199920654297,9.2
00-0038090,2025,17,WR,Skyy Moore,SF,xgb,5.019999980926514,0.0,13.118000030517578,1.0
00-0038117,2025,17,WR,Wan'Dale Robinson,NYG,xgb,15.744999885559082,9.137999534606934,23.8439998626709,22.3
00-0038124,2025,17,WR,Christian Watson,GB,xgb,11.958999633789062,5.3520002365112305,20.05699920654297,22.3
00-0038359,2025,17,WR,Xavier Smith,LA,xgb,4.251999855041504,0.0,12.35099983215332,10.7
00-0038393,2025,17,WR,Dontayvion Wicks,GB,xgb,7.118000030517578,0.5109999775886536,15.215999603271484,1.7000000000000002
00-0038543,2025,17,WR,Jaxon Smith-Njigba,SEA,xgb,15.911999702453613,9.305000305175781,24.010000228881836,16.2
00-0038544,2025,17,WR,Quentin Johnston,LAC,xgb,10.281000137329102,3.6740000247955322,18.3799991607666,14.8
00-0038559,2025,17,WR,Michael Wilson,ARI,xgb,14.196000099182129,7.589000225067139,22.29400062561035,19.9
00-0038563,2025,17,WR,Tre Tucker,LV,xgb,8.67199993133545,2.065000057220459,16.770000457763672,9.9
00-0038606,2025,17,WR,Parker Washington,JAX,xgb,10.197999954223633,3.5920000076293945,18.297000885009766,19.0
00-0038618,2025,17,WR,Xavier Hutchinson,HOU,xgb,5.186999797821045,0.0,13.28499984741211,4.9
00-0038619,2025,17,WR,Andrei Iosivas,CIN,xgb,6.335000038146973,0.0,14.434000015258789,8.100000000000001
00-0038621,2025,17,WR,DeMario Douglas,NE,xgb,6.140999794006348,0.0,14.239999771118164,2.0
00-0038647,2025,17,WR,Ronnie Bell,NO,xgb,3.2179999351501465,0.0,11.317000389099121,0.0
00-0038679,2025,17,WR,Tyrell Shavers,BUF,xgb,4.605999946594238,0.0,12.704999923706055,5.6
00-0038752,2025,17,WR,Jake Bobo,SEA,xgb,1.1710000038146973,0.0,9.269000053405762,0.0
00-0038840,2025,17,WR,Brycen Tremayne,CAR,xgb,1.149999976158142,0.0,9.24899959564209,0.0
00-0038891,2025,17,WR,Shedrick Jackson,LV,xgb,5.942999839782715,0.0,14.041000366210938,4.0
00-0038953,2025,17,WR,Dylan Drummond,ATL,xgb,3.3380000591278076,0.0,11.435999870300293,0.0
00-0038976,2025,17,WR,Marvin Mims Jr.,DEN,xgb,7.211999893188477,0.6050000190734863,15.3100004196167,4.0
00-0038979,2025,17,WR,Cedric Tillman,CLE,xgb,5.164000034332275,0.0,13.26200008392334,5.2
00-0038994,2025,17,WR,Jordan Addison,MIN,xgb,8.130999565124512,1.524999976158142,16.229999542236328,12.5
00-0038997,2025,17,WR,Josh Downs,IND,xgb,7.630000114440918,1.0230000019073486,15.727999687194824,5.4
00-0039062,2025,17,WR,Jonathan Mingo,DAL,xgb,2.7899999618530273,0.0,10.887999534606934,0.0
00-0039064,2025,17,WR,Zay Flowers,BAL,xgb,10.229999542236328,3.622999906539917,18.327999114990234,13.0
00-0039075,2025,17,WR,Puka Nacua,LA,xgb,14.184000015258789,7.577000141143799,22.281999588012695,15.7
00-0039146,2025,17,WR,Jayden Reed,GB,xgb,9.262999534606934,2.6559998989105225,17.36199951171875,8.100000000000001
00-0039342,2025,17,WR,Xavier Legette,CAR,xgb,6.236999988555908,0.0,14.335000038146973,1.3
00-0039451,2025,17,WR,Isaiah Williams,NYJ,xgb,6.349999904632568,0.0,14.447999954223633,7.5
00-0039491,2025,17,WR,Jalen Coker,CAR,xgb,9.505999565124512,2.8989999294281006,17.604000091552734,3.6
00-0039521,2025,17,WR,Xavier Weaver,ARI,xgb,3.572999954223633,0.0,11.670999526977539,4.4
00-0039589,2025,17,WR,Kameron Johnson,TB,xgb,0.7639999985694885,0.0,8.862000465393066,0.0
00-0039751,2025,17,WR,Jordan Whittington,LA,xgb,4.166999816894531,0.0,12.265999794006348,0.0
00-0039849,2025,17,WR,Marvin Harrison Jr.,ARI,xgb,9.48900032043457,2.881999969482422,17.586999893188477,0.0
00-0039855,2025,17,WR,Jalen McMillan,TB,xgb,6.78000020980835,0.17299999296665192,14.878999710083008,18.4
00-0039868,2025,17,WR,Troy Franklin,DEN,xgb,12.239999771118164,5.633999824523926,20.339000701904297,5.7
00-0039880,2025,17,WR,Malik Washington,MIA,xgb,6.145999908447266,0.0,14.244000434875488,1.5
00-0039890,2025,17,WR,Adonai Mitchell,NYJ,xgb,8.821000099182129,2.2139999866485596,16.91900062561035,5.2
00-0039893,2025,17,WR,Brian Thomas Jr.,JAX,xgb,11.737000465393066,5.130000114440918,19.834999084472656,7.9
00-0039894,2025,17,WR,Xavier Worthy,KC,xgb,8.22599983215332,1.6200000047683716,16.325000762939453,0.1
00-0039915,2025,17,WR,Ladd McConkey,LAC,xgb,10.756999969482422,4.150000095367432,18.856000900268555,4.1
00-0039916,2025,17,WR,Ricky Pearsall,SF,xgb,8.222000122070312,1.6160000562667847,16.320999145507812,13.5
00-0039920,2025,17,WR,Malachi Corley,CLE,xgb,2.8949999809265137,0.0,10.994000434875488,1.4
00-0040024,2025,17,WR,Darius Cooper,PHI,xgb,3.0880000591278076,0.0,11.185999870300293,1.4
00-0040075,2025,17,WR,LaJohntay Wester,BAL,xgb,0.7789999842643738,0.0,8.876999855041504,0.0
00-0040124,2025,17,WR,Tetairoa McMillan,CAR,xgb,15.51200008392334,8.904999732971191,23.610000610351562,1.5
00-0040129,2025,17,WR,Emeka Egbuka,TB,xgb,14.059000015258789,7.452000141143799,22.158000946044922,5.0
00-0040130,2025,17,WR,Jayden Higgins,HOU,xgb,7.776000022888184,1.1690000295639038,15.875,16.8
00-0040131,2025,17,WR,Kyle Williams,NE,xgb,3.940000057220459,0.0,12.038000106811523,5.0
00-0040138,2025,17,WR,Jaylin Noel,HOU,xgb,2.615999937057495,0.0,10.71500015258789,14.600000000000001
00-0040170,2025,17,WR,Elic Ayomanor,TEN,xgb,7.020999908447266,0.414000004529953,15.119000434875488,13.7
00-0040184,2025,17,WR,KeAndre Lambert-Smith,LAC,xgb,2.75,0.0,10.848999977111816,0.0
00-0040218,2025,17,WR,Jimmy Horn Jr.,CAR,xgb,2.2309999465942383,0.0,10.329000473022461,2.9
00-0040237,2025,17,WR,Tez Johnson,TB,xgb,4.968999862670898,0.0,13.067000389099121,3.9000000000000004
00-0040259,2025,17,WR,Gage Larvadain,CLE,xgb,2.759000062942505,0.0,10.857999801635742,0.0
00-0040277,2025,17,WR,Jahdae Walker,CHI,xgb,4.068999767303467,0.0,12.168000221252441,5.0
00-0040311,2025,17,WR,Theo Wease Jr.,MIA,xgb,5.038000106811523,0.0,13.13700008392334,13.3
00-0040506,2025,17,WR,Myles Price,MIN,xgb,0.7789999842643738,0.0,8.876999855041504,0.0
00-0040534,2025,17,WR,Ke'Shawn Williams,CIN,xgb,0.8209999799728394,0.0,8.918999671936035,1.5
00-0040563,2025,17,WR,Efton Chism III,NE,xgb,0.8700000047683716,0.0,8.968000411987305,12.0
00-0040581,2025,17,WR,Dont'e Thornton Jr.,LV,xgb,2.924999952316284,0.0,11.02299976348877,3.2
00-0040582,2025,17,WR,Arian Smith,NYJ,xgb,3.1480000019073486,0.0,11.246000289916992,1.5
00-0040590,2025,17,WR,Konata Mumpfield,LA,xgb,5.394000053405762,0.0,13.493000030517578,3.0
00-0040667,2025,17,WR,Matthew Golden,GB,xgb,4.078000068664551,0.0,12.175999641418457,2.2
00-0040669,2025,17,WR,Isaac TeSlaa,DET,xgb,5.261000156402588,0.0,13.359000205993652,13.9
00-0040705,2025,17,WR,Chimere Dike,TEN,xgb,8.40999984741211,1.8040000200271606,16.509000778198242,10.2
00-0040727,2025,17,WR,Tre Harris,LAC,xgb,6.934000015258789,0.3269999921321869,15.031999588012695,2.5
00-0040735,2025,17,WR,Luther Burden III,CHI,xgb,11.08899974822998,4.48199987411499,19.187999725341797,27.8
00-0040782,2025,17,WR,Isaiah Bond,CLE,xgb,6.056000232696533,0.0,14.154999732971191,2.6
00-0030035,2025,18,WR,Adam Thielen,PIT,xgb,4.1570000648498535,0.0,12.255000114440918,7.3
00-0030279,2025,18,WR,Keenan Allen,LAC,xgb,12.232000350952148,5.625999927520752,20.33099937438965,10.6
00-0030564,2025,18,WR,DeAndre Hopkins,BAL,xgb,3.63100004196167,0.0,11.729999542236328,0.0
00-0031408,2025,18,WR,Mike Evans,TB,xgb,13.38700008392334,6.781000137329102,21.486000061035156,5.4
00-0031588,2025,18,WR,Stefon Diggs,NE,xgb,15.98900032043457,9.383000373840332,24.08799934387207,7.3
00-0032211,2025,18,WR,Tyler Lockett,LV,xgb,4.702000141143799,0.0,12.800000190734863,1.5
00-0032464,2025,18,WR,Kalif Raymond,DET,xgb,4.73799991607666,0.0,12.836000442504883,8.2
00-0032775,2025,18,WR,Demarcus Robinson,SF,xgb,5.051000118255615,0.0,13.14900016784668,5.4
00-0033307,2025,18,WR,Kendrick Bourne,SF,xgb,6.789999961853027,0.18299999833106995,14.888999938964844,0.0
00-0033375,2025,18,WR,Tim Patrick,JAX,xgb,3.5429999828338623,0.0,11.642000198364258,1.4
00-0033857,2025,18,WR,JuJu Smith-Schuster,KC,xgb,6.019999980926514,0.0,14.118000030517578,3.3
00-0033908,2025,18,WR,Cooper Kupp,SEA,xgb,6.105000019073486,0.0,14.20300006866455,4.9
00-0033921,2025,18,WR,Chris Godwin Jr.,TB,xgb,13.456999778747559,6.849999904632568,21.55500030517578,1.8
00-0034054,2025,18,WR,River Cracraft,WAS,xgb,2.2239999771118164,0.0,10.321999549865723,0.0
00-0034272,2025,18,WR,Marquez Valdes-Scantling,PIT,xgb,4.836999893188477,0.0,12.9350004196167,8.4
00-0034348,2025,18,WR,Courtland Sutton,DEN,xgb,13.76099967956543,7.1539998054504395,21.858999252319336,1.5
00-0034386,2025,18,WR,Justin Watson,HOU,xgb,3.7769999504089355,0.0,11.875,0.0
00-0034418,2025,18,WR,Cedrick Wilson Jr.,MIA,xgb,3.3269999027252197,0.0,11.425000190734863,0.0
00-0034775,2025,18,WR,Christian Kirk,HOU,xgb,6.9079999923706055,0.3009999990463257,15.005999565124512,0.7
00-0034827,2025,18,WR,DJ Moore,CHI,xgb,9.194000244140625,2.5869998931884766,17.29199981689453,2.1
00-0034860,2025,18,WR,Dante Pettis,NO,xgb,2.8889999389648438,0.0,10.98799991607666,11.0
00-0034928,2025,18,WR,Steven Sims,ARI,xgb,0.9449999928474426,0.0,9.043999671936035,0.0
00-0034960,2025,18,WR,Jakobi Meyers,JAX,xgb,12.20199966430664,5.59499979019165,20.301000595092773,9.4
00-0035021,2025,18,WR,Ashton Dulin,IND,xgb,0.7549999952316284,0.0,8.852999687194824,0.0
00-0035298,2025,18,WR,Scott Miller,PIT,xgb,5.195000171661377,0.0,13.293999671936035,2.9
00-0035359,2025,18,WR,David Sills,ATL,xgb,6.859000205993652,0.25200000405311584,14.956999778747559,2.1
00-0035535,2025,18,WR,Darius Slayton,NYG,xgb,5.8520002365112305,0.0,13.951000213623047,9.4
00-0035544,2025,18,WR,Tom Kennedy,DET,xgb,1.3860000371932983,0.0,9.484000205993652,0.0
00-0035602,2025,18,WR,Alex Bachman,LV,xgb,0.8190000057220459,0.0,8.916999816894531,0.0
00-0035645,2025,18,WR,Gunner Olszewski,NYG,xgb,3.1470000743865967,0.0,11.246000289916992,18.200000000000003
00-0035659,2025,18,WR,Terry McLaurin,WAS,xgb,11.465999603271484,4.859000205993652,19.565000534057617,9.7
00-0035662,2025,18,WR,Marquise Brown,KC,xgb,8.45300006866455,1.8459999561309814,16.552000045776367,9.4
00-0035719,2025,18,WR,Deebo Samuel Sr.,WAS,xgb,11.694000244140625,5.086999893188477,19.792999267578125,4.1
00-0036133,2025,18,WR,James Proche,TEN,xgb,3.5739998817443848,0.0,11.67300033569336,1.5
00-0036165,2025,18,WR,Isaiah Hodgins,NYG,xgb,5.2779998779296875,0.0,13.37600040435791,0.0
00-0036176,2025,18,WR,Mason Kinsey,TEN,xgb,2.5980000495910645,0.0,10.696000099182129,0.0
00-0036182,2025,18,WR,Nick Westbrook-Ikhine,MIA,xgb,2.5460000038146973,0.0,10.644000053405762,0.0
00-0036196,2025,18,WR,Gabe Davis,BUF,xgb,3.1600000858306885,0.0,11.258999824523926,15.100000000000001
00-0036252,2025,18,WR,Michael Pittman,IND,xgb,14.204999923706055,7.5980000495910645,22.30299949645996,3.1
00-0036259,2025,18,WR,Jauan Jennings,SF,xgb,13.343000411987305,6.736000061035156,21.44099998474121,7.5
00-0036309,2025,18,WR,Darnell Mooney,ATL,xgb,7.041999816894531,0.4350000023841858,15.140000343322754,5.0
00-0036322,2025,18,WR,Justin Jefferson,MIN,xgb,14.420000076293945,7.813000202178955,22.51799964904785,18.4
00-0036331,2025,18,WR,Devin Duvernay,CHI,xgb,1.8660000562667847,0.0,9.96500015258789,0.0
00-0036358,2025,18,WR,CeeDee Lamb,DAL,xgb,14.831999778747559,8.225000381469727,22.93000030517578,1.4
00-0036407,2025,18,WR,Jerry Jeudy,CLE,xgb,7.465000152587891,0.859000027179718,15.564000129699707,4.2
00-0036410,2025,18,WR,Tee Higgins,CIN,xgb,16.148000717163086,9.541000366210938,24.246000289916992,18.7
00-0036626,2025,18,WR,Dyami Brown,JAX,xgb,3.8940000534057617,0.0,11.991999626159668,1.8
00-0036849,2025,18,WR,Tutu Atwell,LA,xgb,4.196000099182129,0.0,12.293999671936035,2.9000000000000004
00-0036862,2025,18,WR,Ben Skowronek,PIT,xgb,0.7609999775886536,0.0,8.859999656677246,0.0
00-0036900,2025,18,WR,Ja'Marr Chase,CIN,xgb,19.054000854492188,12.446999549865723,27.152999877929688,23.6
00-0036912,2025,18,WR,DeVonta Smith,PHI,xgb,13.048999786376953,6.441999912261963,21.148000717163086,8.2
00-0036963,2025,18,WR,Amon-Ra St. Brown,DET,xgb,13.357999801635742,6.750999927520752,21.45599937438965,24.9
00-0036988,2025,18,WR,Josh Palmer,BUF,xgb,5.156000137329102,0.0,13.255000114440918,1.1
00-0037091,2025,18,WR,Bo Melton,GB,xgb,3.4260001182556152,0.0,11.524999618530273,0.0
00-0037098,2025,18,WR,Samori Toure,NO,xgb,2.371000051498413,0.0,10.468999862670898,1.3
00-0037132,2025,18,WR,Britain Covey,PHI,xgb,0.8579999804496765,0.0,8.956999778747559,4.0
00-0037231,2025,18,WR,Kevin Austin Jr.,NO,xgb,6.302999973297119,0.0,14.401000022888184,7.7
00-0037238,2025,18,WR,Drake London,ATL,xgb,19.746000289916992,13.138999938964844,27.8439998626709,17.8
00-0037240,2025,18,WR,Jameson Williams,DET,xgb,15.722000122070312,9.114999771118164,23.820999145507812,13.4
00-0037247,2025,18,WR,George Pickens,DAL,xgb,17.83099937438965,11.223999977111816,25.929000854492188,1.9
00-0037291,2025,18,WR,Jalen Nailor,MIN,xgb,4.6479997634887695,0.0,12.746000289916992,7.9
00-0037487,2025,18,WR,Deven Thompkins,ATL,xgb,0.9070000052452087,0.0,9.005000114440918,0.0
00-0037545,2025,18,WR,Rashid Shaheed,SEA,xgb,6.5,0.0,14.598999977111816,1.2
00-0037614,2025,18,WR,John Metchie III,NYJ,xgb,7.728000164031982,1.121000051498413,15.826000213623047,5.0
00-0037664,2025,18,WR,Alec Pierce,IND,xgb,8.029000282287598,1.4220000505447388,16.12700080871582,29.200000000000003
00-0037666,2025,18,WR,Jalen Tolbert,DAL,xgb,6.3470001220703125,0.0,14.444999694824219,0.0
00-0037741,2025,18,WR,Jahan Dotson,PHI,xgb,3.121999979019165,0.0,11.220000267028809,7.0
00-0037742,2025,18,WR,Treylon Burks,WAS,xgb,3.819999933242798,0.0,11.918000221252441,3.2
00-0037801,2025,18,WR,KaVontae Turpin,DAL,xgb,8.095000267028809,1.4880000352859497,16.19300079345703,0.7000000000000001
00-0037837,2025,18,WR,Calvin Austin III,PIT,xgb,4.669000148773193,0.0,12.767000198364258,14.5
00-0038090,2025,18,WR,Skyy Moore,SF,xgb,0.796999990940094,0.0,8.895999908447266,0.0
00-0038359,2025,18,WR,Xavier Smith,LA,xgb,7.888000011444092,1.281000018119812,15.987000465393066,1.6
00-0038543,2025,18,WR,Jaxon Smith-Njigba,SEA,xgb,14.920999526977539,8.314000129699707,23.018999099731445,14.4
00-0038559,2025,18,WR,Michael Wilson,ARI,xgb,12.161999702453613,5.554999828338623,20.260000228881836,20.9
00-0038563,2025,18,WR,Tre Tucker,LV,xgb,9.916000366210938,3.309000015258789,18.013999938964844,5.4
00-0038573,2025,18,WR,Derius Davis,LAC,xgb,0.8209999799728394,0.0,8.918999671936035,1.7000000000000002
00-0038606,2025,18,WR,Parker Washington,JAX,xgb,9.807999610900879,3.2009999752044678,17.9060001373291,19.700000000000003
00-0038608,2025,18,WR,Kayshon Boutte,NE,xgb,8.74899959564209,2.1419999599456787,16.847000122070312,4.4
00-0038618,2025,18,WR,Xavier Hutchinson,HOU,xgb,5.828000068664551,0.0,13.925999641418457,13.4
00-0038619,2025,18,WR,Andrei Iosivas,CIN,xgb,7.330999851226807,0.7239999771118164,15.430000305175781,3.0
00-0038621,2025,18,WR,DeMario Douglas,NE,xgb,6.421999931335449,0.0,14.520999908447266,4.9
00-0038640,2025,18,WR,Jalen Brooks,ARI,xgb,1.9259999990463257,0.0,10.024999618530273,0.0
00-0038647,2025,18,WR,Ronnie Bell,NO,xgb,0.9990000128746033,0.0,9.097999572753906,10.3
00-0038840,2025,18,WR,Brycen Tremayne,CAR,xgb,2.3350000381469727,0.0,10.432999610900879,4.7
00-0038891,2025,18,WR,Shedrick Jackson,LV,xgb,5.697999954223633,0.0,13.795999526977539,2.4000000000000004
00-0038953,2025,18,WR,Dylan Drummond,ATL,xgb,2.8239998817443848,0.0,10.92199993133545,0.0
00-0038976,2025,18,WR,Marvin Mims Jr.,DEN,xgb,6.125,0.0,14.223999977111816,3.0
00-0038979,2025,18,WR,Cedric Tillman,CLE,xgb,6.258999824523926,0.0,14.357000350952148,3.3000000000000003
00-0038994,2025,18,WR,Jordan Addison,MIN,xgb,8.642000198364258,2.0350000858306885,16.739999771118164,1.8
00-0038997,2025,18,WR,Josh Downs,IND,xgb,8.72700023651123,2.119999885559082,16.825000762939453,9.600000000000001
00-0039062,2025,18,WR,Jonathan Mingo,DAL,xgb,2.6589999198913574,0.0,10.758000373840332,0.0
00-0039064,2025,18,WR,Zay Flowers,BAL,xgb,14.152000427246094,7.545000076293945,22.25,29.8
00-0039075,2025,18,WR,Puka Nacua,LA,xgb,24.594999313354492,17.988000869750977,32.69300079345703,26.0
00-0039342,2025,18,WR,Xavier Legette,CAR,xgb,5.9019999504089355,0.0,14.00100040435791,5.2
00-0039410,2025,18,WR,Ryan Flournoy,DAL,xgb,8.149999618530273,1.5429999828338623,16.24799919128418,11.8
00-0039451,2025,18,WR,Isaiah Williams,NYJ,xgb,6.061999797821045,0.0,14.15999984741211,7.4
00-0039491,2025,18,WR,Jalen Coker,CAR,xgb,8.288000106811523,1.6820000410079956,16.386999130249023,16.7
00-0039589,2025,18,WR,Kameron Johnson,TB,xgb,0.7639999985694885,0.0,8.862000465393066,0.0
00-0039751,2025,18,WR,Jordan Whittington,LA,xgb,1.0770000219345093,0.0,9.175999641418457,0.0
00-0039792,2025,18,WR,Devontez Walker,BAL,xgb,2.374000072479248,0.0,10.472000122070312,12.600000000000001
00-0039855,2025,18,WR,Jalen McMillan,TB,xgb,7.888999938964844,1.281999945640564,15.98799991607666,2.1
00-0039868,2025,18,WR,Troy Franklin,DEN,xgb,13.890000343322754,7.2829999923706055,21.988000869750977,0.0
00-0039880,2025,18,WR,Malik Washington,MIA,xgb,5.421000003814697,0.0,13.519000053405762,11.8
00-0039884,2025,18,WR,Tahj Washington,MIA,xgb,4.382999897003174,0.0,12.482000350952148,4.6
00-0039890,2025,18,WR,Adonai Mitchell,NYJ,xgb,11.005999565124512,4.39900016784668,19.104000091552734,0.0
00-0039893,2025,18,WR,Brian Thomas Jr.,JAX,xgb,9.97700023651123,3.369999885559082,18.075000762939453,7.9
00-0039901,2025,18,WR,Keon Coleman,BUF,xgb,8.102999687194824,1.496000051498413,16.201000213623047,8.9
00-0039920,2025,18,WR,Malachi Corley,CLE,xgb,2.510999917984009,0.0,10.609000205993652,5.800000000000001
00-0040024,2025,18,WR,Darius Cooper,PHI,xgb,2.9779999256134033,0.0,11.076000213623047,6.300000000000001
00-0040075,2025,18,WR,LaJohntay Wester,BAL,xgb,0.7789999842643738,0.0,8.876999855041504,0.0
00-0040124,2025,18,WR,Tetairoa McMillan,CAR,xgb,12.206999778747559,5.599999904632568,20.30500030517578,12.5
00-0040129,2025,18,WR,Emeka Egbuka,TB,xgb,12.604000091552734,5.997000217437744,20.70199966430664,1.8
00-0040130,2025,18,WR,Jayden Higgins,HOU,xgb,7.388999938964844,0.7820000052452087,15.487000465393066,10.3
00-0040131,2025,18,WR,Kyle Williams,NE,xgb,3.430000066757202,0.0,11.529000282287598,0.5
00-0040134,2025,18,WR,Pat Bryant,DEN,xgb,8.864999771118164,2.257999897003174,16.964000701904297,7.1
00-0040138,2025,18,WR,Jaylin Noel,HOU,xgb,5.065000057220459,0.0,13.163000106811523,2.3
00-0040154,2025,18,WR,Tai Felton,MIN,xgb,1.7239999771118164,0.0,9.821999549865723,0.0
00-0040170,2025,18,WR,Elic Ayomanor,TEN,xgb,10.385000228881836,3.7780001163482666,18.483999252319336,8.0
00-0040184,2025,18,WR,KeAndre Lambert-Smith,LAC,xgb,2.5230000019073486,0.0,10.621999740600586,4.4
00-0040218,2025,18,WR,Jimmy Horn Jr.,CAR,xgb,3.2730000019073486,0.0,11.371000289916992,2.5
00-0040237,2025,18,WR,Tez Johnson,TB,xgb,6.803999900817871,0.19699999690055847,14.902000427246094,3.2
00-0040259,2025,18,WR,Gage Larvadain,CLE,xgb,2.799999952316284,0.0,10.89900016784668,0.0
00-0040277,2025,18,WR,Jahdae Walker,CHI,xgb,3.8329999446868896,0.0,11.930999755859375,11.6
00-0040311,2025,18,WR,Theo Wease Jr.,MIA,xgb,7.525000095367432,0.9179999828338623,15.62399959564209,7.4
00-0040431,2025,18,WR,Dalen Cambre,NYG,xgb,0.9449999928474426,0.0,9.043999671936035,0.0
00-0040534,2025,18,WR,Ke'Shawn Williams,CIN,xgb,1.809999942779541,0.0,9.907999992370605,0.9
00-0040563,2025,18,WR,Efton Chism III,NE,xgb,3.6070001125335693,0.0,11.706000328063965,4.5
00-0040581,2025,18,WR,Dont'e Thornton Jr.,LV,xgb,4.313000202178955,0.0,12.41100025177002,0.0
00-0040582,2025,18,WR,Arian Smith,NYJ,xgb,2.934000015258789,0.0,11.031999588012695,0.2
00-0040590,2025,18,WR,Konata Mumpfield,LA,xgb,5.86899995803833,0.0,13.968000411987305,0.0
00-0040646,2025,18,WR,Jalen Royals,KC,xgb,0.9449999928474426,0.0,9.043999671936035,2.4
00-0040667,2025,18,WR,Matthew Golden,GB,xgb,4.936999797821045,0.0,13.03600025177002,1.8
00-0040669,2025,18,WR,Isaac TeSlaa,DET,xgb,4.5320000648498535,0.0,12.630000114440918,2.8
00-0040705,2025,18,WR,Chimere Dike,TEN,xgb,7.616000175476074,1.0089999437332153,15.71399974822998,5.7
00-0040727,2025,18,WR,Tre Harris,LAC,xgb,6.72599983215332,0.11900000274181366,14.824000358581543,4.800000000000001
00-0040729,2025,18,WR,Jack Bech,LV,xgb,6.063000202178955,0.0,14.16100025177002,0.0
00-0040735,2025,18,WR,Luther Burden III,CHI,xgb,10.79699993133545,4.190000057220459,18.895000457763672,7.5
00-0040782,2025,18,WR,Isaiah Bond,CLE,xgb,5.406000137329102,0.0,13.505000114440918,2.7
